loan_id,account_id,client_id,loan_date,status,target_expanded,feat_loan_amount,feat_duration_months,feat_monthly_payment,feat_payment_to_amount_ratio,feat_account_age_days,feat_client_age_years,feat_client_is_female,feat_district_salary,feat_district_unemployment,feat_district_crimes,feat_district_entrepreneurs,feat_had_pre_loan_overdraft,feat_pre_loan_tx_count,feat_w90_trans_count,feat_w90_inflow_total,feat_w90_outflow_total,feat_w90_net_cash_flow,feat_w90_outflow_to_inflow_ratio,feat_w90_cash_withdrawal_amount,feat_w90_cash_withdrawal_ratio,feat_w90_balance_mean,feat_w90_balance_min,feat_w90_balance_slope,feat_w90_had_negative_balance,feat_w90_had_sanction_interest,feat_w90_min_bal_to_payment_ratio
5314,1787,2166,1993-07-05,B,1,96396.0,12.0,8033.0,0.08333333333333333,105.0,45.95482546201232,1.0,9650.0,3.38,2985.0,100.0,0.0,4.0,7.0,42703.0,32300.0,10403.0,0.7563694267515924,32300.0,0.9999690412061546,40252.48571428571,30312.4,-340.89529694473055,0.0,0.0,3.7734843769451016
5316,1801,2181,1993-07-11,A,0,165960.0,36.0,4610.0,0.027777777777777776,148.0,24.969199178644764,0.0,8369.0,1.79,2854.0,117.0,0.0,37.0,27.0,130583.1,140454.80000000002,-9871.700000000012,1.075588835087886,100998.79999999999,0.7190788846028429,57942.003703703704,32731.9,-30.20301481442034,0.0,0.0,7.100195227765727
6863,9188,11314,1993-07-28,A,0,127080.0,60.0,2118.0,0.016666666666666666,170.0,57.152635181382614,0.0,8390.0,2.28,2080.0,132.0,0.0,24.0,27.0,40771.600000000006,35017.700000000004,5753.9000000000015,0.8588537400116745,3243.7999999999997,0.09263050884241845,25286.770370370374,20393.4,78.51227541805301,0.0,0.0,9.628611898016997
5325,1843,2235,1993-08-03,A,0,105804.0,36.0,2939.0,0.027777777777777776,185.0,53.28678986995209,1.0,8754.0,3.83,3804.0,137.0,0.0,25.0,19.0,54852.399999999994,57134.899999999994,-2282.5,1.041592681584004,27336.799999999996,0.4784522515616276,31695.54736842106,19799.1,40.105734597156435,0.0,0.0,6.736679142565498
7240,11013,13539,1993-09-06,A,0,274740.0,60.0,4579.0,0.016666666666666666,204.0,14.99794661190965,0.0,12541.0,0.29,85677.0,167.0,0.0,27.0,23.0,127527.50000000001,96392.0,31135.500000000015,0.7558467322990546,51890.0,0.5383170977145644,60079.50434782609,31777.9,211.67238175826662,0.0,0.0,6.939921380214021
6687,8261,10200,1993-09-13,A,0,87840.0,24.0,3660.0,0.041666666666666664,124.0,13.574264202600958,1.0,8598.0,2.77,1597.0,123.0,0.0,17.0,32.0,67452.6,93672.20000000001,-26219.600000000006,1.3886908927025392,67927.79999999999,0.7251572488182317,39333.76875,17628.0,-483.78367051309493,0.0,0.0,4.81639344262295
7284,11265,13845,1993-09-15,A,0,52788.0,12.0,4399.0,0.08333333333333333,244.0,20.577686516084874,0.0,9045.0,3.13,1845.0,124.0,0.0,43.0,22.0,30308.3,29679.8,628.5,0.97923079714807,7143.800000000001,0.24068758254494493,22369.05909090909,16829.0,68.25555152625041,0.0,0.0,3.825642191407138
6111,5428,6551,1993-09-24,B,1,174744.0,24.0,7281.0,0.041666666666666664,163.0,45.1170431211499,1.0,8991.0,1.39,5198.0,128.0,0.0,32.0,18.0,33417.7,62987.700000000004,-29570.000000000007,1.884804016912687,41143.8,0.6531933505533533,37716.95,19844.5,-108.73750122825983,0.0,0.0,2.7255184727372614
7235,10973,13490,1993-10-13,A,0,154416.0,48.0,3217.0,0.020833333333333332,176.0,24.386036960985628,1.0,8968.0,2.83,1740.0,131.0,0.0,32.0,31.0,257230.30000000002,247062.4,10167.900000000023,0.9604678746326749,240629.0,0.9739564824251589,86038.99677419358,37402.7,403.360257374099,0.0,0.0,11.626577556729872
5997,4894,5911,1993-11-04,A,0,117024.0,24.0,4876.0,0.041666666666666664,137.0,58.08898015058179,0.0,10045.0,1.42,6604.0,135.0,0.0,13.0,22.0,102972.2,135669.2,-32697.000000000015,1.3175195099307395,121041.8,0.8921767639466883,43884.027272727275,19584.4,-538.5789816807687,0.0,0.0,4.016488925348646
7121,10364,12754,1993-11-10,A,0,21924.0,36.0,609.0,0.027777777777777776,297.0,33.223819301848046,0.0,8743.0,1.88,3659.0,111.0,0.0,45.0,27.0,51144.1,64836.799999999996,-13692.699999999997,1.2677030644186833,44223.799999999996,0.6820681762798861,35216.55925925925,20790.1,-149.86645734349875,0.0,0.0,34.13809523809523
6077,5270,6367,1993-11-22,A,0,79608.0,24.0,3317.0,0.041666666666666664,313.0,23.57015742642026,0.0,8254.0,2.79,2166.0,97.0,0.0,53.0,27.0,159347.8,190621.80000000002,-31274.00000000003,1.1962550078820802,180670.8,0.9477921843557012,60098.16296296297,24909.0,-734.0896329979798,0.0,0.0,7.509496533011758
6228,6034,7291,1993-12-01,B,1,464520.0,60.0,7742.0,0.016666666666666666,257.0,52.99657768651608,1.0,8546.0,2.95,2640.0,126.0,0.0,68.0,24.0,73845.0,130607.40000000001,-56762.40000000001,1.7686455596782495,107382.0,0.8221676400599042,45520.020833333336,11226.2,-871.2712703783451,0.0,0.0,1.4500387496770861
6356,6701,8091,1993-12-08,A,0,95400.0,36.0,2650.0,0.027777777777777776,268.0,22.82546201232033,0.0,8208.0,1.89,1660.0,155.0,0.0,47.0,20.0,46600.3,72709.6,-26109.300000000003,1.5602483192528964,64759.0,0.8906404293184211,19067.309999999998,1528.0,-260.73095476025134,0.0,0.0,0.5766037735849057
5523,2705,3264,1993-12-08,A,0,93888.0,36.0,2608.0,0.027777777777777776,156.0,43.134839151266256,1.0,8288.0,3.79,1562.0,110.0,0.0,19.0,21.0,59015.600000000006,68836.59999999999,-9820.999999999985,1.1663938620659269,28843.0,0.41900066242867273,24211.433333333334,10060.7,-143.99433841682867,0.0,0.0,3.85763036809816
6456,7123,8598,1993-12-09,A,0,47016.0,12.0,3918.0,0.08333333333333333,239.0,35.93976728268309,1.0,9624.0,1.6,4484.0,145.0,0.0,42.0,36.0,279507.0,261197.6,18309.399999999994,0.9344906049200739,205700.0,0.7875233634483493,77316.49722222224,38485.8,197.39221382765433,0.0,0.0,9.822817764165391
7104,10320,12695,1993-12-13,A,0,259740.0,60.0,4329.0,0.016666666666666666,155.0,14.746064339493497,0.0,9893.0,4.09,5623.0,96.0,0.0,17.0,26.0,80267.5,108872.2,-28604.699999999997,1.3563502494751989,58643.799999999996,0.5386431187840534,38318.57307692307,19705.2,-195.48657654842467,0.0,0.0,4.551905751905752
6820,9034,11126,1993-12-16,A,0,38148.0,12.0,3179.0,0.08333333333333333,171.0,28.89801505817933,1.0,12541.0,0.29,85677.0,167.0,0.0,29.0,29.0,66218.4,80779.8,-14561.400000000009,1.2198811828557796,27943.8,0.3459213080335921,30294.741379310348,20475.4,-65.31409796720001,0.0,0.0,6.44083044982699
6876,9236,11372,1993-12-21,A,0,86616.0,12.0,7218.0,0.08333333333333333,125.0,32.2299794661191,0.0,9622.0,0.45,3475.0,154.0,0.0,15.0,28.0,41284.3,56872.2,-15587.899999999994,1.3775411587175095,23949.199999999997,0.4210981622275518,25918.171428571433,15012.7,-193.86400438128848,0.0,0.0,2.0798974785259077
7097,10266,12625,1993-12-23,B,1,75624.0,24.0,3151.0,0.041666666666666664,196.0,35.044490075290895,0.0,9897.0,1.6,18721.0,140.0,0.0,23.0,21.0,17093.7,54916.3,-37822.600000000006,3.212475211615296,45462.4,0.8278338519919952,11380.866666666667,-2325.3,-439.2120886151179,1.0,1.0,-0.7379562043795621
4959,2,2,1994-01-05,A,0,80952.0,24.0,3373.0,0.041666666666666664,313.0,48.917180013689254,0.0,12541.0,0.29,85677.0,167.0,0.0,54.0,23.0,61060.799999999996,65125.9,-4065.100000000006,1.066557160123023,25943.8,0.39835766787610033,28117.15652173913,12772.7,7.753596920992427,0.0,0.0,3.786747702342129
6499,7401,9173,1994-01-05,A,0,80952.0,24.0,3373.0,0.041666666666666664,313.0,48.917180013689254,0.0,12541.0,0.29,85677.0,167.0,0.0,54.0,23.0,61072.1,65125.9,-4053.800000000003,1.0663598212633714,25943.8,0.39835766787610033,29030.139130434785,13685.0,7.892009896810056,0.0,0.0,4.057219092795731
5479,2486,3001,1994-01-10,A,0,24516.0,12.0,2043.0,0.08333333333333333,317.0,35.26078028747433,0.0,12541.0,0.29,85677.0,167.0,0.0,73.0,24.0,83925.7,122831.80000000002,-38906.10000000002,1.4635604640716247,116702.80000000002,0.9500947629623357,46140.145833333336,3209.7,-774.9804824881429,0.0,0.0,1.571071953010279
5170,1071,1286,1994-01-20,C,0,253200.0,60.0,4220.0,0.016666666666666666,255.0,43.85763175906913,1.0,9893.0,4.09,5623.0,96.0,0.0,41.0,22.0,130478.2,193584.5,-63106.3,1.4836426035720636,180926.0,0.9346051228010362,58206.45000000002,18044.3,-749.9642891689872,0.0,0.0,4.275900473933649
6721,8475,10459,1994-01-21,A,0,21072.0,24.0,878.0,0.041666666666666664,135.0,29.451060917180012,1.0,9753.0,4.64,5244.0,109.0,0.0,15.0,24.0,20143.699999999997,28647.199999999997,-8503.5,1.4220713140428998,13029.2,0.4547999525275585,28223.170833333337,22363.5,-104.41200070140647,0.0,0.0,25.470956719817767
7259,11111,13657,1994-01-31,A,0,108144.0,36.0,3004.0,0.027777777777777776,256.0,30.72416153319644,1.0,12541.0,0.29,85677.0,167.0,0.0,55.0,18.0,40586.2,23279.9,17306.299999999996,0.5735773840028384,58.4,0.0025084940874278913,21195.077777777777,11395.1,142.5195362587263,0.0,0.0,3.793308921438083
5285,1603,1944,1994-02-06,A,0,78936.0,12.0,6578.0,0.08333333333333333,273.0,37.040383299110196,1.0,12541.0,0.29,85677.0,167.0,0.0,51.0,22.0,30522.4,31495.8,-973.3999999999978,1.0318575257015927,1123.7999999999997,0.03567981509232683,24205.45909090909,21132.4,-4.4036824147605955,0.0,0.0,3.2125874125874128
5189,1166,1404,1994-02-07,A,0,149040.0,48.0,3105.0,0.020833333333333332,292.0,25.13347022587269,1.0,9622.0,0.45,3475.0,154.0,0.0,54.0,18.0,56276.600000000006,40550.4,15726.200000000004,0.7205424538359845,18043.8,0.44496120972395525,36514.71111111111,28562.4,85.03782466019055,0.0,0.0,9.198840579710145
6650,8073,9973,1994-02-17,B,1,49320.0,12.0,4110.0,0.08333333333333333,167.0,48.375085557837096,1.0,8991.0,1.39,5198.0,128.0,0.0,49.0,21.0,39153.7,54420.1,-15266.400000000001,1.3898740125706492,5304.1,0.09746403508933117,8963.471428571427,-3067.6,-32.49182414104884,1.0,1.0,-0.7463746958637469
7226,10940,13447,1994-02-23,A,0,197748.0,36.0,5493.0,0.027777777777777776,163.0,23.805612594113622,1.0,8187.0,4.83,2123.0,94.0,0.0,16.0,19.0,72938.3,83373.79999999999,-10435.499999999985,1.1430573092969083,44343.799999999996,0.5318609459932737,38540.96315789473,25508.1,-82.3072160532607,0.0,0.0,4.643746586564719
6087,5313,6417,1994-02-27,C,0,300660.0,60.0,5011.0,0.016666666666666666,304.0,44.139630390143736,0.0,9317.0,6.49,6949.0,97.0,0.0,66.0,28.0,107620.0,88225.4,19394.600000000006,0.819778667732134,49443.799999999996,0.560419556958008,45227.00714285713,29681.3,200.200997343988,0.0,0.0,5.923228896427859
7262,11135,13687,1994-03-01,A,0,182628.0,36.0,5073.0,0.027777777777777776,142.0,34.77344284736482,0.0,8819.0,5.38,4063.0,99.0,0.0,13.0,16.0,46704.5,62576.2,-15871.699999999997,1.3398036633801158,40829.2,0.6524612798271575,36011.131250000006,24893.2,-237.22012891730427,0.0,0.0,4.9069978316577965
5519,2694,3251,1994-03-08,A,0,91632.0,12.0,7636.0,0.08333333333333333,365.0,31.19233401779603,1.0,9920.0,2.26,4289.0,130.0,0.0,70.0,19.0,53238.4,51727.799999999996,1510.6000000000058,0.9716074936982759,18223.800000000003,0.35229504647314464,40176.563157894736,31115.3,-90.02713267352453,0.0,0.0,4.0748166579360925
6577,7753,9593,1994-03-11,A,0,51696.0,24.0,2154.0,0.041666666666666664,396.0,26.116358658453116,1.0,10673.0,4.75,18782.0,100.0,0.0,102.0,12.0,411.9,13005.2,-12593.300000000001,31.4972148219908,6543.800000000001,0.5031292768064463,30409.800000000003,25512.4,-159.11114275892552,0.0,0.0,11.844196843082637
6509,7445,9226,1994-03-15,A,0,55368.0,24.0,2307.0,0.041666666666666664,362.0,54.220396988364136,1.0,9624.0,1.6,4484.0,145.0,0.0,98.0,19.0,35534.600000000006,26987.2,8547.400000000005,0.759441236393926,20066.8,0.7435397692324793,20872.542105263157,11974.4,-94.66930484000284,0.0,0.0,5.190463805808409
6520,7485,9273,1994-03-16,A,0,91200.0,24.0,3800.0,0.041666666666666664,231.0,38.554414784394254,1.0,10446.0,7.34,4947.0,90.0,0.0,36.0,20.0,80152.29999999999,64119.200000000004,16033.099999999984,0.7999570822411556,21882.800000000003,0.34127778765506034,26164.31,12129.1,49.20677229388671,0.0,0.0,3.191868421052632
6699,8330,10287,1994-03-30,A,0,7656.0,24.0,319.0,0.041666666666666664,367.0,31.57015742642026,1.0,9060.0,1.78,1655.0,124.0,0.0,81.0,23.0,74808.5,68064.79999999999,6743.700000000012,0.9098416644944824,55983.8,0.8224952913210454,48115.19565217393,36527.1,111.15569060803686,0.0,0.0,114.50501567398119
6336,6555,7914,1994-03-31,A,0,212400.0,36.0,5900.0,0.027777777777777776,391.0,27.433264887063654,1.0,8965.0,7.08,2653.0,104.0,0.0,71.0,16.0,86184.70000000001,97288.0,-11103.299999999988,1.1288183538568461,79588.0,0.8180575399068754,55524.368749999994,29133.9,-91.73737827145463,0.0,0.0,4.937949152542373
7055,10079,12396,1994-04-06,C,0,167100.0,60.0,2785.0,0.016666666666666666,335.0,24.216290212183434,1.0,8544.0,1.29,2719.0,109.0,0.0,79.0,27.0,214078.2,197697.2,16381.0,0.9234769188225666,189342.80000000002,0.9577365904191338,71748.53703703704,22487.1,341.43237618632054,0.0,0.0,8.07436265709156
6103,5385,6499,1994-04-07,C,0,149340.0,60.0,2489.0,0.016666666666666666,321.0,31.17864476386037,0.0,8254.0,2.79,2166.0,97.0,0.0,56.0,18.0,52626.6,43631.9,8994.699999999997,0.8290687775995865,9902.0,0.22693884660428254,32706.238888888893,22878.5,17.570600093880437,0.0,0.0,9.191844114102048
6202,5891,7127,1994-04-18,A,0,65184.0,12.0,5432.0,0.08333333333333333,448.0,36.550308008213555,0.0,9897.0,1.6,18721.0,140.0,0.0,82.0,18.0,114731.8,102126.70000000001,12605.099999999991,0.8901264503263235,85829.8,0.8404164590018183,58703.88888888889,30562.5,236.3461447630096,0.0,0.0,5.626380706921944
7066,10131,12464,1994-05-02,B,1,215388.0,36.0,5983.0,0.027777777777777776,156.0,34.37371663244353,0.0,12541.0,0.29,85677.0,167.0,0.0,15.0,8.0,22081.1,22500.0,-418.90000000000146,1.0189248305188365,22500.0,0.9999555575307764,35454.024999999994,28162.8,-8.20544066074531,0.0,0.0,4.707136887848905
6696,8321,10275,1994-05-09,C,0,89040.0,60.0,1484.0,0.016666666666666666,392.0,24.28473648186174,1.0,8909.0,4.01,3460.0,113.0,0.0,87.0,22.0,37624.50000000001,39198.799999999996,-1574.2999999999884,1.0418147267145947,13623.800000000001,0.347547691569855,28673.54545454546,19990.9,20.939191173576464,0.0,0.0,13.470956873315364
6072,5256,6349,1994-05-10,A,0,193968.0,36.0,5388.0,0.027777777777777776,197.0,21.43189596167009,0.0,8994.0,3.8,9672.0,110.0,0.0,29.0,29.0,224135.5,196161.5,27974.0,0.8751876646597051,179996.0,0.9175861849232142,69869.62413793102,32308.0,-41.79603450899467,0.0,0.0,5.996288047512992
5130,813,976,1994-05-11,A,0,24312.0,12.0,2026.0,0.08333333333333333,455.0,38.47501711156742,1.0,8427.0,1.12,1874.0,107.0,0.0,78.0,18.0,45365.0,49038.9,-3673.9000000000015,1.0809615130273773,42961.8,0.8760580670025836,35253.316666666666,24788.2,-14.403714412811391,0.0,0.0,12.235044422507404
5568,2933,3542,1994-05-17,C,0,272520.0,60.0,4542.0,0.016666666666666666,333.0,54.704996577686515,0.0,10124.0,0.56,3810.0,141.0,0.0,84.0,15.0,26142.5,31390.800000000003,-5248.300000000003,1.2007114579149694,43.8,0.0013952688281653168,24525.02,14919.8,-21.944694887300717,0.0,0.0,3.284852487890797
6678,8173,10095,1994-05-20,A,0,80340.0,12.0,6695.0,0.08333333333333333,319.0,18.28336755646817,1.0,9622.0,0.45,3475.0,154.0,0.0,52.0,19.0,143875.1,157741.80000000002,-13866.700000000012,1.0963725038418473,137656.8,0.8726661375352788,72862.99999999999,45005.8,-138.33122394187131,0.0,0.0,6.722300224047797
6998,9833,12102,1994-05-21,A,0,97632.0,12.0,8136.0,0.08333333333333333,301.0,25.700205338809035,1.0,8547.0,2.65,1563.0,120.0,0.0,65.0,25.0,171460.3,169730.8,1729.5,0.989907343522999,107984.8,0.63620841822216,59281.27200000001,27361.9,-259.455286021918,0.0,0.0,3.363065388397247
6580,7769,9611,1994-05-22,A,0,196080.0,48.0,4085.0,0.020833333333333332,231.0,35.98631074606434,0.0,8624.0,1.79,2879.0,102.0,0.0,47.0,30.0,267997.5,300023.80000000005,-32026.300000000047,1.1194980568921096,287768.8,0.9591500435963959,80831.59333333332,26193.7,-282.7112836256018,0.0,0.0,6.412166462668299
6316,6473,7815,1994-05-26,B,1,76908.0,12.0,6409.0,0.08333333333333333,485.0,48.34770704996578,1.0,8754.0,3.83,3804.0,137.0,0.0,102.0,18.0,104319.40000000001,109529.4,-5209.999999999985,1.0499327073132387,96711.79999999999,0.8829676509900447,40574.038888888885,-32.6,277.1165412491858,1.0,0.0,-0.00508659697300671
6512,7454,9236,1994-05-26,A,0,63312.0,48.0,1319.0,0.020833333333333332,402.0,38.050650239561946,1.0,9753.0,4.64,5244.0,109.0,0.0,82.0,23.0,14917.399999999998,20931.800000000003,-6014.400000000005,1.4030861218361221,8643.8,0.4129309026981578,26159.556521739127,20963.0,-80.88121538152657,0.0,0.0,15.893100833965125
6407,6930,8366,1994-05-26,A,0,25944.0,24.0,1081.0,0.041666666666666664,260.0,34.012320328542096,1.0,9832.0,3.32,6445.0,114.0,0.0,37.0,17.0,85512.0,88326.8,-2814.800000000003,1.032904938430414,85083.79999999999,0.9632731710741124,63626.3411764706,39916.1,-135.32766240713224,0.0,0.0,36.925161887141535
5002,173,210,1994-05-31,A,0,104808.0,12.0,8734.0,0.08333333333333333,186.0,54.49965776865161,0.0,8512.0,3.51,2247.0,102.0,0.0,30.0,27.0,60996.5,63869.8,-2873.300000000003,1.0470888151153737,11843.800000000001,0.18543371932087904,33940.88888888889,25142.0,-110.163515744976,0.0,0.0,2.8786352186855964
6647,8051,9945,1994-06-01,A,0,208320.0,48.0,4340.0,0.020833333333333332,479.0,26.130047912388775,1.0,12541.0,0.29,85677.0,167.0,0.0,85.0,19.0,91565.3,101206.0,-9640.699999999997,1.1052756308816671,88186.0,0.8713428913019851,47873.473684210534,33033.5,-137.56207917660925,0.0,0.0,7.611405529953917
7137,10439,12843,1994-06-03,A,0,151560.0,24.0,6315.0,0.041666666666666664,194.0,41.07871321013005,0.0,8512.0,3.51,2247.0,102.0,0.0,28.0,19.0,133183.5,107140.80000000002,26042.699999999983,0.8044539717459616,57793.799999999996,0.5394141222193392,45177.56842105263,11189.2,112.22723887355373,0.0,0.0,1.7718448139350753
6903,9337,11497,1994-06-04,A,0,52128.0,24.0,2172.0,0.041666666666666664,264.0,34.8829568788501,1.0,9650.0,3.38,2985.0,100.0,0.0,71.0,19.0,1136.1999999999998,36305.799999999996,-35169.6,31.925606753429477,29789.799999999996,0.8205019445393149,30956.531578947368,23408.6,-247.51597596672318,0.0,0.0,10.77744014732965
5918,4576,5517,1994-06-04,A,0,300204.0,36.0,8339.0,0.027777777777777776,364.0,30.2258726899384,0.0,8561.0,0.65,1029.0,110.0,0.0,71.0,20.0,66673.59999999999,64420.799999999996,2252.7999999999956,0.966197022554316,39403.799999999996,0.6116531981410019,39792.049999999996,29319.0,-142.69560938083336,0.0,0.0,3.515889195347164
6642,8027,9915,1994-06-05,A,0,77640.0,12.0,6470.0,0.08333333333333333,333.0,26.90485968514716,0.0,8254.0,2.79,2166.0,97.0,0.0,60.0,18.0,136853.5,109310.09999999999,27543.40000000001,0.7987322302153016,89901.0,0.8224324885578866,76158.63333333333,51522.3,-99.71214315070657,0.0,0.0,7.963261205564143
6210,5927,7166,1994-06-06,B,1,87216.0,48.0,1817.0,0.020833333333333332,192.0,30.064339493497606,0.0,9045.0,3.13,1845.0,124.0,0.0,33.0,22.0,38830.4,32991.7,5838.700000000004,0.8496139721977574,27539.8,0.8347240450160187,27825.886363636368,16091.3,33.24907029678255,0.0,0.0,8.855971381397909
6279,6273,7576,1994-06-07,A,0,87360.0,24.0,3640.0,0.041666666666666664,321.0,31.90965092402464,0.0,8965.0,7.08,2653.0,104.0,0.0,30.0,14.0,37220.899999999994,30262.299999999996,6958.5999999999985,0.8130240530440412,19343.8,0.6391834333995302,36756.81428571429,20675.4,249.5541725427678,0.0,0.0,5.680054945054946
7249,11065,13603,1994-06-12,A,0,69360.0,48.0,1445.0,0.020833333333333332,450.0,52.87337440109514,0.0,9622.0,0.45,3475.0,154.0,0.0,78.0,20.0,35984.600000000006,37078.799999999996,-1094.1999999999898,1.030378818193944,32743.8,0.8830630154423703,34134.490000000005,29767.8,-2.950605541115968,0.0,0.0,20.60055363321799
6736,8558,10555,1994-06-14,C,0,288360.0,60.0,4806.0,0.016666666666666666,107.0,58.496919917864474,0.0,12541.0,0.29,85677.0,167.0,0.0,10.0,25.0,159172.3,187132.5,-27960.20000000001,1.1756525748979259,172713.0,0.9229400401317776,44430.544,15490.1,-508.8305301876615,0.0,0.0,3.223075322513525
6112,5442,6567,1994-06-17,B,1,174744.0,24.0,7281.0,0.041666666666666664,452.0,15.570157426420261,1.0,9675.0,6.43,5323.0,100.0,1.0,118.0,23.0,45451.9,40920.0,4531.9000000000015,0.9002725898677532,47.7,0.001165660663229149,9945.217391304346,-4256.6,168.57174248440157,1.0,1.0,-0.5846174975964841
5319,1811,2195,1994-06-23,C,0,239460.0,60.0,3991.0,0.016666666666666666,274.0,51.775496235455165,1.0,9317.0,6.49,6949.0,97.0,0.0,46.0,22.0,72247.1,70469.2,1777.9000000000087,0.9753778992111902,25643.8,0.3638956608609029,30992.54545454546,17218.6,22.10857744740002,0.0,0.0,4.314357303933851
6596,7844,9702,1994-06-25,A,0,91584.0,24.0,3816.0,0.041666666666666664,211.0,42.60643394934976,1.0,12541.0,0.29,85677.0,167.0,0.0,31.0,18.0,96497.8,97724.8,-1227.0,1.012704821199849,86276.79999999999,0.8828456763720531,52107.62222222222,27794.0,-49.66957113507961,0.0,0.0,7.283542976939203
5837,4260,5134,1994-06-29,C,0,244560.0,60.0,4076.0,0.016666666666666666,258.0,26.94592744695414,1.0,8772.0,4.69,2854.0,126.0,0.0,42.0,18.0,73675.7,70688.29999999999,2987.4000000000087,0.9594390085332268,22443.800000000003,0.3174992537767386,31842.494444444445,21414.3,88.04197102919628,0.0,0.0,5.253753680078508
5657,3354,4056,1994-07-05,A,0,4980.0,12.0,415.0,0.08333333333333333,242.0,41.94113620807666,1.0,8288.0,3.79,1562.0,110.0,0.0,46.0,25.0,31718.899999999998,21087.8,10631.099999999999,0.6648129407721967,5643.800000000001,0.26762072759000044,28936.124,19307.3,97.22652551693797,0.0,0.0,46.52361445783132
5533,2762,3335,1994-07-05,A,0,111384.0,24.0,4641.0,0.041666666666666664,472.0,27.397672826830938,0.0,8402.0,3.13,999.0,120.0,0.0,152.0,33.0,332527.69999999995,329241.8,3285.899999999965,0.9901154396597949,292443.8,0.8882314207022902,82440.30606060605,40805.8,-493.2947809011417,0.0,0.0,8.792458521870287
6232,6051,7311,1994-07-08,B,1,276660.0,36.0,7685.0,0.027777777777777776,314.0,45.138945927446954,0.0,8772.0,4.69,2854.0,126.0,0.0,58.0,19.0,36486.0,38318.799999999996,-1832.7999999999956,1.050204182311508,15263.8,0.39832671360497707,18879.13684210527,9594.1,48.8835571545781,0.0,0.0,1.2484189980481457
6888,9265,11409,1994-07-11,A,0,39576.0,12.0,3298.0,0.08333333333333333,522.0,14.190280629705681,1.0,12541.0,0.29,85677.0,167.0,0.0,115.0,24.0,50574.600000000006,56468.700000000004,-5894.0999999999985,1.1165206146837605,6043.800000000001,0.10702730845037252,32018.074999999997,16585.7,-39.68667413213884,0.0,0.0,5.02901758641601
6066,5228,6317,1994-07-11,A,0,173808.0,24.0,7242.0,0.041666666666666664,383.0,37.451060917180016,1.0,8909.0,4.01,3460.0,113.0,0.0,75.0,21.0,149831.4,156149.0,-6317.600000000006,1.0421577709494074,134423.0,0.860858149215498,63775.747619047615,38301.7,-89.42691188467985,0.0,0.0,5.288829052747859
5549,2824,3414,1994-07-16,C,0,50460.0,60.0,841.0,0.016666666666666666,269.0,46.7460643394935,1.0,9622.0,0.45,3475.0,154.0,0.0,43.0,19.0,46275.0,47273.799999999996,-998.7999999999956,1.0215619327513181,22883.799999999996,0.4840591604829634,35880.06842105263,29023.7,86.66852675002399,0.0,0.0,34.510939357907255
5060,426,512,1994-07-19,D,1,252060.0,60.0,4201.0,0.016666666666666666,232.0,28.958247775496236,1.0,12541.0,0.29,85677.0,167.0,0.0,61.0,27.0,85164.40000000001,115595.40000000001,-30431.0,1.3573047270370362,77842.8,0.6734015938212609,47173.025925925926,27546.5,-173.02461404445805,0.0,0.0,6.5571292549393005
6004,4937,5965,1994-07-23,A,0,143904.0,24.0,5996.0,0.041666666666666664,518.0,43.285420944558524,0.0,8754.0,3.83,3804.0,137.0,0.0,139.0,26.0,166964.0,119146.4,47817.600000000006,0.7136010541131375,90696.79999999999,0.7612150999518243,78980.94999999998,46147.9,-88.98631253662957,0.0,0.0,7.696447631754503
5126,790,946,1994-07-24,B,1,208128.0,48.0,4336.0,0.020833333333333332,439.0,42.965092402464066,0.0,9897.0,1.6,18721.0,140.0,1.0,64.0,17.0,31513.0,78064.2,-46551.2,2.477127625817097,65056.799999999996,0.8333649308526718,45681.794117647056,24002.2,-562.4715878408286,0.0,0.0,5.535562730627307
7220,10911,13412,1994-07-28,A,0,131292.0,36.0,3647.0,0.027777777777777776,425.0,40.355920602327174,0.0,12541.0,0.29,85677.0,167.0,0.0,83.0,20.0,66009.9,66767.0,-757.1000000000058,1.0114541689327066,33890.0,0.5075784807093219,31786.019999999997,20861.3,96.5729226741203,0.0,0.0,5.72012613106663
6668,8129,10043,1994-07-30,A,0,74736.0,36.0,2076.0,0.027777777777777776,399.0,28.750171115674195,0.0,8390.0,2.28,2080.0,132.0,0.0,67.0,20.0,62281.90000000001,60823.799999999996,1458.100000000013,0.9765730240563619,36043.8,0.5925839460220175,32524.700000000004,21389.8,-10.659204333325233,0.0,0.0,10.303371868978806
5395,2176,2635,1994-07-30,B,1,299088.0,36.0,8308.0,0.027777777777777776,419.0,27.63586584531143,1.0,8110.0,5.77,3244.0,109.0,0.0,126.0,28.0,184591.0,166155.19999999998,18435.800000000017,0.9001213487041692,122571.79999999999,0.7376901975370164,48918.95,6850.8,603.1807485125837,0.0,0.0,0.8246027924891671
6836,9093,11195,1994-08-03,C,0,189300.0,60.0,3155.0,0.016666666666666666,413.0,40.65982203969884,0.0,9538.0,1.51,6079.0,111.0,0.0,102.0,28.0,57518.49999999999,51112.799999999996,6405.699999999997,0.8886169038326133,29863.799999999996,0.5842610019212032,32882.84642857143,24071.0,-18.892981039535854,0.0,0.0,7.629477020602219
6064,5215,6301,1994-08-04,A,0,14628.0,12.0,1219.0,0.08333333333333333,399.0,45.4072553045859,1.0,8743.0,1.88,3659.0,111.0,0.0,102.0,28.0,46954.7,46637.799999999996,316.90000000000146,0.9932297889287136,23303.8,0.4996655145501171,38082.67857142857,29213.8,-5.126213869231358,0.0,0.0,23.96538146021329
6919,9403,11574,1994-08-05,A,0,120888.0,36.0,3358.0,0.027777777777777776,496.0,50.29158110882957,1.0,12541.0,0.29,85677.0,167.0,0.0,96.0,16.0,12990.0,38539.0,-25549.0,2.9665922561773534,18790.0,0.4875454073689673,29858.0,16997.6,-275.2054917317355,0.0,0.0,5.061822513400833
6841,9104,11208,1994-08-07,A,0,172080.0,48.0,3585.0,0.020833333333333332,198.0,37.42368240930869,1.0,10124.0,0.56,3810.0,141.0,0.0,42.0,20.0,93293.0,98920.40000000001,-5627.400000000009,1.060308272772097,88164.8,0.8912611426850003,53169.54,33727.4,-238.2134062213282,0.0,0.0,9.40792189679219
6038,5120,6178,1994-08-10,A,0,323472.0,48.0,6739.0,0.020833333333333332,415.0,53.817932922655714,1.0,12541.0,0.29,85677.0,167.0,0.0,57.0,19.0,24137.000000000004,81444.90000000001,-57307.90000000001,3.374136216753666,52204.799999999996,0.6409751749320713,26321.173684210524,5034.8,-551.1455693312134,0.0,0.0,0.7471138151060989
6729,8519,10510,1994-08-11,A,0,74688.0,12.0,6224.0,0.08333333333333333,496.0,49.53867214236824,1.0,8624.0,1.79,2879.0,102.0,0.0,112.0,23.0,113264.5,128949.70000000001,-15685.200000000012,1.1384728800914665,69143.79999999999,0.5362033707455639,45613.22173913044,13248.0,-244.12487577511155,0.0,0.0,2.12853470437018
7198,10788,13260,1994-08-23,A,0,45768.0,12.0,3814.0,0.08333333333333333,274.0,17.240246406570844,1.0,8110.0,5.77,3244.0,109.0,0.0,27.0,19.0,12190.3,48181.1,-35990.8,3.9520887846251016,36740.0,0.7625238418416799,27855.000000000007,12636.8,-424.08547742804893,0.0,0.0,3.3132669113791295
6686,8260,10198,1994-08-25,A,0,224604.0,36.0,6239.0,0.027777777777777776,519.0,18.253251197809718,0.0,8930.0,3.52,1328.0,108.0,0.0,93.0,19.0,112905.8,113841.40000000001,-935.6000000000058,1.0082776236683708,95123.79999999999,0.8355744432654264,52206.96842105263,38544.7,-17.889354080324072,0.0,0.0,6.178025324571245
5836,4259,5133,1994-08-27,A,0,79632.0,24.0,3318.0,0.041666666666666664,141.0,35.04722792607803,1.0,8512.0,3.51,2247.0,102.0,0.0,16.0,23.0,133350.2,144005.8,-10655.599999999977,1.0798987935616626,98738.79999999999,0.685653733018163,71166.7391304348,44496.8,-128.64747011207967,0.0,0.0,13.410729355033153
7061,10105,12432,1994-08-27,A,0,121896.0,24.0,5079.0,0.041666666666666664,486.0,29.472963723477072,0.0,8743.0,1.88,3659.0,111.0,0.0,93.0,22.0,115761.40000000001,129031.8,-13270.399999999994,1.114626165317927,113794.8,0.8819059959948168,43730.12272727274,18034.8,-332.07147712151914,0.0,0.0,3.5508564678086234
5595,3050,3687,1994-09-02,A,0,82896.0,12.0,6908.0,0.08333333333333333,482.0,22.570841889117045,0.0,8441.0,3.45,1879.0,115.0,0.0,126.0,28.0,125090.4,132155.30000000002,-7064.900000000023,1.0564699092023915,81804.8,0.6190003806099292,64669.38928571429,38130.6,-308.64427142238975,0.0,0.0,5.519774174869716
5723,3674,4428,1994-09-10,A,0,23628.0,12.0,1969.0,0.08333333333333333,547.0,40.506502395619435,0.0,8965.0,7.08,2653.0,104.0,0.0,110.0,23.0,183235.7,181542.90000000002,1692.7999999999884,0.9907562185959473,147127.8,0.8104254673387538,79814.85652173913,43515.6,334.8427581922371,0.0,0.0,22.100355510411376
6120,5481,6616,1994-09-11,A,0,209184.0,48.0,4358.0,0.020833333333333332,391.0,41.23203285420944,0.0,8363.0,2.52,2564.0,108.0,0.0,68.0,17.0,127993.90000000001,124834.8,3159.100000000006,0.9753107350370991,111760.79999999999,0.8952624167105909,50217.182352941185,29614.6,71.50901951614009,0.0,0.0,6.795456631482331
6895,9307,11461,1994-09-19,A,0,41904.0,12.0,3492.0,0.08333333333333333,603.0,20.199863107460644,0.0,9893.0,4.09,5623.0,96.0,0.0,143.0,22.0,21079.1,32685.3,-11606.2,1.5505286976816999,43.8,0.0013400109526009367,30684.831818181825,19198.4,-158.13823482021013,0.0,0.0,5.497823596792669
5882,4427,5337,1994-09-26,A,0,87816.0,12.0,7318.0,0.08333333333333333,476.0,33.40177960301163,0.0,9272.0,2.8,4340.0,118.0,0.0,84.0,19.0,44183.4,38412.8,5770.5999999999985,0.8693747114366157,1443.8000000000002,0.03758545106185798,22462.68421052631,15340.5,79.03136811713753,0.0,0.0,2.096269472533479
5754,3834,4620,1994-09-28,A,0,23052.0,12.0,1921.0,0.08333333333333333,617.0,53.90554414784394,1.0,9897.0,1.6,18721.0,140.0,0.0,171.0,29.0,55654.299999999996,37126.8,18527.499999999993,0.6670847161007128,10543.800000000001,0.2839866622854034,32962.13103448275,22162.6,138.48701782187675,0.0,0.0,11.537011972930765
6594,7824,9675,1994-09-28,B,1,189696.0,24.0,7904.0,0.041666666666666664,134.0,24.605065023956193,1.0,8441.0,3.45,1879.0,115.0,0.0,5.0,3.0,2600.0,3100.0,-500.0,1.191849288735102,3100.0,0.999677523379555,22900.0,21800.0,-48.333333333333336,0.0,0.0,2.7580971659919027
6738,8566,10566,1994-09-29,B,1,230220.0,36.0,6395.0,0.027777777777777776,356.0,51.88774811772758,1.0,10673.0,4.75,18782.0,100.0,1.0,82.0,19.0,35833.0,34785.6,1047.4000000000015,0.9707428699000948,43.8,0.0012591055176418506,9244.494736842104,3015.3,6.5797616468039095,0.0,0.0,0.4715089913995309
6624,7965,9844,1994-09-30,A,0,71460.0,12.0,5955.0,0.08333333333333333,326.0,49.158110882956876,0.0,8743.0,1.88,3659.0,111.0,0.0,43.0,26.0,139609.6,174012.8,-34403.19999999998,1.2464153867972774,134343.8,0.7720295746659173,59863.565384615395,29927.8,-186.2082359515945,0.0,0.0,5.0256591099916035
6216,5952,7195,1994-09-30,A,0,141240.0,24.0,5885.0,0.041666666666666664,388.0,32.05201916495551,0.0,8187.0,4.83,2123.0,94.0,0.0,102.0,31.0,124181.5,95758.70000000001,28422.79999999999,0.7711126769069717,49062.8,0.5123533177317806,51899.13870967741,22581.9,419.3530503702321,0.0,0.0,3.837196261682243
6229,6040,7299,1994-10-02,A,0,11736.0,24.0,489.0,0.041666666666666664,528.0,56.04380561259411,0.0,12541.0,0.29,85677.0,167.0,0.0,133.0,25.0,77649.4,72523.8,5125.599999999991,0.9339784469880388,44143.799999999996,0.6086717922696787,39288.676,25663.4,39.79983156061051,0.0,0.0,52.48139059304704
5887,4448,5366,1994-10-03,A,0,192744.0,36.0,5354.0,0.027777777777777776,488.0,23.0362765229295,1.0,8441.0,3.45,1879.0,115.0,0.0,76.0,17.0,56959.00000000001,51903.299999999996,5055.700000000012,0.9112236657303369,35842.799999999996,0.6905555031086056,45833.64117647059,34074.9,-65.75907897652691,0.0,0.0,6.364381770638775
6808,8982,11063,1994-10-12,A,0,227880.0,36.0,6330.0,0.027777777777777776,382.0,38.93771389459275,1.0,9624.0,1.6,4484.0,145.0,0.0,83.0,21.0,26961.6,57048.4,-30086.800000000003,2.1158345263438987,38057.8,0.6671025462143336,35136.06190476191,22616.1,-48.61085298697963,0.0,0.0,3.5728436018957344
6297,6363,7683,1994-10-25,A,0,17508.0,12.0,1459.0,0.08333333333333333,450.0,48.56673511293634,0.0,10673.0,4.75,18782.0,100.0,0.0,72.0,17.0,41560.5,49340.799999999996,-7780.299999999996,1.1871756312933843,44963.8,0.911271984402677,44421.56470588235,36887.8,55.82266072021634,0.0,0.0,25.282933516106926
5161,1012,1216,1994-10-28,A,0,98184.0,24.0,4091.0,0.041666666666666664,111.0,49.37713894592745,1.0,8403.0,5.74,2157.0,105.0,0.0,14.0,28.0,87469.1,124243.6,-36774.5,1.4204122322942354,111971.20000000001,0.9012158274886797,54299.44642857143,31527.3,-269.1948020746532,0.0,0.0,7.706502077731606
5390,2167,2623,1994-10-30,A,0,170256.0,24.0,7094.0,0.041666666666666664,448.0,29.28952772073922,1.0,8427.0,1.12,1874.0,107.0,0.0,77.0,21.0,85951.6,82191.79999999999,3759.8000000000175,0.9562456516731312,43143.8,0.5249097244527502,51982.57142857143,35983.1,112.50130213530238,0.0,0.0,5.07232872850296
6150,5622,6789,1994-11-02,A,0,83016.0,12.0,6918.0,0.08333333333333333,632.0,15.605749486652977,0.0,10177.0,6.63,9878.0,81.0,0.0,196.0,35.0,177868.3,196598.7,-18730.400000000023,1.1052986659305457,155143.80000000002,0.7891354869819233,67088.48857142859,39547.5,-409.90537227910414,0.0,0.0,5.716608846487424
6223,5991,7241,1994-11-03,A,0,61056.0,48.0,1272.0,0.020833333333333332,347.0,37.158110882956876,1.0,12541.0,0.29,85677.0,167.0,0.0,64.0,29.0,57342.200000000004,71638.8,-14296.599999999999,1.2492989578537645,49183.799999999996,0.6865429551729624,37235.85862068966,19094.3,-92.24571007761864,0.0,0.0,15.011242138364778
5032,290,352,1994-11-03,A,0,123696.0,48.0,2577.0,0.020833333333333332,336.0,54.18480492813142,0.0,8772.0,4.69,2854.0,126.0,0.0,61.0,22.0,51180.5,54910.8,-3730.300000000003,1.0728642185164563,29398.799999999996,0.535382194719532,27478.568181818187,12800.8,-203.55856971165588,0.0,0.0,4.96732634846721
6253,6148,7422,1994-11-04,A,0,59760.0,24.0,2490.0,0.041666666666666664,312.0,35.93976728268309,0.0,10673.0,4.75,18782.0,100.0,0.0,54.0,26.0,81182.5,89054.8,-7872.300000000003,1.0969568939501253,58043.799999999996,0.6517688909649905,38149.15,20367.6,-133.17980223325583,0.0,0.0,8.179759036144578
6460,7133,8610,1994-11-06,A,0,48672.0,36.0,1352.0,0.027777777777777776,415.0,46.51334702258727,1.0,12541.0,0.29,85677.0,167.0,0.0,97.0,34.0,19510.7,29513.8,-10003.099999999999,1.5126206327485558,16763.8,0.567979454375432,24181.082352941175,13034.8,-137.9735147639327,0.0,0.0,9.64112426035503
6645,8041,9933,1994-11-06,A,0,140400.0,36.0,3900.0,0.027777777777777776,392.0,53.059548254620125,0.0,12541.0,0.29,85677.0,167.0,0.0,45.0,21.0,61150.5,64083.299999999996,-2932.7999999999956,1.0479432229789947,52381.799999999996,0.817388970465465,9095.852380952381,173.0,-45.957818527853505,0.0,0.0,0.04435897435897436
5176,1106,1327,1994-11-12,B,1,192552.0,24.0,8023.0,0.041666666666666664,440.0,30.86652977412731,1.0,8547.0,2.65,1563.0,120.0,0.0,51.0,20.0,29756.8,54766.0,-25009.2,1.8403914267855823,38720.4,0.7070023919513576,7316.770000000002,-2783.8,-174.72493853367547,1.0,1.0,-0.34697743986040136
5269,1527,1851,1994-11-19,B,1,164052.0,36.0,4557.0,0.027777777777777776,367.0,19.186858316221766,1.0,8930.0,3.52,1328.0,108.0,1.0,65.0,23.0,57131.5,73648.1,-16516.600000000006,1.2890753949153284,59976.5,0.814354825788774,25251.930434782615,-3248.2,-380.2475933902765,1.0,1.0,-0.7127935044985736
5351,1978,2403,1994-12-04,A,0,205200.0,36.0,5700.0,0.027777777777777776,541.0,31.857631759069132,1.0,8720.0,3.73,3729.0,116.0,0.0,129.0,33.0,123022.09999999999,133661.9,-10639.800000000003,1.086478067940086,76790.0,0.5745049673469602,59729.93939393939,33868.2,-447.956612303949,0.0,0.0,5.94178947368421
5861,4337,5224,1994-12-08,A,0,51408.0,24.0,2142.0,0.041666666666666664,387.0,45.374401095140314,0.0,8843.0,2.82,818.0,113.0,0.0,64.0,22.0,121986.4,112200.80000000002,9785.599999999977,0.9197736815441596,105774.8,0.9427192790133491,60672.690909090896,27256.8,67.70562009439409,0.0,0.0,12.724929971988795
5450,2345,2834,1994-12-11,C,0,199680.0,60.0,3328.0,0.016666666666666666,412.0,45.5523613963039,0.0,9307.0,3.85,2616.0,118.0,0.0,74.0,22.0,70221.30000000002,69692.4,528.9000000000233,0.9924539640541534,48871.799999999996,0.7012400026401352,27428.231818181815,15835.5,-102.67913800983159,0.0,0.0,4.758263221153846
7142,10451,12859,1994-12-19,D,1,482940.0,60.0,8049.0,0.016666666666666666,477.0,18.579055441478438,1.0,12541.0,0.29,85677.0,167.0,0.0,130.0,33.0,57478.40000000001,59453.799999999996,-1975.399999999987,1.0343496974568278,11963.800000000001,0.2012251323694639,17204.684848484852,8964.7,-1.0634320224418135,0.0,0.0,1.1137656851782831
6306,6425,7753,1994-12-20,A,0,36684.0,12.0,3057.0,0.08333333333333333,631.0,16.240930869267626,1.0,8930.0,3.52,1328.0,108.0,0.0,125.0,20.0,37535.600000000006,42074.8,-4539.199999999997,1.1209006676150743,32903.8,0.782012463221139,35890.715000000004,28322.9,41.83399379531394,0.0,0.0,9.264932940791626
6272,6226,7521,1994-12-20,C,0,398640.0,60.0,6644.0,0.016666666666666666,512.0,34.861054072553046,1.0,10673.0,4.75,18782.0,100.0,0.0,86.0,17.0,120388.8,124621.09999999999,-4232.299999999988,1.0351466652490493,104690.0,0.8400596683894751,67668.40000000001,44435.4,-200.88309150219814,0.0,0.0,6.6880493678506925
5044,344,421,1994-12-21,C,0,100980.0,60.0,1683.0,0.016666666666666666,385.0,29.39082819986311,0.0,9897.0,1.6,18721.0,140.0,0.0,70.0,22.0,42290.2,50509.799999999996,-8219.599999999999,1.1943335729418887,31243.799999999996,0.6185568234912138,36654.09999999999,27518.3,-11.72972904851924,0.0,0.0,16.350742721330956
5576,2962,3576,1994-12-21,A,0,31248.0,12.0,2604.0,0.08333333333333333,570.0,55.7700205338809,1.0,12541.0,0.29,85677.0,167.0,0.0,120.0,30.0,126570.29999999999,137568.3,-10998.0,1.0868838354350472,129754.8,0.9431959019926686,60842.06666666665,40822.3,-152.6811610503093,0.0,0.0,15.676766513056837
7192,10738,13201,1994-12-21,A,0,115992.0,36.0,3222.0,0.027777777777777776,613.0,57.596167008898014,0.0,8390.0,2.28,2080.0,132.0,0.0,127.0,26.0,135637.2,109089.5,26547.70000000001,0.804268266609259,74741.0,0.685128402564843,47614.08076923077,9536.7,631.4574765135699,0.0,0.0,2.9598696461824954
5739,3747,4520,1995-01-02,A,0,76380.0,12.0,6365.0,0.08333333333333333,246.0,37.51403148528405,1.0,12541.0,0.29,85677.0,167.0,0.0,45.0,29.0,40226.2,46246.799999999996,-6020.5999999999985,1.1496400445469732,10003.8,0.21630866765554255,19184.917241379306,9689.6,-52.61332353363419,0.0,0.0,1.5223252160251375
6526,7523,9316,1995-01-03,A,0,288468.0,36.0,8013.0,0.027777777777777776,127.0,36.18891170431211,1.0,8288.0,3.79,1562.0,110.0,0.0,17.0,31.0,62714.1,90442.8,-27728.700000000004,1.442121594320985,66403.79999999999,0.7341995802918496,37329.28387096775,17975.0,-333.0694387912682,0.0,0.0,2.243229751653563
5624,3166,3829,1995-01-03,D,1,177744.0,48.0,3703.0,0.020833333333333332,511.0,22.809034907597535,0.0,8678.0,5.93,4980.0,102.0,1.0,95.0,23.0,88884.9,82739.1,6145.799999999988,0.9308461747026245,75333.5,0.9104835502978603,14426.391304347826,-2048.2,-99.46803095939839,1.0,1.0,-0.5531190926275992
6244,6118,7390,1995-01-08,B,1,270648.0,36.0,7518.0,0.027777777777777776,307.0,57.177275838466805,0.0,12541.0,0.29,85677.0,167.0,0.0,72.0,23.0,23792.0,65451.700000000004,-41659.700000000004,2.750880511074686,42897.700000000004,0.6554000064168476,16281.534782608695,-568.3,-499.76083679585133,1.0,1.0,-0.07559191274275072
5131,816,980,1995-01-08,A,0,48624.0,24.0,2026.0,0.041666666666666664,521.0,33.27310061601643,0.0,8363.0,2.52,2564.0,108.0,0.0,117.0,24.0,88247.8,74676.9,13570.900000000009,0.8462086736590185,55057.799999999996,0.7372703303119129,40645.424999999996,22368.0,251.8851238817661,0.0,0.0,11.040473840078974
6960,9640,11866,1995-01-11,A,0,76416.0,24.0,3184.0,0.041666666666666664,669.0,57.35797399041752,0.0,12541.0,0.29,85677.0,167.0,0.0,153.0,24.0,66503.8,63283.700000000004,3220.0999999999985,0.9515659020100805,9678.800000000001,0.15294060017666197,21922.63333333333,7792.5,44.794255572765366,0.0,0.0,2.447393216080402
6358,6715,8105,1995-01-14,D,1,137880.0,60.0,2298.0,0.016666666666666666,486.0,31.84394250513347,0.0,9060.0,1.78,1655.0,124.0,0.0,89.0,22.0,59732.5,58202.59999999999,1529.9000000000087,0.9743711652590253,51308.0,0.8815262286181612,15427.990909090908,1566.8,260.37490636218047,0.0,0.0,0.681810269799826
5418,2245,2719,1995-01-16,C,0,347952.0,48.0,7249.0,0.020833333333333332,657.0,30.21218343600274,1.0,8843.0,2.82,818.0,113.0,0.0,120.0,19.0,98408.0,86069.20000000001,12338.799999999988,0.8746069973274804,64322.8,0.7473295054502022,63213.389473684205,44933.3,368.8589092668387,0.0,0.0,6.198551524348186
6598,7857,9715,1995-01-18,A,0,68112.0,12.0,5676.0,0.08333333333333333,532.0,17.13347022587269,1.0,8819.0,5.38,4063.0,99.0,0.0,147.0,27.0,114865.8,87022.79999999999,27843.000000000015,0.7575974955339575,41986.8,0.48247490916278085,49411.07037037038,17182.3,444.4927241101195,0.0,0.0,3.0271846370683577
5464,2419,2922,1995-01-30,A,0,95808.0,12.0,7984.0,0.08333333333333333,429.0,54.39561943874059,0.0,8991.0,1.39,5198.0,128.0,0.0,90.0,22.0,67966.1,102555.30000000002,-34589.20000000001,1.5088962159633117,78602.4,0.766431706292056,40227.718181818185,7837.0,-127.36461072173782,0.0,0.0,0.9815881763527055
6591,7819,9670,1995-02-02,C,0,20832.0,48.0,434.0,0.020833333333333332,550.0,46.74880219028063,0.0,8965.0,7.08,2653.0,104.0,0.0,151.0,28.0,27878.8,19554.8,8324.0,0.7013967101629136,1143.8,0.05848904161425255,21023.978571428568,12169.5,119.70955431984534,0.0,0.0,28.04032258064516
5724,3678,4433,1995-02-05,D,1,316140.0,60.0,5269.0,0.016666666666666666,683.0,26.954140999315538,0.0,12541.0,0.29,85677.0,167.0,0.0,139.0,19.0,39285.2,37270.799999999996,2014.4000000000015,0.9486995433511003,21463.8,0.5758723753615335,14979.75789473684,6948.1,-66.61269704493849,0.0,0.0,1.3186752704498008
6315,6472,7814,1995-02-06,A,0,43164.0,12.0,3597.0,0.08333333333333333,363.0,19.085557837097877,1.0,8814.0,4.76,2112.0,107.0,0.0,69.0,20.0,118336.0,103248.8,15087.199999999997,0.8724980352721465,92457.8,0.895476795112436,51839.045,22626.9,250.44297812851394,0.0,0.0,6.290492076730609
5876,4413,5318,1995-02-08,C,0,221280.0,48.0,4610.0,0.020833333333333332,389.0,26.86652977412731,0.0,10673.0,4.75,18782.0,100.0,0.0,71.0,22.0,100705.59999999999,112544.0,-11838.400000000009,1.1175434380666214,67506.0,0.5998134079701453,30392.400000000012,13055.9,-137.01216170742012,0.0,0.0,2.8320824295010847
6986,9750,12003,1995-02-11,D,1,151728.0,48.0,3161.0,0.020833333333333332,271.0,18.636550308008214,0.0,10673.0,4.75,18782.0,100.0,1.0,57.0,28.0,241583.0,221786.60000000003,19796.399999999965,0.9180516921650442,209143.8,0.9429914025851759,78163.06785714286,23328.1,290.1719121321933,0.0,0.0,7.379974691553305
6294,6353,7672,1995-02-12,C,0,79920.0,60.0,1332.0,0.016666666666666666,443.0,41.856262833675565,0.0,10787.0,2.64,6041.0,131.0,0.0,95.0,23.0,98294.2,65081.799999999996,33212.4,0.6621055758572137,40043.799999999996,0.6152746962331062,50597.217391304344,36959.1,63.3324691990602,0.0,0.0,27.747072072072072
5132,817,981,1995-02-17,C,0,538500.0,60.0,8975.0,0.016666666666666666,336.0,34.639288158795345,0.0,9307.0,3.85,2616.0,118.0,0.0,58.0,19.0,64474.6,63723.799999999996,750.8000000000029,0.9883397750466842,22983.800000000003,0.36067276790197855,31033.9052631579,23352.1,-0.6003708933614208,0.0,0.0,2.6019052924791084
5877,4414,5320,1995-02-23,A,0,97224.0,24.0,4051.0,0.041666666666666664,531.0,43.88227241615332,1.0,8991.0,1.39,5198.0,128.0,0.0,112.0,21.0,43125.3,33871.8,9253.5,0.7854093673697953,43.8,0.0012930729080560211,29346.290476190476,19553.0,99.97209042701648,0.0,0.0,4.82670945445569
6227,6030,7286,1995-03-04,A,0,28248.0,24.0,1177.0,0.041666666666666664,557.0,25.059548254620122,1.0,9538.0,1.51,6079.0,111.0,0.0,94.0,15.0,60621.1,55674.799999999996,4946.300000000003,0.9183911477827392,52143.799999999996,0.9365613067077617,46280.44666666667,37889.1,-53.087614937136394,0.0,0.0,32.19124893797791
7241,11021,13548,1995-03-04,B,1,168984.0,24.0,7041.0,0.041666666666666664,571.0,18.9596167008898,0.0,12541.0,0.29,85677.0,167.0,1.0,160.0,21.0,144574.5,107417.90000000001,37156.59999999999,0.7429882656466691,86295.79999999999,0.8033576958989525,73729.94761904763,43267.3,238.4371142218173,0.0,0.0,6.145050418974578
6737,8564,10563,1995-03-11,A,0,76680.0,24.0,3195.0,0.041666666666666664,545.0,46.171115674195754,0.0,9893.0,4.09,5623.0,96.0,0.0,143.0,24.0,116390.5,98787.8,17602.699999999997,0.8487544193519286,51243.8,0.5187207456715741,62875.708333333336,40579.6,78.01676136363636,0.0,0.0,12.700970266040688
7004,9869,12144,1995-03-15,C,0,331560.0,60.0,5526.0,0.016666666666666666,571.0,14.30527036276523,0.0,8754.0,3.83,3804.0,137.0,0.0,119.0,25.0,83712.0,69956.8,13755.199999999997,0.8356742680348334,28223.799999999996,0.4034403597597408,39794.420000000006,26612.7,-58.73711752670096,0.0,0.0,4.815906623235613
6169,5700,6895,1995-03-16,D,1,103680.0,60.0,1728.0,0.016666666666666666,604.0,23.72621492128679,0.0,8388.0,2.41,1658.0,87.0,0.0,109.0,17.0,41673.2,41447.8,225.39999999999418,0.9945673822172952,36263.8,0.8749059080118121,32029.58823529412,10158.6,-83.44344325153378,0.0,0.0,5.878819444444445
5208,1247,1505,1995-03-16,D,1,99696.0,48.0,2077.0,0.020833333333333332,646.0,23.72347707049966,1.0,8554.0,2.47,1822.0,113.0,1.0,108.0,25.0,179451.5,203476.80000000002,-24025.300000000017,1.1338755380950392,197245.80000000002,0.9693725802028526,43380.864,7424.8,9.285332194114247,0.0,0.0,3.5747713047664904
6694,8316,10269,1995-03-19,A,0,134784.0,24.0,5616.0,0.041666666666666664,288.0,54.85284052019165,1.0,10177.0,6.63,9878.0,81.0,0.0,55.0,20.0,134203.2,46255.399999999994,87947.80000000002,0.3446643249615138,29406.8,0.6357347307615812,48510.755,22918.7,819.5338366949886,0.0,0.0,4.0809650997151
5599,3064,3705,1995-03-21,A,0,15420.0,12.0,1285.0,0.08333333333333333,667.0,29.793292265571527,1.0,9317.0,6.49,6949.0,97.0,0.0,151.0,22.0,37891.3,26065.800000000003,11825.5,0.687891735260198,3703.8,0.1420887872696303,31689.572727272716,24525.5,35.96542968750001,0.0,0.0,19.085992217898834
6546,7607,9418,1995-03-27,A,0,31728.0,24.0,1322.0,0.041666666666666664,568.0,44.96098562628337,0.0,12541.0,0.29,85677.0,167.0,0.0,117.0,21.0,52346.1,69469.8,-17123.700000000004,1.3270993044504855,47443.8,0.6829315338242831,28268.890476190478,15678.9,14.192678417698415,0.0,0.0,11.859984871406958
5414,2228,2700,1995-03-29,C,0,185952.0,48.0,3874.0,0.020833333333333332,375.0,50.09445585215606,0.0,9675.0,6.43,5323.0,100.0,0.0,34.0,25.0,128474.70000000001,192500.9,-64026.19999999998,1.498344823184462,167004.80000000002,0.8675488397776854,66569.748,18359.1,-907.0494967087312,0.0,0.0,4.739055240061951
5453,2361,2853,1995-04-01,A,0,156672.0,36.0,4352.0,0.027777777777777776,400.0,38.93223819301848,1.0,8594.0,1.62,1580.0,112.0,0.0,75.0,20.0,31612.9,36138.799999999996,-4525.899999999994,1.1431300788577174,9243.800000000001,0.2557789473101678,21560.605000000003,14306.5,2.377433968480593,0.0,0.0,3.2873391544117645
5740,3752,4527,1995-04-02,A,0,18564.0,12.0,1547.0,0.08333333333333333,128.0,32.15605749486653,1.0,12541.0,0.29,85677.0,167.0,0.0,13.0,18.0,60362.8,58138.799999999996,2224.0000000000073,0.9631401601622163,43843.799999999996,0.7541099212587591,52838.022222222215,42362.0,-47.62869714890985,0.0,0.0,27.383322559793147
5804,4079,4916,1995-04-05,C,0,158976.0,48.0,3312.0,0.020833333333333332,518.0,56.23545516769336,0.0,8363.0,2.52,2564.0,108.0,0.0,156.0,32.0,236583.0,164423.80000000002,72159.19999999998,0.6949912081966659,137843.80000000002,0.8383394719044815,60470.35625000001,23925.2,395.52521067678407,0.0,0.0,7.223792270531401
6745,8625,10636,1995-04-10,A,0,47304.0,24.0,1971.0,0.041666666666666664,516.0,23.685147159479808,0.0,9624.0,1.6,4484.0,145.0,0.0,167.0,28.0,156944.69999999995,156009.2,935.4999999999418,0.994032968090238,125643.79999999999,0.8053563164459758,77021.93214285713,39204.4,30.853315065409536,0.0,0.0,19.890613901572806
6950,9591,11804,1995-04-11,A,0,104712.0,24.0,4363.0,0.041666666666666664,691.0,50.327173169062284,0.0,10673.0,4.75,18782.0,100.0,0.0,191.0,15.0,17817.9,25569.9,-7752.0,1.4349875693785812,43.8,0.0017128845680050367,17795.173333333332,14049.4,-45.331598386937635,0.0,0.0,3.220123768049507
6996,9828,12095,1995-04-13,A,0,126600.0,24.0,5275.0,0.041666666666666664,693.0,56.12320328542094,0.0,9622.0,0.45,3475.0,154.0,0.0,132.0,18.0,111311.2,115416.90000000001,-4105.700000000012,1.0368755626067943,99592.79999999999,0.8628886853772246,52038.73333333333,35739.0,152.54005339435545,0.0,0.0,6.775165876777251
5352,1993,2422,1995-04-15,B,1,68400.0,12.0,5700.0,0.08333333333333333,167.0,18.847364818617386,1.0,9893.0,4.09,5623.0,96.0,0.0,14.0,15.0,104997.8,89730.09999999999,15267.700000000012,0.8545821476054963,72629.20000000001,0.8094094466689924,43705.54,18042.4,-153.47333355464082,0.0,0.0,3.1653333333333338
6151,5628,6798,1995-04-25,C,0,225420.0,60.0,3757.0,0.016666666666666666,312.0,46.724161533196444,1.0,8814.0,4.76,2112.0,107.0,0.0,51.0,15.0,48762.899999999994,49814.8,-1051.9000000000087,1.0215507783421753,38543.8,0.773726408087394,37406.68666666666,30881.4,11.446439671058005,0.0,0.0,8.21969656640937
5310,1762,2136,1995-04-28,A,0,248148.0,36.0,6893.0,0.027777777777777776,503.0,54.75975359342916,1.0,8594.0,1.62,1580.0,112.0,0.0,120.0,26.0,76300.5,84693.79999999999,-8393.299999999988,1.1099886633945595,45483.799999999996,0.5370317894368958,32779.19615384615,17091.8,-190.25631828199,0.0,0.0,2.479587987813724
5045,347,424,1995-05-01,B,1,187224.0,24.0,7801.0,0.041666666666666664,504.0,47.56194387405886,0.0,8403.0,5.74,2157.0,105.0,1.0,88.0,13.0,27209.8,55133.8,-27924.000000000004,2.0261734311376367,31730.199999999997,0.5755022236409671,16654.2,2584.2,-339.3609084515298,0.0,0.0,0.33126522240738365
6929,9472,11662,1995-05-08,A,0,36396.0,12.0,3033.0,0.08333333333333333,671.0,23.093771389459274,0.0,12541.0,0.29,85677.0,167.0,0.0,158.0,22.0,135768.09999999998,139335.0,-3566.9000000000233,1.026264444560655,114879.0,0.8244746512028478,61129.5,28047.6,-108.64930441487044,0.0,0.0,9.24747774480712
5151,960,1157,1995-05-24,C,0,189060.0,60.0,3151.0,0.016666666666666666,203.0,36.39698836413415,1.0,9753.0,4.64,5244.0,109.0,0.0,30.0,23.0,140788.8,151068.0,-10279.200000000012,1.0730038681779506,123795.0,0.8194599818625926,53325.78260869566,19660.5,-84.04775422536426,0.0,0.0,6.239447794350999
5212,1256,1516,1995-05-29,A,0,71064.0,36.0,1974.0,0.027777777777777776,403.0,48.61327857631759,1.0,8965.0,7.08,2653.0,104.0,0.0,86.0,23.0,53850.799999999996,56049.799999999996,-2199.0,1.0408157201801982,30243.800000000003,0.5395783824673333,35628.986956521745,25417.8,-123.37938885740813,0.0,0.0,12.876291793313069
5138,854,1029,1995-05-30,C,0,87216.0,48.0,1817.0,0.020833333333333332,616.0,41.204654346338124,1.0,8544.0,1.29,2719.0,109.0,0.0,148.0,25.0,36768.5,42084.8,-5316.300000000003,1.1445573097268118,23643.800000000003,0.5617999420232003,30090.888,21479.0,-56.21685486664356,0.0,0.0,11.821133736929005
5713,3629,4377,1995-05-30,C,0,158760.0,60.0,2646.0,0.016666666666666666,672.0,17.32511978097194,0.0,9060.0,1.78,1655.0,124.0,0.0,166.0,25.0,55870.5,50592.3,5278.199999999997,0.9055117546512981,9643.8,0.1906141722322916,22454.884000000005,8270.6,35.054489574327974,0.0,0.0,3.1256991685563116
6704,8377,10350,1995-06-01,C,0,417060.0,60.0,6951.0,0.016666666666666666,558.0,33.711156741957566,1.0,8843.0,2.82,818.0,113.0,0.0,74.0,32.0,212343.09999999998,224751.6,-12408.50000000003,1.0584311031010516,185329.2,0.8245920180678666,72988.41875000001,39876.1,-279.0221853974547,0.0,0.0,5.736742914688534
6474,7190,8677,1995-06-06,C,0,63360.0,60.0,1056.0,0.016666666666666666,638.0,39.81108829568789,0.0,8208.0,1.89,1660.0,155.0,0.0,119.0,20.0,31633.6,31593.799999999996,39.80000000000291,0.998710272929008,12243.800000000001,0.38752579538405063,26242.670000000002,19227.9,-72.55690843297097,0.0,0.0,18.20823863636364
6676,8159,10076,1995-06-13,A,0,29784.0,24.0,1241.0,0.041666666666666664,125.0,25.464750171115675,1.0,10787.0,2.64,6041.0,131.0,0.0,12.0,18.0,34910.7,41317.2,-6406.5,1.1834771724092497,26629.199999999997,0.644490805504596,35711.561111111114,30637.5,-91.91587514218574,0.0,0.0,24.68775181305399
6965,9656,11886,1995-06-13,A,0,139536.0,24.0,5814.0,0.041666666666666664,576.0,53.74674880219028,1.0,8814.0,4.76,2112.0,107.0,0.0,165.0,19.0,96604.9,76433.8,20171.09999999999,0.7911918423201897,32643.800000000003,0.42708033513530486,41209.87368421053,12743.2,820.3722828130876,0.0,0.0,2.1918128654970763
6725,8489,10475,1995-06-23,A,0,265320.0,36.0,7370.0,0.027777777777777776,643.0,46.81724845995893,1.0,8402.0,3.13,999.0,120.0,0.0,148.0,23.0,53509.4,60998.799999999996,-7489.399999999994,1.1399428896065062,27383.800000000003,0.44891622595483927,35608.92608695651,26204.1,-112.49867936735255,0.0,0.0,3.55550881953867
7166,10630,13071,1995-06-24,A,0,198240.0,24.0,8260.0,0.041666666666666664,160.0,39.34565366187543,0.0,9832.0,3.32,6445.0,114.0,0.0,16.0,19.0,45303.5,56252.799999999996,-10949.299999999996,1.2416603207186923,9563.800000000001,0.17001162588127383,27966.826315789473,18727.8,-135.34803519549092,0.0,0.0,2.2672881355932204
7138,10440,12844,1995-07-03,C,0,60000.0,60.0,1000.0,0.016666666666666666,658.0,48.714579055441476,0.0,8994.0,3.8,9672.0,110.0,0.0,137.0,22.0,29282.8,21253.8,8029.0,0.7257869538789364,3523.7999999999997,0.16578843367145302,24035.668181818186,18934.6,45.513543720078886,0.0,0.0,18.9346
5970,4774,5760,1995-07-09,C,0,465072.0,48.0,9689.0,0.020833333333333332,541.0,47.167693360711844,0.0,8512.0,3.51,2247.0,102.0,0.0,103.0,19.0,74785.5,64110.799999999996,10674.700000000004,0.8572509744405741,35043.8,0.5466045252200064,32025.431578947366,22463.4,109.43110121969846,0.0,0.0,2.318443595830323
6157,5650,6829,1995-07-10,A,0,98592.0,24.0,4108.0,0.041666666666666664,183.0,31.54277891854894,1.0,10124.0,0.56,3810.0,141.0,0.0,26.0,19.0,74690.79999999999,79414.9,-4724.100000000006,1.0632345183808665,35500.0,0.4470137592094279,55503.15789473684,37191.5,-120.33580575778807,0.0,0.0,9.053432327166504
6153,5632,6803,1995-07-25,C,0,285600.0,60.0,4760.0,0.016666666666666666,252.0,14.628336755646817,1.0,9307.0,3.85,2616.0,118.0,0.0,49.0,16.0,21404.399999999998,31700.0,-10295.600000000002,1.4809347174077572,17420.0,0.5495094791962398,26899.39375,17898.7,-114.43884025373583,0.0,0.0,3.760231092436975
5693,3489,4217,1995-08-01,A,0,44088.0,24.0,1837.0,0.041666666666666664,236.0,44.101300479123886,1.0,8899.0,3.39,2987.0,149.0,0.0,32.0,16.0,49023.4,44559.2,4464.200000000004,0.9089188240957563,28929.2,0.6492161166242522,48681.9625,37368.6,33.83849494971698,0.0,0.0,20.342188350571583
5922,4580,5521,1995-08-05,A,0,20220.0,12.0,1685.0,0.08333333333333333,343.0,22.223134839151268,1.0,8899.0,3.39,2987.0,149.0,0.0,51.0,26.0,153657.09999999998,107479.20000000001,46177.899999999965,0.6994697969062486,76255.8,0.7094869566673675,66474.76923076923,20895.5,664.1987432366956,0.0,0.0,12.400890207715134
5959,4727,5701,1995-08-11,A,0,107640.0,24.0,4485.0,0.041666666666666664,179.0,35.71800136892539,1.0,8507.0,1.67,2159.0,132.0,0.0,23.0,23.0,107673.6,103721.8,3951.800000000003,0.963289392298648,73943.79999999999,0.7128982248840177,41664.30869565218,31199.4,5.50237798830505,0.0,0.0,6.9563879598662215
5980,4825,5826,1995-08-18,A,0,21396.0,12.0,1783.0,0.08333333333333333,440.0,26.937713894592743,0.0,9045.0,3.13,1845.0,124.0,0.0,78.0,16.0,32472.1,20393.399999999998,12078.7,0.6280090290117051,15043.800000000001,0.73764366688895,30860.74375,22682.0,119.63885227781931,0.0,0.0,12.721256309590578
6764,8776,10818,1995-08-26,C,0,33984.0,48.0,708.0,0.020833333333333332,367.0,23.058179329226558,0.0,9624.0,1.6,4484.0,145.0,0.0,70.0,19.0,41403.3,41267.8,135.5,0.9967032409677256,39143.8,0.9485083162098243,49095.484210526316,43990.7,21.2333756313395,0.0,0.0,62.13375706214689
5237,1375,1663,1995-08-29,A,0,45336.0,24.0,1889.0,0.041666666666666664,489.0,38.332648870636554,0.0,8402.0,3.13,999.0,120.0,0.0,90.0,21.0,61441.4,62300.799999999996,-859.3999999999942,1.0139708084319623,38843.8,0.6234779733490847,47547.666666666664,38408.1,-54.27771108415322,0.0,0.0,20.332503970354683
6726,8492,10479,1995-09-03,C,0,85860.0,60.0,1431.0,0.016666666666666666,431.0,39.87132101300479,1.0,8507.0,1.67,2159.0,132.0,0.0,96.0,23.0,34239.4,37585.799999999996,-3346.399999999994,1.0977032978586696,20083.800000000003,0.5343312013792078,37816.578260869566,31274.0,-47.81870589268276,0.0,0.0,21.85464709993012
6933,9493,11685,1995-09-09,C,0,188688.0,48.0,3931.0,0.020833333333333332,160.0,30.130047912388775,1.0,9624.0,1.6,4484.0,145.0,0.0,22.0,20.0,75368.40000000001,66936.20000000001,8432.199999999997,0.8881084365803629,34734.799999999996,0.5189162379065749,36541.524999999994,20919.1,-91.60086755922356,0.0,0.0,5.321572119053675
5145,915,1102,1995-09-16,C,0,309552.0,48.0,6449.0,0.020833333333333332,241.0,60.629705681040384,0.0,8994.0,3.8,9672.0,110.0,0.0,35.0,25.0,135865.90000000002,143571.8,-7705.899999999965,1.056709176407204,81351.79999999999,0.5666240402081731,42989.736,18130.8,305.4051458742145,0.0,0.0,2.811412622111955
7008,9897,12181,1995-09-22,A,0,36168.0,12.0,3014.0,0.08333333333333333,202.0,34.091718001368925,0.0,12541.0,0.29,85677.0,167.0,0.0,36.0,26.0,66694.40000000001,59781.3,6913.100000000006,0.8963331803992478,12343.800000000001,0.20647917527428689,33866.13076923077,21714.4,15.652051650063516,0.0,0.0,7.204512276045123
7227,10942,13451,1995-10-02,C,0,314520.0,60.0,5242.0,0.016666666666666666,484.0,39.87132101300479,1.0,8254.0,2.79,2166.0,97.0,0.0,130.0,25.0,193508.5,180357.0,13151.5,0.9320317607145903,133215.0,0.7386143115359451,62012.16,25242.0,295.3852403342684,0.0,0.0,4.8153376573826785
6600,7861,9721,1995-10-08,A,0,21852.0,36.0,607.0,0.027777777777777776,169.0,40.84052019164955,0.0,9675.0,6.43,5323.0,100.0,0.0,18.0,32.0,65211.9,65055.8,156.09999999999854,0.9975909674312905,36363.799999999996,0.5589546365637411,36854.5625,26944.6,97.14731358444165,0.0,0.0,44.38978583196046
6712,8405,10382,1995-10-14,C,0,266220.0,60.0,4437.0,0.016666666666666666,522.0,30.652977412731005,1.0,8547.0,2.65,1563.0,120.0,0.0,144.0,33.0,78438.5,86721.79999999999,-8283.299999999988,1.1055883834037696,49863.8,0.5749791289026647,44580.260606060605,29111.5,24.02178028604438,0.0,0.0,6.561077304485012
7057,10093,12416,1995-10-20,A,0,231696.0,36.0,6436.0,0.027777777777777776,476.0,22.390143737166323,0.0,12541.0,0.29,85677.0,167.0,0.0,126.0,31.0,141844.40000000002,132132.0,9712.400000000023,0.9315212195813186,82299.0,0.6228497044644411,47357.632258064536,20928.9,322.0628934549978,0.0,0.0,3.2518489745183348
7176,10663,13113,1995-10-28,A,0,260028.0,36.0,7223.0,0.027777777777777776,689.0,18.921286789869953,0.0,9622.0,0.45,3475.0,154.0,0.0,161.0,27.0,152441.2,171757.40000000002,-19316.20000000001,1.1267050724799301,107790.8,0.6275722177197738,55351.155555555546,19968.3,136.44612131295096,0.0,0.0,2.764543818358023
7304,11349,13955,1995-10-29,C,0,419880.0,60.0,6998.0,0.016666666666666666,156.0,49.9958932238193,1.0,12541.0,0.29,85677.0,167.0,0.0,18.0,25.0,147473.7,141086.0,6387.700000000012,0.9566793490680096,87434.0,0.6197169122598113,48395.051999999996,24198.5,151.14198624661574,0.0,0.0,3.4579165475850244
6362,6738,8130,1995-10-31,A,0,37908.0,12.0,3159.0,0.08333333333333333,460.0,19.479808350444902,1.0,8544.0,1.29,2719.0,109.0,0.0,76.0,22.0,66958.90000000001,86620.79999999999,-19661.89999999998,1.2936220036170898,77143.8,0.8905818165865869,45520.34545454545,26451.6,-261.4489865444262,0.0,0.0,8.373409306742639
5880,4423,5333,1995-10-31,A,0,73836.0,36.0,2051.0,0.027777777777777776,188.0,28.424366872005475,1.0,10446.0,7.34,4947.0,90.0,0.0,19.0,28.0,61884.3,108967.79999999999,-47083.499999999985,1.760802646185766,86938.79999999999,0.7978320399967697,55022.3642857143,20369.6,-675.4923589279143,0.0,0.0,9.931545587518283
6535,7546,9346,1995-11-02,A,0,41952.0,12.0,3496.0,0.08333333333333333,425.0,22.89390828199863,0.0,9425.0,1.72,4085.0,125.0,0.0,105.0,30.0,73837.0,77224.2,-3387.199999999997,1.0458598553590293,54412.799999999996,0.7045990169012187,36786.00000000001,21176.8,-222.51145423728815,0.0,0.0,6.057437070938215
5449,2343,2831,1995-11-04,A,0,99336.0,24.0,4139.0,0.041666666666666664,330.0,15.321013004791238,1.0,9893.0,4.09,5623.0,96.0,0.0,52.0,24.0,51854.2,52929.8,-1075.6000000000058,1.0207230904518738,26343.8,0.49770266083263426,32584.416666666668,20740.0,-91.42205812030878,0.0,0.0,5.010872191350567
6342,6609,7980,1995-11-12,B,1,60156.0,36.0,1671.0,0.027777777777777776,230.0,19.260780287474333,0.0,8427.0,1.12,1874.0,107.0,0.0,56.0,28.0,48584.7,93671.8,-45087.100000000006,1.9279705757043741,72143.8,0.770168074403669,45999.79642857143,21505.5,-569.1485219887436,0.0,0.0,12.86983842010772
5409,2218,2686,1995-11-18,C,0,182040.0,60.0,3034.0,0.016666666666666666,362.0,44.65434633812457,1.0,8402.0,3.13,999.0,120.0,0.0,59.0,25.0,144306.7,131070.80000000002,13235.899999999994,0.9082730859129485,121968.8,0.930549515609002,58561.48,33157.2,-186.35309686562195,0.0,0.0,10.928543177323665
6955,9627,11851,1995-11-22,C,0,244368.0,48.0,5091.0,0.020833333333333332,488.0,25.639972621492127,0.0,8403.0,5.74,2157.0,105.0,0.0,144.0,16.0,8909.4,70765.90000000001,-61856.50000000001,7.941944244927277,55492.0,0.7841519128293029,43717.99375,21209.2,-791.625546122364,0.0,0.0,4.166018463956001
6985,9731,11978,1995-11-22,A,0,113796.0,36.0,3161.0,0.027777777777777776,356.0,24.12046543463381,0.0,9897.0,1.6,18721.0,140.0,0.0,72.0,24.0,70425.1,68253.1,2172.0,0.9691449618820296,39910.0,0.5847267783180791,33124.862499999996,21275.4,40.51752918868248,0.0,0.0,6.730591584941474
5125,789,944,1995-11-23,C,0,73056.0,48.0,1522.0,0.020833333333333332,290.0,24.930869267624914,0.0,10446.0,7.34,4947.0,90.0,0.0,51.0,26.0,21369.5,27951.800000000003,-6582.300000000003,1.3079619101097308,12003.8,0.4294310408975129,18049.87307692308,10793.4,-132.791865096648,0.0,0.0,7.091590013140604
5805,4081,4918,1995-11-28,B,1,137904.0,24.0,5746.0,0.041666666666666664,129.0,27.561943874058862,0.0,9622.0,0.45,3475.0,154.0,0.0,12.0,15.0,42003.100000000006,55121.2,-13118.099999999991,1.3122814201470807,43629.2,0.7914996135858148,31063.946666666663,13363.6,-326.74746522046695,0.0,0.0,2.3257222415593457
6185,5774,6987,1995-11-28,A,0,31176.0,24.0,1299.0,0.041666666666666664,173.0,27.83025325119781,0.0,12541.0,0.29,85677.0,167.0,0.0,23.0,23.0,69267.4,73988.79999999999,-4721.399999999994,1.0681465141392035,44423.8,0.6004043800631981,41187.50869565216,26247.9,-62.96583656203277,0.0,0.0,20.206235565819863
7243,11042,13576,1995-12-04,A,0,217152.0,36.0,6032.0,0.027777777777777776,309.0,21.409993155373034,0.0,8994.0,3.8,9672.0,110.0,0.0,57.0,26.0,130839.70000000001,137548.2,-6708.5,1.0512646294310561,94144.80000000002,0.6844445478417905,44644.873076923075,22069.8,-411.15987574447774,0.0,0.0,3.658786472148541
6403,6924,8359,1995-12-05,C,0,194880.0,48.0,4060.0,0.020833333333333332,552.0,15.997262149212867,0.0,10673.0,4.75,18782.0,100.0,0.0,113.0,23.0,85622.59999999999,94547.3,-8924.700000000012,1.104220098197226,68613.8,0.7257010438051239,33911.36521739129,11987.7,-467.837796331937,0.0,0.0,2.9526354679802957
6578,7765,9606,1995-12-11,A,0,27984.0,12.0,2332.0,0.08333333333333333,519.0,46.8145106091718,0.0,8363.0,2.52,2564.0,108.0,0.0,76.0,21.0,76156.5,82437.0,-6280.5,1.0824541246758363,50790.0,0.6160993716489969,30214.966666666664,12100.0,-402.95018030143814,0.0,0.0,5.188679245283019
5413,2227,2698,1995-12-12,A,0,92976.0,24.0,3874.0,0.041666666666666664,569.0,25.180013689253936,1.0,8930.0,3.52,1328.0,108.0,0.0,109.0,21.0,91999.6,92298.1,-298.5,1.003233674562992,40519.0,0.438996696609176,30717.900000000005,17658.1,-31.90804519548042,0.0,0.0,4.55810531750129
6949,9583,11794,1995-12-12,A,0,104712.0,24.0,4363.0,0.041666666666666664,569.0,25.180013689253936,1.0,8930.0,3.52,1328.0,108.0,0.0,108.0,21.0,92689.79999999999,93765.1,-1075.3000000000175,1.011590147026458,40519.0,0.4321284558065228,37485.528571428564,23974.7,-5.692597740225948,0.0,0.0,5.495003438001375
6545,7606,9417,1995-12-12,C,0,191880.0,60.0,3198.0,0.016666666666666666,272.0,46.76249144421629,0.0,9104.0,1.51,2299.0,123.0,0.0,87.0,28.0,105057.1,128886.2,-23829.09999999999,1.2268087848533333,88920.8,0.6899117988442608,59463.50000000001,9835.6,-26.404936953053525,0.0,0.0,3.075547217010632
6178,5742,6946,1995-12-16,C,0,232560.0,48.0,4845.0,0.020833333333333332,164.0,25.87816563997262,1.0,10673.0,4.75,18782.0,100.0,0.0,27.0,25.0,195330.4,215576.0,-20245.600000000006,1.1036423227397132,201041.0,0.9325716565310771,64663.331999999995,20997.9,457.20816402926664,0.0,0.0,4.333931888544892
5160,1011,1215,1995-12-18,C,0,204000.0,60.0,3400.0,0.016666666666666666,366.0,51.61670088980151,0.0,8390.0,2.28,2080.0,132.0,0.0,65.0,24.0,67579.7,79600.3,-12020.600000000006,1.1778555120026872,48143.799999999996,0.6048117304616883,31947.754166666666,21616.9,129.6340242707469,0.0,0.0,6.357911764705883
6785,8899,10963,1995-12-25,C,0,125340.0,60.0,2089.0,0.016666666666666666,476.0,51.526351813826146,0.0,12541.0,0.29,85677.0,167.0,0.0,127.0,23.0,96576.1,39695.4,56880.700000000004,0.411022902944901,22290.0,0.5615118751322538,30633.404347826083,17815.4,137.34246397828792,0.0,0.0,8.528195308760173
6540,7562,9366,1995-12-31,C,0,309600.0,48.0,6450.0,0.020833333333333332,348.0,20.514715947980836,0.0,8994.0,3.8,9672.0,110.0,0.0,56.0,21.0,116613.9,96040.59999999999,20573.300000000003,0.8235705728856261,76690.0,0.7985081464698631,45027.55238095238,22016.1,194.83755181572224,0.0,0.0,3.413348837209302
6589,7815,9663,1996-01-01,A,0,189696.0,24.0,7904.0,0.041666666666666664,267.0,50.26967830253251,0.0,8402.0,3.98,1099.0,120.0,0.0,89.0,31.0,46524.3,121421.40000000001,-74897.1,2.609792951361947,85890.0,0.7073653625690153,37458.064516129016,13693.1,-494.26008553654736,0.0,0.0,1.7324266194331985
5900,4503,5433,1996-01-01,C,0,135360.0,48.0,2820.0,0.020833333333333332,363.0,20.27104722792608,0.0,8187.0,5.45,2134.0,94.0,0.0,77.0,22.0,133169.69999999998,132803.2,366.4999999999709,0.9972403839583334,124343.80000000002,0.9362941834670891,63854.9090909091,42125.1,303.5520392420083,0.0,0.0,14.937978723404255
5999,4907,5928,1996-01-03,C,0,98832.0,48.0,2059.0,0.020833333333333332,696.0,25.31416837782341,1.0,8388.0,2.94,1668.0,87.0,0.0,177.0,31.0,46833.399999999994,52328.799999999996,-5495.4000000000015,1.117315477512256,29603.799999999996,0.5657159018379585,20019.14838709678,10480.4,-9.734608516707846,0.0,0.0,5.0900437105390965
6043,5126,6185,1996-01-11,C,0,20352.0,48.0,424.0,0.020833333333333332,283.0,47.85215605749487,1.0,8757.0,3.95,2471.0,96.0,0.0,48.0,24.0,29633.0,31379.800000000003,-1746.800000000003,1.0589120604710807,17483.8,0.5571495946566052,25345.95,17669.0,7.482413099251582,0.0,0.0,41.67216981132076
5482,2496,3013,1996-01-12,C,0,165120.0,60.0,2752.0,0.016666666666666666,601.0,45.82067077344285,1.0,8541.0,2.97,3839.0,131.0,0.0,116.0,23.0,37771.6,38365.799999999996,-594.1999999999971,1.0157045053822082,15163.8,0.3952323362907514,22711.9347826087,16551.2,3.2563970588235227,0.0,0.0,6.014244186046512
7263,11138,13690,1996-01-19,A,0,89880.0,24.0,3745.0,0.041666666666666664,154.0,32.67898699520876,0.0,10177.0,7.75,10108.0,81.0,0.0,29.0,36.0,357296.2,343146.10000000003,14150.099999999977,0.9603940361133533,331912.0,0.9672586479675916,87594.92777777779,31776.5,842.0865513076034,0.0,0.0,8.485046728971962
6013,4995,6034,1996-02-03,D,1,128988.0,36.0,3583.0,0.027777777777777776,551.0,56.47091033538672,0.0,8547.0,3.64,1542.0,120.0,1.0,82.0,22.0,225119.8,172439.0,52680.79999999999,0.7659843070920146,161690.0,0.9376594757596846,64626.140909090915,5097.2,1066.0893093112984,0.0,0.0,1.422606754116662
5750,3804,4584,1996-02-08,A,0,63252.0,12.0,5271.0,0.08333333333333333,672.0,46.625598904859686,1.0,9920.0,2.87,4846.0,130.0,0.0,164.0,25.0,95472.3,88058.90000000001,7413.399999999994,0.9223405915580587,56943.799999999996,0.6466484745042862,37949.708000000006,19537.6,73.98968259768628,0.0,0.0,3.7066211345095805
6027,5066,6115,1996-02-10,B,1,61656.0,24.0,2569.0,0.041666666666666664,167.0,42.12731006160164,1.0,8598.0,3.26,1875.0,123.0,0.0,12.0,18.0,93847.3,87546.8,6300.5,0.9328544043951782,76924.0,0.8786514338452822,71269.06666666665,46447.0,91.85263403046245,0.0,0.0,18.079797586609576
6303,6400,7727,1996-02-12,B,1,72408.0,24.0,3017.0,0.041666666666666664,126.0,37.667351129363446,1.0,8930.0,4.2,1452.0,108.0,0.0,13.0,6.0,627.0,9000.0,-8373.0,14.331210191082803,9000.0,0.9998889012331963,30181.8,27990.8,-85.27955207166858,0.0,0.0,9.277693072588663
7213,10884,13380,1996-02-13,C,0,113544.0,36.0,3154.0,0.027777777777777776,358.0,53.40451745379877,0.0,8403.0,5.72,2718.0,105.0,0.0,71.0,23.0,59172.49999999999,53907.8,5264.69999999999,0.9110125309471302,27243.800000000003,0.5053683257649957,31702.091304347836,18651.4,-83.79115673874028,0.0,0.0,5.913570069752695
6659,8092,9995,1996-02-20,C,0,56100.0,60.0,935.0,0.016666666666666666,405.0,37.62354551676933,0.0,9897.0,1.96,18696.0,140.0,0.0,68.0,18.0,28189.1,27096.800000000003,1092.2999999999956,0.96121688110365,5643.8,0.20827521053369644,18410.444444444445,14326.5,30.268524006542858,0.0,0.0,15.322459893048128
6175,5735,6936,1996-02-21,D,1,290700.0,60.0,4845.0,0.016666666666666666,392.0,36.982888432580424,1.0,8363.0,3.49,2799.0,108.0,1.0,100.0,15.0,57414.7,38812.6,18602.1,0.6759928033621466,24277.6,0.6254920955541357,14658.726666666664,683.3,88.40061879828643,0.0,1.0,0.14103199174406603
5610,3112,3763,1996-02-24,C,0,123216.0,48.0,2567.0,0.020833333333333332,561.0,18.535249828884325,1.0,8965.0,8.23,2822.0,104.0,0.0,128.0,27.0,162470.3,183215.69999999998,-20745.399999999994,1.1276803964761777,166357.8,0.9079838246186074,73491.72962962964,45298.6,-346.9180131067345,0.0,0.0,17.64651343981301
5563,2912,3519,1996-02-29,C,0,380160.0,60.0,6336.0,0.016666666666666666,579.0,46.20670773442848,0.0,10673.0,5.44,18347.0,100.0,0.0,109.0,19.0,181721.8,114670.79999999999,67051.0,0.6310204333193193,95662.79999999999,0.8342312582518108,50272.78421052631,15242.4,738.7130337249213,0.0,0.0,2.4056818181818183
5989,4852,5860,1996-03-04,C,0,213300.0,36.0,5925.0,0.027777777777777776,326.0,31.865845311430526,0.0,9538.0,1.81,5410.0,111.0,0.0,59.0,18.0,38504.5,32200.799999999996,6303.700000000004,0.8362649491631065,43.8,0.0013601724127222702,32562.466666666667,22532.7,46.66707171280722,0.0,0.0,3.802987341772152
6698,8327,10282,1996-03-10,C,0,247728.0,48.0,5161.0,0.020833333333333332,215.0,16.725530458590008,0.0,12541.0,0.43,99107.0,167.0,0.0,50.0,26.0,106931.40000000001,120763.59999999999,-13832.199999999983,1.129345268599601,87890.0,0.7277794982966863,53749.47307692309,29635.0,248.87514088538595,0.0,0.0,5.7421042433636895
5312,1772,2148,1996-03-13,C,0,202788.0,36.0,5633.0,0.027777777777777776,387.0,42.64750171115674,1.0,8930.0,4.2,1452.0,108.0,0.0,79.0,23.0,169457.1,154706.0,14751.100000000006,0.912945441970611,119452.0,0.7721176158803416,63217.386956521725,23876.9,-289.51449067225803,0.0,0.0,4.2387537724125695
7189,10728,13190,1996-03-21,C,0,154656.0,48.0,3222.0,0.020833333333333332,454.0,39.31006160164271,0.0,8678.0,5.57,4595.0,102.0,0.0,89.0,20.0,68148.6,58309.299999999996,9839.30000000001,0.8556073696690808,37043.8,0.6352874192038114,43399.26500000001,32747.3,77.81595340159201,0.0,0.0,10.163656114214772
6816,9017,11105,1996-03-26,D,1,100224.0,48.0,2088.0,0.020833333333333332,125.0,39.14579055441479,1.0,10177.0,7.75,10108.0,81.0,0.0,18.0,22.0,44823.2,50893.2,-6070.0,1.1353956121916287,44629.2,0.8769014936869034,28027.122727272726,11313.1,-176.03711159349058,0.0,0.0,5.418151340996169
6137,5574,6731,1996-04-10,A,0,44628.0,12.0,3719.0,0.08333333333333333,636.0,52.37234770704997,0.0,8598.0,3.26,1875.0,123.0,0.0,146.0,24.0,167708.5,155442.0,12266.5,0.926852682763946,108651.0,0.698976473691321,55510.125,22960.0,343.61959089864405,0.0,0.0,6.173702608228019
5128,808,968,1996-04-11,D,1,215616.0,48.0,4492.0,0.020833333333333332,303.0,39.14579055441479,0.0,8173.0,7.01,1358.0,124.0,1.0,61.0,26.0,54088.3,50112.600000000006,3975.699999999997,0.9264789893749781,45612.600000000006,0.9101840618115641,3354.173076923077,-4384.8,38.3263489183531,1.0,1.0,-0.9761353517364203
5470,2456,2966,1996-04-15,C,0,200976.0,48.0,4187.0,0.020833333333333332,219.0,41.14989733059548,0.0,8403.0,5.72,2718.0,105.0,0.0,35.0,23.0,96924.4,108964.70000000001,-12040.300000000017,1.1242120228546906,67740.79999999999,0.6216708560583741,32834.36521739131,14167.0,-209.10194338687455,0.0,0.0,3.3835681872462384
5593,3037,3670,1996-04-18,D,1,277884.0,36.0,7719.0,0.027777777777777776,693.0,15.58384668035592,1.0,8254.0,3.76,2325.0,97.0,0.0,117.0,10.0,98.7,13244.300000000001,-13145.6,132.84152457372116,13244.300000000001,0.9999245015212943,4366.5,-1536.2,-202.67420132141467,1.0,1.0,-0.1990154165047286
5350,1967,2392,1996-04-21,C,0,249312.0,48.0,5194.0,0.020833333333333332,433.0,40.91991786447639,0.0,10787.0,3.09,6261.0,131.0,0.0,60.0,29.0,246151.69999999998,270378.0,-24226.300000000017,1.0984157394982872,212304.0,0.7852089104553238,58646.04482758622,11542.1,-741.7031569707715,0.0,0.0,2.2221986907970734
6063,5213,6299,1996-04-25,D,1,320976.0,48.0,6687.0,0.020833333333333332,251.0,59.709787816563995,0.0,12541.0,0.43,99107.0,167.0,0.0,50.0,22.0,165004.5,162176.8,2827.7000000000116,0.9828569350718611,142115.8,0.8762962624970865,66955.37727272727,46692.5,47.06980405328156,0.0,0.0,6.9825781366831166
6501,7418,9196,1996-04-29,B,1,30276.0,12.0,2523.0,0.08333333333333333,388.0,57.01848049281314,1.0,9104.0,2.07,2354.0,123.0,0.0,92.0,25.0,55140.4,61699.399999999994,-6558.999999999993,1.1189306038656979,54129.799999999996,0.877300633383252,20458.012,1942.2,-11.515703224149782,0.0,0.0,0.7697978596908442
5452,2352,2843,1996-04-29,C,0,49440.0,60.0,824.0,0.016666666666666666,464.0,29.56331279945243,1.0,10177.0,7.75,10108.0,81.0,0.0,110.0,26.0,71488.5,70892.79999999999,595.7000000000116,0.9916533197182802,51563.8,0.7273386389218804,54036.53846153846,41663.6,10.164289242319473,0.0,0.0,50.5626213592233
4961,19,25,1996-04-29,B,1,30276.0,12.0,2523.0,0.08333333333333333,388.0,57.01848049281314,1.0,9104.0,2.07,2354.0,123.0,0.0,80.0,24.0,54812.2,54231.7,580.5,0.9893912415257639,54231.7,0.9999815609401708,19911.3625,3795.4,8.983174567558756,0.0,1.0,1.5043202536662703
4973,67,78,1996-05-02,A,0,165960.0,24.0,6915.0,0.041666666666666664,561.0,51.885010266940455,1.0,8427.0,1.54,1913.0,107.0,0.0,125.0,24.0,145674.99999999997,142633.80000000002,3041.1999999999534,0.979116669870123,101374.8,0.7107297798293263,45351.81666666666,26586.6,-116.67029867822559,0.0,0.0,3.844772234273319
6190,5794,7010,1996-05-06,C,0,123600.0,60.0,2060.0,0.016666666666666666,297.0,28.851471594798085,0.0,10177.0,7.75,10108.0,81.0,0.0,49.0,12.0,4371.799999999999,7523.8,-3152.000000000001,1.7205909257226495,1343.8,0.1785828194769296,13935.650000000001,12313.0,-15.845177240151989,0.0,0.0,5.977184466019417
6715,8411,10389,1996-05-06,C,0,220620.0,60.0,3677.0,0.016666666666666666,521.0,52.72553045859001,1.0,8547.0,3.64,1542.0,120.0,0.0,128.0,25.0,78039.4,74932.7,3106.699999999997,0.9601783178968842,35943.799999999996,0.4796746991006716,32994.804,17109.9,46.42959117753705,0.0,0.0,4.653222735926027
5892,4462,5384,1996-05-14,B,1,66480.0,24.0,2770.0,0.041666666666666664,139.0,60.81587953456537,0.0,8746.0,3.74,4433.0,90.0,0.0,10.0,12.0,38371.6,44751.3,-6379.700000000004,1.1662305916200624,41981.0,0.9380746911331931,33711.38333333334,24255.7,104.02018305562075,0.0,0.0,8.756570397111913
6550,7614,9427,1996-05-18,C,0,320592.0,48.0,6679.0,0.020833333333333332,465.0,25.522245037645447,1.0,8544.0,1.86,2906.0,109.0,0.0,88.0,19.0,141038.2,132001.9,9036.300000000017,0.935923487938105,111965.8,0.8482071227223039,65292.6947368421,40246.4,5.222942617397195,0.0,0.0,6.025812247342417
5706,3608,4352,1996-05-24,C,0,161496.0,36.0,4486.0,0.027777777777777776,633.0,24.83504449007529,0.0,8994.0,4.79,9208.0,110.0,0.0,130.0,22.0,86579.40000000001,65827.0,20752.40000000001,0.7602990977172662,42997.0,0.6531719025338761,45624.945454545465,26778.8,281.1520634512601,0.0,0.0,5.96941596076683
5148,940,1133,1996-05-29,C,0,284280.0,60.0,4738.0,0.016666666666666666,561.0,37.70294318959617,1.0,9065.0,5.39,4166.0,123.0,0.0,94.0,23.0,133455.8,172307.8,-38852.0,1.2911129294273502,158093.80000000002,0.9175027624822414,78788.7391304348,52106.8,-139.59857110878966,0.0,0.0,10.997636133389616
6734,8547,10543,1996-05-30,C,0,173016.0,36.0,4806.0,0.027777777777777776,318.0,51.26351813826147,1.0,10045.0,1.71,6295.0,135.0,0.0,94.0,28.0,287724.30000000005,242138.5,45585.80000000005,0.8415613781617396,227719.0,0.9404454870023272,77900.92857142855,33030.6,540.1249777598058,0.0,0.0,6.872784019975031
6109,5422,6544,1996-06-03,C,0,368880.0,60.0,6148.0,0.016666666666666666,590.0,21.831622176591377,0.0,8512.0,4.12,2103.0,102.0,0.0,182.0,34.0,253552.1,302148.8,-48596.69999999998,1.1916588675113813,269943.8,0.8934104871159935,78000.69117647059,33112.1,-143.66594029105826,0.0,0.0,5.385832791151594
6961,9645,11873,1996-06-06,C,0,176148.0,36.0,4893.0,0.027777777777777776,135.0,32.544832306639286,1.0,8965.0,8.23,2822.0,104.0,0.0,13.0,23.0,126079.0,154986.8,-28907.79999999999,1.2292734771573604,124758.8,0.8049588419217514,46114.039130434765,21076.2,-429.7202639221481,0.0,0.0,4.307418761496015
6810,9006,11093,1996-06-08,C,0,186384.0,48.0,3883.0,0.020833333333333332,645.0,37.35797399041752,0.0,9317.0,7.07,6872.0,97.0,0.0,190.0,22.0,103699.70000000001,52162.0,51537.70000000001,0.5030052834744606,26890.0,0.5154994919770719,37353.95909090909,12579.8,677.9209005063339,0.0,0.0,3.239711563224311
5494,2572,3103,1996-06-13,C,0,360000.0,48.0,7500.0,0.020833333333333332,578.0,23.26899383983573,1.0,9624.0,2.31,4265.0,145.0,0.0,136.0,18.0,148411.0,103778.0,44633.0,0.699256124841657,88778.0,0.8554524518447856,81593.77222222222,45716.9,398.7072974438545,0.0,0.0,6.095586666666667
5311,1766,2141,1996-06-15,C,0,30060.0,60.0,501.0,0.016666666666666666,651.0,44.77481177275838,0.0,8594.0,2.01,1525.0,112.0,0.0,186.0,29.0,59225.0,69691.79999999999,-10466.799999999988,1.176709553236754,47683.8,0.6841998025621012,26354.010344827588,15980.6,-116.47726346132112,0.0,0.0,31.89740518962076
5445,2322,2809,1996-06-29,A,0,46320.0,24.0,1930.0,0.041666666666666664,544.0,17.371663244353183,0.0,8705.0,7.61,4859.0,116.0,0.0,178.0,28.0,66264.4,69473.79999999999,-3209.399999999994,1.0484174244779325,43643.799999999996,0.6281961229107533,34274.65000000001,15843.3,-311.1041939108395,0.0,0.0,8.208963730569948
5301,1698,2063,1996-07-06,C,0,141948.0,36.0,3943.0,0.027777777777777776,114.0,45.776865160848736,1.0,9893.0,4.72,5887.0,96.0,0.0,10.0,16.0,58220.1,75119.20000000001,-16899.100000000013,1.290240136307971,47949.2,0.6382996850381121,45362.7625,30209.7,-350.3826400294766,0.0,0.0,7.661602840476794
7034,10001,12303,1996-07-11,C,0,19044.0,36.0,529.0,0.027777777777777776,410.0,22.26694045174538,1.0,8991.0,2.01,5273.0,128.0,0.0,69.0,17.0,48782.100000000006,44430.799999999996,4351.30000000001,0.9107826275902924,42843.8,0.964259831922182,43718.49999999999,36192.2,17.079811688311707,0.0,0.0,68.41625708884688
6751,8680,10702,1996-07-14,C,0,85716.0,36.0,2381.0,0.027777777777777776,153.0,58.19849418206708,0.0,8114.0,2.62,1181.0,119.0,0.0,19.0,24.0,43558.9,51279.399999999994,-7720.499999999993,1.1772157420012441,7643.8,0.14905889969657024,29519.075,16890.6,-101.35075443446213,0.0,0.0,7.093910121797563
6667,8127,10040,1996-07-15,A,0,155880.0,24.0,6495.0,0.041666666666666664,641.0,27.707049965776864,1.0,9065.0,5.39,4166.0,123.0,0.0,142.0,29.0,251421.5,237943.19999999998,13478.300000000017,0.9463878531157712,193543.80000000002,0.8133999483912616,82936.37241379311,39164.6,590.3502684640996,0.0,0.0,6.0299615088529634
6130,5541,6691,1996-07-18,C,0,32640.0,48.0,680.0,0.020833333333333332,482.0,53.75770020533881,0.0,9425.0,2.5,3891.0,125.0,0.0,107.0,23.0,27893.0,16069.800000000001,11823.199999999999,0.5761023876102388,2743.7999999999997,0.17073201085197995,22529.3652173913,11911.6,167.1372239905902,0.0,0.0,17.517058823529414
5429,2268,2746,1996-07-18,C,0,20196.0,36.0,561.0,0.027777777777777776,523.0,25.39356605065024,0.0,12541.0,0.43,99107.0,167.0,0.0,96.0,19.0,71753.3,76152.79999999999,-4399.499999999985,1.0612994621925096,57243.799999999996,0.7516867181939707,61928.02631578947,43942.0,-20.006975744022036,0.0,0.0,78.32798573975045
5725,3679,4434,1996-07-23,C,0,444864.0,48.0,9268.0,0.020833333333333332,343.0,32.31759069130732,0.0,9624.0,2.31,4265.0,145.0,0.0,64.0,21.0,55374.0,55998.799999999996,-624.7999999999956,1.0112650112866817,1143.8,0.020425072946689098,40732.51428571428,32896.4,20.718047835069058,0.0,0.0,3.5494605092792404
6019,5033,6077,1996-07-25,A,0,11400.0,12.0,950.0,0.08333333333333333,357.0,16.23545516769336,1.0,9897.0,1.96,18696.0,140.0,0.0,77.0,25.0,21809.4,26603.800000000003,-4794.4000000000015,1.2197758867329347,9443.800000000001,0.35496602116911236,26779.584000000003,23025.9,0.9126807160661757,0.0,0.0,24.237789473684213
6421,6985,8432,1996-07-25,C,0,96768.0,36.0,2688.0,0.027777777777777776,364.0,28.550308008213552,1.0,8965.0,8.23,2822.0,104.0,0.0,66.0,23.0,170445.6,183807.30000000002,-13361.700000000012,1.0783864271859926,136243.80000000002,0.7412276812309346,60295.86086956521,20234.7,-564.9590185597845,0.0,0.0,7.527790178571429
6992,9790,12050,1996-07-27,C,0,133968.0,48.0,2791.0,0.020833333333333332,261.0,53.16084873374401,0.0,8363.0,3.49,2799.0,108.0,0.0,79.0,32.0,203329.4,136649.8,66679.6,0.6720578919827039,90203.8,0.6601044413936838,52445.365625000006,17975.1,601.1646284473212,0.0,0.0,6.440379792189179
5136,846,1020,1996-07-28,A,0,187104.0,24.0,7796.0,0.041666666666666664,141.0,19.21697467488022,1.0,8994.0,4.79,9208.0,110.0,0.0,25.0,29.0,242999.80000000002,299209.30000000005,-56209.50000000003,1.231309938074278,275822.80000000005,0.9218359127342876,83623.21724137933,30668.2,-699.5980104541518,0.0,0.0,3.9338378655720883
5337,1886,2288,1996-07-31,C,0,162468.0,36.0,4513.0,0.027777777777777776,148.0,38.93771389459275,1.0,9272.0,3.22,4505.0,118.0,0.0,15.0,22.0,81885.0,113065.9,-31180.899999999994,1.3807720489460957,86933.8,0.7688704651847712,34181.61363636363,13110.5,-357.7798186590654,0.0,0.0,2.905052071792599
5495,2580,3113,1996-08-02,C,0,89340.0,60.0,1489.0,0.016666666666666666,267.0,24.722792607802873,1.0,8441.0,4.48,2252.0,115.0,0.0,44.0,20.0,35500.2,32518.8,2981.399999999998,0.9159915721158722,13003.800000000001,0.3998733079539235,46846.37999999999,40119.5,-18.21099750290299,0.0,0.0,26.943922095366016
7013,9928,12220,1996-08-02,C,0,89340.0,60.0,1489.0,0.016666666666666666,267.0,24.722792607802873,1.0,8441.0,4.48,2252.0,115.0,0.0,44.0,20.0,35508.99999999999,32518.8,2990.1999999999935,0.9157645733596171,13003.800000000001,0.3998733079539235,47555.33000000001,40830.3,-18.11698813793286,0.0,0.0,27.421289456010747
6012,4994,6033,1996-08-03,C,0,258444.0,36.0,7179.0,0.027777777777777776,205.0,30.187542778918548,0.0,12541.0,0.43,99107.0,167.0,0.0,16.0,14.0,34994.700000000004,61847.600000000006,-26852.9,1.767291410087525,47490.0,0.7678427644279741,44598.978571428575,26945.4,-570.5665898899806,0.0,0.0,3.753363978269954
6471,7184,8670,1996-08-04,A,0,155640.0,24.0,6485.0,0.041666666666666664,412.0,53.57426420260096,1.0,9307.0,4.43,3040.0,118.0,0.0,105.0,29.0,69487.3,80498.8,-11011.5,1.1584511349392632,42203.8,0.5242721099928199,47938.00344827585,29353.4,-256.3885897440537,0.0,0.0,4.526353122590594
6296,6358,7678,1996-08-06,C,0,270384.0,48.0,5633.0,0.020833333333333332,437.0,34.332648870636554,0.0,8980.0,2.21,2813.0,111.0,0.0,87.0,20.0,70186.3,98469.20000000001,-28282.90000000001,1.402948966550929,42342.8,0.4300062353889806,39390.595,23807.1,-133.82584796488425,0.0,0.0,4.226362506657199
7305,11359,13968,1996-08-06,A,0,54024.0,12.0,4502.0,0.08333333333333333,675.0,28.314852840520192,0.0,8814.0,5.74,2059.0,107.0,0.0,147.0,23.0,81443.5,74566.70000000001,6876.799999999988,0.9155523086273476,46743.8,0.6268639102453206,29163.33478260869,16408.2,40.28948419369872,0.0,0.0,3.6446468236339404
6144,5593,6753,1996-08-09,A,0,44376.0,12.0,3698.0,0.08333333333333333,164.0,34.21492128678987,0.0,9045.0,3.6,1879.0,124.0,0.0,39.0,24.0,81702.3,136959.2,-55256.90000000001,1.6762994885151519,107718.8,0.7864970991572734,45799.31666666667,12984.5,-425.5845006683918,0.0,0.0,3.5112222823147645
6283,6289,7594,1996-08-11,C,0,85632.0,48.0,1784.0,0.020833333333333332,494.0,47.34565366187543,1.0,9624.0,2.31,4265.0,145.0,0.0,85.0,17.0,83714.2,79397.3,4316.899999999994,0.9484215530751883,74043.8,0.9325615283954443,84950.48235294118,69795.2,-69.78303926001651,0.0,0.0,39.12286995515695
7246,11054,13590,1996-08-20,C,0,148920.0,60.0,2482.0,0.016666666666666666,201.0,19.04722792607803,0.0,8444.0,3.47,2305.0,106.0,0.0,31.0,20.0,66633.5,63461.0,3172.5,0.9523745207062407,21497.0,0.33873814251047873,25228.934999999998,9080.9,-50.76540781889317,0.0,0.0,3.65870265914585
5088,544,655,1996-08-22,A,0,91152.0,24.0,3798.0,0.041666666666666664,465.0,53.700205338809035,0.0,9272.0,3.22,4505.0,118.0,0.0,77.0,16.0,69005.6,48302.4,20703.200000000004,0.6999678291641669,36907.8,0.7640828595916644,50612.4375,34158.6,157.58194110558355,0.0,0.0,8.993838862559242
5988,4851,5858,1996-08-22,A,0,141648.0,24.0,5902.0,0.041666666666666664,200.0,44.09856262833676,0.0,8363.0,3.49,2799.0,108.0,0.0,18.0,22.0,92205.5,168265.40000000005,-76059.90000000005,1.8248756866381444,137703.80000000002,0.8183677787128029,48574.52272727273,12650.3,-846.4754656682331,0.0,0.0,2.1433920704845812
5282,1583,1917,1996-08-24,D,1,388512.0,48.0,8094.0,0.020833333333333332,646.0,27.449691991786448,1.0,8173.0,7.01,1358.0,124.0,1.0,120.0,26.0,193305.0,190668.59999999998,2636.4000000000233,0.9863563469318075,166386.0,0.8726404209166014,50886.9423076923,18974.6,502.34887530594006,0.0,0.0,2.3442797133679267
5938,4650,5606,1996-08-25,C,0,402000.0,60.0,6700.0,0.016666666666666666,315.0,16.05201916495551,0.0,9753.0,5.05,5892.0,109.0,0.0,54.0,22.0,29124.5,31009.8,-1885.2999999999993,1.0646958850491837,763.8000000000001,0.02463012885833323,17679.131818181817,13355.7,-0.18067693682205507,0.0,0.0,1.9933880597014926
5606,3084,3730,1996-08-28,D,1,253512.0,36.0,7042.0,0.027777777777777776,213.0,51.058179329226554,1.0,8444.0,3.47,2305.0,106.0,0.0,29.0,13.0,37037.2,36832.0,205.1999999999971,0.994432774810871,29790.0,0.8087855998696821,7880.5692307692325,-4976.4,-11.212466582675225,1.0,0.0,-0.7066742402726498
5385,2143,2592,1996-09-09,C,0,71460.0,36.0,1985.0,0.027777777777777776,240.0,16.024640657084188,1.0,12541.0,0.43,99107.0,167.0,0.0,31.0,21.0,67929.5,89410.8,-21481.300000000003,1.3162099498752402,61663.8,0.6896606488181649,43264.84761904762,28167.6,-111.05602834638432,0.0,0.0,14.190226700251888
6865,9199,11327,1996-09-11,B,1,29448.0,12.0,2454.0,0.08333333333333333,119.0,48.89253935660506,0.0,8994.0,4.79,9208.0,110.0,0.0,11.0,19.0,51997.0,67394.2,-15397.199999999997,1.2960921573906687,62485.2,0.9271461469066046,22518.86315789474,12298.9,-169.69304016525132,0.0,0.0,5.011776691116545
5586,2994,3616,1996-09-14,C,0,48744.0,36.0,1354.0,0.027777777777777776,134.0,32.41889117043121,1.0,8909.0,5.56,3590.0,113.0,0.0,14.0,23.0,67335.6,71116.8,-3781.199999999997,1.0561388605899318,57403.799999999996,0.8071650135409137,47647.84347826087,31860.4,-92.80803790105315,0.0,0.0,23.530576070901034
6302,6397,7723,1996-09-16,C,0,181020.0,60.0,3017.0,0.016666666666666666,551.0,30.258726899383984,1.0,9060.0,2.44,1717.0,124.0,0.0,93.0,19.0,63812.399999999994,64386.89999999999,-574.4999999999927,1.0089871406319049,55336.799999999996,0.8594285572289204,36517.51578947369,25468.7,88.87604611475598,0.0,0.0,8.441730195558502
7194,10762,13231,1996-09-17,C,0,68832.0,36.0,1912.0,0.027777777777777776,330.0,37.215605749486656,0.0,12541.0,0.43,99107.0,167.0,0.0,53.0,21.0,66730.1,73584.79999999999,-6854.6999999999825,1.1027062344244285,51543.8,0.7004585123760292,46809.12857142858,36245.0,54.76915526549443,0.0,0.0,18.956589958158997
6461,7136,8615,1996-09-19,C,0,74124.0,36.0,2059.0,0.027777777777777776,529.0,57.437371663244356,1.0,8754.0,4.31,3868.0,137.0,0.0,122.0,24.0,51694.4,51353.0,341.40000000000146,0.9933765866982361,33590.0,0.6540873154963586,34433.35833333334,19878.2,-28.313350133149488,0.0,0.0,9.654298203011171
6732,8533,10528,1996-09-19,C,0,174048.0,48.0,3626.0,0.020833333333333332,345.0,44.591375770020534,1.0,9538.0,1.81,5410.0,111.0,0.0,69.0,28.0,231648.1,172721.80000000002,58926.29999999999,0.7456182648669907,161843.8,0.9370146848013116,79281.31785714284,41289.0,317.68685627115815,0.0,0.0,11.3869277440706
6613,7926,9798,1996-09-22,A,0,84120.0,24.0,3505.0,0.041666666666666664,105.0,46.559890485968516,1.0,8173.0,7.01,1358.0,124.0,0.0,19.0,24.0,192216.8,207405.0,-15188.200000000012,1.0790103726085722,196890.0,0.9492975130902674,76513.29166666667,48764.7,-327.4530299171758,0.0,0.0,13.91289586305278
7036,10019,12325,1996-09-25,C,0,194940.0,36.0,5415.0,0.027777777777777776,468.0,31.904175222450377,0.0,11277.0,1.44,4987.0,127.0,0.0,91.0,18.0,88487.40000000001,102735.80000000002,-14248.400000000009,1.1610086745833352,86490.8,0.8418677630605585,51610.716666666674,19963.8,-540.8883951349749,0.0,0.0,3.686759002770083
5897,4476,5399,1996-09-25,A,0,15192.0,24.0,633.0,0.041666666666666664,685.0,23.745379876796715,1.0,8991.0,2.01,5273.0,128.0,0.0,169.0,26.0,50463.8,39772.8,10691.0,0.7881295477243544,16243.8,0.4084045276035983,24559.350000000002,14525.5,152.08779978243965,0.0,0.0,22.947077409162716
6995,9814,12079,1996-09-26,A,0,96168.0,12.0,8014.0,0.08333333333333333,616.0,24.123203285420946,1.0,9624.0,2.31,4265.0,145.0,0.0,149.0,28.0,61040.59999999999,52592.0,8448.599999999991,0.8615763675919375,52592.0,0.9999809860627841,16443.028571428575,3665.9,149.47577207749242,0.0,1.0,0.4574369852757674
5415,2236,2708,1996-09-26,D,1,139464.0,36.0,3874.0,0.027777777777777776,396.0,38.12457221081451,0.0,8746.0,3.74,4433.0,90.0,0.0,31.0,11.0,385.40000000000003,41064.9,-40679.5,106.27562111801241,29443.8,0.716989034697888,19909.236363636363,983.5,-599.6555122430121,0.0,0.0,0.25387196695921527
7136,10436,12840,1996-09-28,C,0,54396.0,36.0,1511.0,0.027777777777777776,191.0,57.17453798767967,0.0,8441.0,4.48,2252.0,115.0,0.0,23.0,16.0,26726.5,16176.8,10549.7,0.6052492750911982,11643.8,0.7197393959623681,43831.98125,36348.0,146.23882212581347,0.0,0.0,24.055592322964923
7271,11186,13750,1996-10-02,C,0,392460.0,60.0,6541.0,0.016666666666666666,678.0,15.885010266940451,1.0,8754.0,4.31,3868.0,137.0,0.0,143.0,20.0,138087.4,131497.4,6590.0,0.952269705493003,82443.79999999999,0.626956677799882,71856.54999999999,51378.6,-56.25956017536419,0.0,0.0,7.854853997859654
5375,2106,2550,1996-10-03,A,0,101520.0,12.0,8460.0,0.08333333333333333,245.0,19.975359342915812,1.0,12541.0,0.43,99107.0,167.0,0.0,38.0,20.0,43396.1,46447.799999999996,-3051.699999999997,1.0702973240147382,10663.8,0.22958181912126902,17897.679999999997,13618.1,-35.53906877242008,0.0,0.0,1.6097044917257683
5635,3230,3907,1996-10-04,C,0,77184.0,36.0,2144.0,0.027777777777777776,573.0,41.82067077344285,1.0,12541.0,0.43,99107.0,167.0,0.0,77.0,24.0,198956.9,161508.80000000002,37448.09999999998,0.8117737471093132,155076.80000000002,0.9601695996156271,59075.38333333333,8046.0,560.3042740847475,0.0,0.0,3.7527985074626864
6817,9024,11114,1996-10-04,C,0,70656.0,48.0,1472.0,0.020833333333333332,273.0,44.19164955509925,0.0,12541.0,0.43,99107.0,167.0,0.0,53.0,22.0,52691.100000000006,48849.799999999996,3841.30000000001,0.9270801505348998,25623.8,0.5245318398061035,26209.82727272727,14734.1,67.93799249116607,0.0,0.0,10.009578804347827
5923,4585,5526,1996-10-10,C,0,64656.0,48.0,1347.0,0.020833333333333332,124.0,49.56331279945243,0.0,8561.0,1.29,1127.0,110.0,0.0,12.0,20.0,48179.5,55158.2,-6978.699999999997,1.14482415084941,40269.2,0.7300540979564606,42460.69500000001,28226.3,-48.75158323288358,0.0,0.0,20.95493689680772
5329,1862,2259,1996-10-16,C,0,396120.0,60.0,6602.0,0.016666666666666666,550.0,46.78713210130048,1.0,8402.0,3.98,1099.0,120.0,0.0,95.0,25.0,139549.0,156241.1,-16692.100000000006,1.119606592619133,136436.0,0.8732345507388853,66728.81600000002,37430.3,-285.49312362795735,0.0,0.0,5.669539533474705
6644,8039,9930,1996-10-20,A,0,93600.0,24.0,3900.0,0.041666666666666664,308.0,24.32580424366872,0.0,8899.0,3.97,2487.0,149.0,0.0,55.0,29.0,91290.70000000001,97057.3,-5766.599999999991,1.0631557962005307,70610.8,0.7275091362614017,44849.14137931034,19878.4,616.2521549538586,0.0,0.0,5.097025641025642
6354,6688,8076,1996-10-23,C,0,22968.0,36.0,638.0,0.027777777777777776,120.0,46.24229979466119,1.0,8427.0,1.54,1913.0,107.0,0.0,11.0,30.0,36646.899999999994,51888.2,-15241.300000000003,1.4158573888271908,39729.2,0.7656545099943726,28980.619999999995,15407.6,-242.0565196306482,0.0,0.0,24.14984326018809
5082,501,603,1996-10-24,C,0,262980.0,60.0,4383.0,0.016666666666666666,369.0,30.628336755646817,1.0,8598.0,3.26,1875.0,123.0,0.0,56.0,19.0,43137.3,75645.9,-32508.59999999999,1.7535670158536611,62497.799999999996,0.8261779398759236,48836.43684210527,20230.0,-446.36436667266366,0.0,0.0,4.615560118640201
6585,7795,9641,1996-10-29,C,0,372120.0,60.0,6202.0,0.016666666666666666,663.0,51.75633127994524,0.0,9624.0,2.31,4265.0,145.0,0.0,172.0,19.0,99466.2,109549.79999999999,-10083.599999999991,1.101366078466067,90943.79999999999,0.8301518564903223,51628.984210526316,15363.9,-402.6913013861488,0.0,0.0,2.477249274427604
6921,9422,11596,1996-10-29,A,0,86184.0,12.0,7182.0,0.08333333333333333,237.0,55.90143737166324,1.0,10177.0,7.75,10108.0,81.0,0.0,42.0,31.0,151510.2,159435.3,-7925.099999999977,1.0523004239950577,128158.8,0.8038244741003148,46964.332258064496,22095.0,84.228292189397,0.0,0.0,3.0764411027568923
5366,2062,2501,1996-10-29,A,0,86184.0,12.0,7182.0,0.08333333333333333,237.0,55.90143737166324,1.0,10177.0,7.75,10108.0,81.0,0.0,42.0,31.0,151475.1,159435.3,-7960.1999999999825,1.0525442627582833,128158.8,0.8038244741003148,43444.12580645161,18577.6,83.81987454471874,0.0,0.0,2.586688944583681
5886,4447,5364,1996-10-31,C,0,192744.0,36.0,5354.0,0.027777777777777776,137.0,32.63244353182751,0.0,8544.0,1.86,2906.0,109.0,0.0,26.0,24.0,160713.9,119104.29999999999,41609.600000000006,0.7410905896093019,103043.79999999999,0.8651487381333995,54927.87916666667,22637.2,90.93670824791731,0.0,0.0,4.228091146806126
5741,3754,4529,1996-11-03,A,0,68544.0,24.0,2856.0,0.041666666666666664,258.0,20.13141683778234,0.0,9065.0,5.39,4166.0,123.0,0.0,54.0,33.0,105112.0,101411.0,3701.0,0.9647807597537887,71924.0,0.7092257326549126,41463.027272727275,18331.5,-184.36677445569364,0.0,0.0,6.41859243697479
4996,132,158,1996-11-06,A,0,88440.0,12.0,7370.0,0.08333333333333333,179.0,51.34565366187543,1.0,9317.0,7.07,6872.0,97.0,0.0,31.0,32.0,212235.19999999998,220819.59999999998,-8584.399999999994,1.0404426766027661,198709.0,0.8998662262488193,53813.10625,24854.1,-160.40291516415616,0.0,0.0,3.3723337856173674
6015,5001,6042,1996-11-09,A,0,110112.0,24.0,4588.0,0.041666666666666664,330.0,33.07871321013005,0.0,8240.0,3.56,1903.0,99.0,0.0,82.0,27.0,117480.8,194858.30000000002,-77377.50000000001,1.65862542112906,153216.80000000002,0.7862945212263412,64294.82962962963,18230.5,-632.0385092478909,0.0,0.0,3.973517872711421
6309,6434,7765,1996-11-11,A,0,110136.0,24.0,4589.0,0.041666666666666664,553.0,38.71321013004791,1.0,12541.0,0.43,99107.0,167.0,0.0,63.0,30.0,168905.8,163235.4,5670.399999999994,0.9664229030447561,134794.8,0.825764351578447,50820.579999999994,23137.2,-292.89531558678306,0.0,0.0,5.041882763129222
6073,5263,6359,1996-11-12,C,0,276300.0,60.0,4605.0,0.016666666666666666,487.0,20.35318275154004,0.0,9624.0,2.31,4265.0,145.0,0.0,92.0,25.0,46308.3,41638.8,4669.5,0.8991455280040942,19923.8,0.4784797237258584,28229.655999999995,17855.6,-87.45332333287877,0.0,0.0,3.8774375678610205
6006,4948,5977,1996-11-15,C,0,359760.0,60.0,5996.0,0.016666666666666666,475.0,17.462012320328544,0.0,9425.0,2.5,3891.0,125.0,0.0,48.0,30.0,146159.80000000002,171762.40000000002,-25602.600000000006,1.1751605081526648,139643.8,0.8130009070616905,45760.26666666668,14356.9,-318.40672126829855,0.0,0.0,2.3944129419613076
5611,3115,3767,1996-11-15,C,0,321180.0,60.0,5353.0,0.016666666666666666,233.0,60.18891170431211,0.0,10045.0,1.71,6295.0,135.0,0.0,38.0,24.0,113011.0,121684.7,-8673.699999999997,1.0767414079920716,61455.799999999996,0.5050371572008872,32902.0875,19692.8,-84.86361100151457,0.0,0.0,3.6788342985241917
6944,9548,11754,1996-11-15,C,0,46176.0,48.0,962.0,0.020833333333333332,161.0,30.034223134839152,0.0,8544.0,1.86,2906.0,109.0,0.0,17.0,20.0,63921.7,63868.799999999996,52.900000000001455,0.999156794065332,32143.8,0.5032707163636022,41340.23,30585.1,-38.64101507149294,0.0,0.0,31.793243243243243
7101,10297,12662,1996-11-18,C,0,421008.0,48.0,8771.0,0.020833333333333332,304.0,43.46611909650924,0.0,10045.0,1.71,6295.0,135.0,0.0,50.0,27.0,83592.9,85502.8,-1909.9000000000087,1.0228353982766687,29483.8,0.34482444055118017,33386.503703703704,17298.4,-170.86937139041194,0.0,0.0,1.9722266560255388
6599,7859,9717,1996-11-19,A,0,72120.0,12.0,6010.0,0.08333333333333333,616.0,44.02464065708419,1.0,8363.0,3.49,2799.0,108.0,0.0,102.0,19.0,127218.70000000001,132315.4,-5096.6999999999825,1.0400543312081383,114284.80000000002,0.8637236200501225,71644.04210526316,39590.4,-325.64127365617793,0.0,0.0,6.587420965058237
6940,9510,11709,1996-11-22,C,0,228276.0,36.0,6341.0,0.027777777777777776,166.0,35.304585900068446,0.0,12541.0,0.43,99107.0,167.0,0.0,20.0,18.0,52671.899999999994,58766.799999999996,-6094.9000000000015,1.1156932692143398,39743.8,0.676285312705257,51495.25,39095.0,-89.70801514001741,0.0,0.0,6.165431319981075
5209,1250,1509,1996-11-25,C,0,182640.0,48.0,3805.0,0.020833333333333332,242.0,54.60369609856263,1.0,8544.0,1.86,2906.0,109.0,0.0,40.0,24.0,80274.4,85849.4,-5575.0,1.069435966684688,44043.8,0.5130296422614222,29171.558333333334,14854.1,-222.2326201286556,0.0,0.0,3.9038370565045994
5388,2153,2606,1996-11-28,A,0,61560.0,12.0,5130.0,0.08333333333333333,326.0,53.90006844626968,0.0,8930.0,4.2,1452.0,108.0,0.0,71.0,29.0,108008.8,101411.5,6597.300000000003,0.9389101729657864,43234.0,0.42631825465302603,28530.5551724138,10676.9,-9.253710740792393,0.0,0.0,2.0812670565302143
6011,4981,6015,1996-11-28,C,0,179328.0,48.0,3736.0,0.020833333333333332,311.0,23.019849418206707,0.0,9897.0,1.96,18696.0,140.0,0.0,52.0,25.0,82119.6,88241.79999999999,-6122.1999999999825,1.0745391533914752,62243.799999999996,0.7053697298816448,43754.004,27151.5,-281.90333078293503,0.0,0.0,7.267532119914347
5591,3021,3649,1996-12-04,C,0,155616.0,48.0,3242.0,0.020833333333333332,228.0,37.111567419575636,1.0,10124.0,0.54,4316.0,141.0,0.0,30.0,23.0,74679.1,79005.2,-4326.099999999991,1.0579150268947148,69279.8,0.8768906744027685,27114.552173913045,16229.8,-160.68753019790626,0.0,0.0,5.006107341147439
7154,10520,12943,1996-12-05,C,0,417600.0,60.0,6960.0,0.016666666666666666,408.0,26.1492128678987,0.0,8743.0,2.43,3894.0,111.0,0.0,34.0,26.0,241007.80000000002,189174.40000000002,51833.399999999994,0.7849273553496802,168295.0,0.889624126604199,62248.38846153847,19429.1,1100.5212021087364,0.0,0.0,2.791537356321839
7130,10411,12810,1996-12-11,A,0,123408.0,24.0,5142.0,0.041666666666666664,384.0,32.158795345653665,0.0,10446.0,9.4,4743.0,90.0,0.0,65.0,34.0,124658.80000000002,120803.0,3855.8000000000175,0.9690613974994343,65873.0,0.545288235488891,38793.08823529411,12212.9,-180.66985357407444,0.0,0.0,2.375126409957215
6818,9030,11121,1996-12-12,C,0,155616.0,48.0,3242.0,0.020833333333333332,691.0,25.675564681724847,1.0,8994.0,4.79,9208.0,110.0,0.0,172.0,27.0,53830.2,64205.799999999996,-10375.599999999999,1.1927246652498922,40983.8,0.6383093379517435,50485.78148148147,42554.7,-98.91292894913454,0.0,0.0,13.126064157927205
5625,3189,3855,1996-12-15,D,1,222180.0,60.0,3703.0,0.016666666666666666,382.0,57.74127310061601,0.0,8843.0,3.6,888.0,113.0,0.0,59.0,20.0,31969.399999999998,69252.2,-37282.8,2.166134924805445,58143.799999999996,0.8395828640409396,20317.165,393.5,-176.49954422695114,0.0,0.0,0.10626519038617337
6805,8972,11050,1996-12-21,C,0,45024.0,48.0,938.0,0.020833333333333332,214.0,39.6331279945243,1.0,10177.0,7.75,10108.0,81.0,0.0,39.0,26.0,64168.700000000004,77702.79999999999,-13534.099999999984,1.2108954849407116,54563.799999999996,0.70220246628865,39061.48846153846,24850.0,-161.9828334964849,0.0,0.0,26.492537313432837
7233,10963,13480,1996-12-25,C,0,115812.0,36.0,3217.0,0.027777777777777776,585.0,43.56741957563313,0.0,8427.0,1.54,1913.0,107.0,0.0,124.0,18.0,48950.299999999996,46893.9,2056.399999999994,0.9579704726942901,37243.8,0.7941972367997373,34869.73888888888,21393.7,54.54198323897161,0.0,0.0,6.65020205160087
7308,11362,13971,1996-12-27,A,0,129408.0,24.0,5392.0,0.041666666666666664,440.0,34.19028062970568,1.0,8110.0,6.55,3079.0,109.0,0.0,107.0,32.0,48696.8,55964.799999999996,-7267.999999999993,1.1492264537617713,23903.8,0.42711441630424296,24809.76875,14385.2,-24.118819524459667,0.0,0.0,2.667878338278932
5895,4473,5395,1997-01-03,C,0,93960.0,60.0,1566.0,0.016666666666666666,452.0,34.5927446954141,0.0,8390.0,2.89,2122.0,132.0,0.0,89.0,29.0,73913.4,83040.8,-9127.400000000009,1.123472557444828,51183.799999999996,0.6163618804023997,50144.50344827587,30598.1,-154.86006614680255,0.0,0.0,19.539016602809706
7122,10365,12756,1997-01-04,D,1,260640.0,36.0,7240.0,0.027777777777777776,490.0,47.95345653661875,1.0,8620.0,1.25,1117.0,100.0,1.0,78.0,25.0,91988.40000000001,65692.29999999999,26296.10000000002,0.714129019213083,32473.3,0.49431677203002444,18779.076,-1608.3,471.1500302458491,1.0,1.0,-0.22214088397790055
6173,5724,6922,1997-01-08,C,0,232560.0,48.0,4845.0,0.020833333333333332,630.0,57.70294318959617,1.0,10045.0,1.71,6295.0,135.0,0.0,176.0,37.0,87663.1,111896.0,-24232.899999999994,1.276417598538056,83099.0,0.7426383191685211,27443.82432432432,12189.7,-16.851148684446187,0.0,0.0,2.5159339525283797
6142,5591,6749,1997-01-21,C,0,221880.0,60.0,3698.0,0.016666666666666666,311.0,53.31416837782341,1.0,8899.0,3.97,2487.0,149.0,0.0,71.0,29.0,67029.0,82450.20000000001,-15421.200000000012,1.2300492316873044,60730.8,0.7365665993945509,42640.38965517243,23492.1,108.47855549881717,0.0,0.0,6.352650081124932
5358,2018,2451,1997-01-21,A,0,38520.0,12.0,3210.0,0.08333333333333333,597.0,57.12799452429842,0.0,8388.0,2.94,1668.0,87.0,0.0,114.0,18.0,20445.5,19818.8,626.7000000000007,0.9693003692563519,843.8000000000001,0.04257358802813349,17258.916666666668,13063.0,-41.53151588293608,0.0,0.0,4.069470404984424
6095,5358,6469,1997-01-24,C,0,68340.0,60.0,1139.0,0.016666666666666666,617.0,43.860369609856264,0.0,9753.0,5.05,5892.0,109.0,0.0,114.0,19.0,73579.3,71393.79999999999,2185.5000000000146,0.9702841657345782,40403.8,0.5659207673387979,52806.847368421055,34842.3,96.35592654424032,0.0,0.0,30.590254609306413
6878,9242,11381,1997-01-24,A,0,23184.0,12.0,1932.0,0.08333333333333333,315.0,17.50034223134839,1.0,8720.0,4.5,3651.0,116.0,0.0,58.0,19.0,28850.2,19839.800000000003,9010.399999999998,0.6876594387755103,14043.800000000001,0.7078242812789807,43010.30526315789,34501.4,177.91828911601152,0.0,0.0,17.857867494824017
6554,7637,9457,1997-01-29,C,0,390096.0,48.0,8127.0,0.020833333333333332,163.0,18.34360027378508,0.0,8369.0,2.31,2618.0,117.0,0.0,16.0,20.0,72908.70000000001,79295.79999999999,-6387.099999999977,1.0875891685194148,26723.800000000003,0.33700981628514654,40894.590000000004,26075.2,-77.39538802044108,0.0,0.0,3.2084656084656085
6793,8931,11004,1997-01-30,C,0,186300.0,60.0,3105.0,0.016666666666666666,395.0,49.20739219712526,0.0,8288.0,4.52,1460.0,110.0,0.0,119.0,32.0,130879.7,118683.1,12196.599999999991,0.9068036769363245,85240.0,0.7182090945627931,50181.73125,20241.5,45.37797252387223,0.0,0.0,6.519001610305958
7286,11271,13852,1997-01-31,C,0,67320.0,36.0,1870.0,0.027777777777777776,499.0,25.01574264202601,0.0,9307.0,4.43,3040.0,118.0,0.0,111.0,26.0,34016.0,35233.3,-1217.300000000003,1.0357556515859718,3558.3999999999996,0.10099249878669363,22846.330769230768,17936.1,-49.43021337902033,0.0,0.0,9.591497326203207
6076,5269,6366,1997-02-02,C,0,117420.0,60.0,1957.0,0.016666666666666666,213.0,30.94866529774127,0.0,8208.0,2.26,2123.0,155.0,0.0,43.0,22.0,62017.700000000004,57193.8,4823.9000000000015,0.9222024969888114,27163.8,0.47493478428108843,30544.831818181814,16486.8,68.85192755667836,0.0,0.0,8.42452733776188
5134,825,992,1997-02-02,A,0,53076.0,12.0,4423.0,0.08333333333333333,333.0,48.70362765229295,0.0,8402.0,3.98,1099.0,120.0,0.0,65.0,17.0,48444.899999999994,43117.799999999996,5327.0999999999985,0.8900195888609769,2143.7999999999997,0.04971845227603736,23725.764705882353,11830.7,60.41592363674517,0.0,0.0,2.6748134750169568
5419,2246,2720,1997-02-05,C,0,415800.0,60.0,6930.0,0.016666666666666666,286.0,47.419575633128,1.0,12541.0,0.43,99107.0,167.0,0.0,37.0,17.0,83707.5,87745.8,-4038.300000000003,1.0482304664400868,66955.80000000002,0.7630568864049745,31357.505882352947,8601.2,-435.5183261067087,0.0,0.0,1.2411544011544013
6255,6158,7435,1997-02-08,D,1,247920.0,48.0,5165.0,0.020833333333333332,271.0,39.81656399726215,1.0,8110.0,6.55,3079.0,109.0,0.0,15.0,6.0,40647.5,31100.0,9547.5,0.7650958829969126,31100.0,0.9999678466930324,45914.0,24121.6,-36.29367015098727,0.0,0.0,4.6702032913843174
5656,3353,4055,1997-02-09,C,0,146064.0,24.0,6086.0,0.041666666666666664,166.0,43.6933607118412,1.0,10673.0,5.44,18347.0,100.0,0.0,22.0,34.0,180337.5,214904.4,-34566.899999999994,1.191672327317794,152765.80000000002,0.7108513792580364,58922.99117647059,10453.9,-553.4744037140969,0.0,0.0,1.7176963522839304
6934,9494,11686,1997-02-09,A,0,116832.0,12.0,9736.0,0.08333333333333333,275.0,48.31211498973306,1.0,9104.0,2.07,2354.0,123.0,0.0,46.0,19.0,54451.399999999994,49129.799999999996,5321.5999999999985,0.9022522423254071,5683.800000000001,0.11568710462683289,16795.34736842105,9041.2,78.38746056294461,0.0,0.0,0.9286359901396878
6028,5072,6122,1997-02-09,C,0,317520.0,60.0,5292.0,0.016666666666666666,303.0,28.982888432580424,1.0,8546.0,4.02,3120.0,126.0,0.0,73.0,30.0,72474.2,72630.79999999999,-156.59999999999127,1.0021469412985406,27143.800000000003,0.37371784810510006,43540.203333333346,30718.7,15.737389213731623,0.0,0.0,5.804743008314437
6490,7262,8764,1997-02-10,C,0,73260.0,60.0,1221.0,0.016666666666666666,164.0,56.596851471594796,1.0,10177.0,7.75,10108.0,81.0,0.0,21.0,24.0,68792.0,68746.79999999999,45.20000000001164,0.9993284200427367,31883.799999999996,0.46377920457090993,25664.158333333336,10980.1,-105.17705674968268,0.0,0.0,8.992710892710893
6415,6950,8392,1997-02-12,C,0,475680.0,48.0,9910.0,0.020833333333333332,123.0,30.767967145790553,1.0,9198.0,4.28,6132.0,131.0,0.0,12.0,18.0,68626.5,99962.20000000001,-31335.70000000001,1.4565910167207026,44549.2,0.44565600140851824,32254.68888888889,15169.6,-320.57020206381407,0.0,0.0,1.530736629667003
7087,10215,12561,1997-02-20,C,0,44304.0,24.0,1846.0,0.041666666666666664,314.0,30.67214236824093,0.0,8965.0,8.23,2822.0,104.0,0.0,63.0,22.0,43541.1,37103.8,6437.299999999996,0.8521362084051988,18743.800000000003,0.5051583622604084,52224.68636363637,41618.1,98.87470655333554,0.0,0.0,22.54501625135428
5420,2247,2721,1997-02-24,C,0,72504.0,24.0,3021.0,0.041666666666666664,317.0,46.666666666666664,1.0,8991.0,2.01,5273.0,128.0,0.0,99.0,24.0,19709.4,20044.800000000003,-335.40000000000146,1.0169656627973052,43.8,0.0021849963583394022,17277.833333333332,13492.0,6.011455749000577,0.0,0.0,4.466070837471036
5977,4803,5801,1997-02-25,C,0,59136.0,48.0,1232.0,0.020833333333333332,262.0,17.21286789869952,1.0,10787.0,3.09,6261.0,131.0,0.0,44.0,15.0,15648.5,6639.799999999999,9008.7,0.4242819259401258,2943.7999999999997,0.44328996506445006,27083.42,21215.0,125.50509072159201,0.0,0.0,17.219967532467532
6824,9052,11149,1997-02-26,D,1,71976.0,24.0,2999.0,0.041666666666666664,546.0,31.62217659137577,0.0,9425.0,2.5,3891.0,125.0,1.0,133.0,26.0,221308.9,241397.9,-20089.0,1.0907686461382884,232400.0,0.9627218682438072,95580.01923076923,59173.8,-279.2785093875394,0.0,0.0,19.731177059019675
5207,1244,1501,1997-02-28,C,0,35904.0,48.0,748.0,0.020833333333333332,296.0,51.10198494182067,0.0,9893.0,4.72,5887.0,96.0,0.0,59.0,28.0,18305.4,22922.800000000003,-4617.4000000000015,1.2521741030459292,10223.800000000001,0.4459906298257706,15850.196428571433,9521.9,-106.50618699575982,0.0,0.0,12.729812834224598
7115,10351,12738,1997-03-04,C,0,88704.0,48.0,1848.0,0.020833333333333332,670.0,36.34496919917864,1.0,8624.0,2.66,3198.0,102.0,0.0,131.0,18.0,23439.8,20417.8,3022.0,0.8710368246817515,1643.7999999999997,0.08050424118949202,17150.28888888889,13789.1,-1.5744047515522497,0.0,0.0,7.461634199134199
7250,11069,13608,1997-03-04,C,0,119136.0,48.0,2482.0,0.020833333333333332,641.0,33.804243668720055,1.0,9065.0,5.39,4166.0,123.0,0.0,119.0,15.0,11116.199999999999,24987.8,-13871.6,2.2476702766883747,17541.799999999996,0.7019864899474964,32140.25333333333,27323.1,-52.82337430077456,0.0,0.0,11.008501208702658
6010,4969,6001,1997-03-06,C,0,150180.0,60.0,2503.0,0.016666666666666666,199.0,59.846680355920604,0.0,8441.0,4.48,2252.0,115.0,0.0,16.0,28.0,239839.4,289146.4,-49307.00000000003,1.2055783762868977,263190.0,0.9102277938518554,83847.2642857143,29923.1,120.11579695087043,0.0,0.0,11.954894127047542
6088,5317,6422,1997-03-07,C,0,90180.0,36.0,2505.0,0.027777777777777776,138.0,36.4517453798768,0.0,8594.0,2.01,1525.0,112.0,0.0,13.0,19.0,45528.7,51851.2,-6322.5,1.1388434362624835,31343.799999999996,0.6044835127535572,38395.63684210527,30115.3,-124.95156041489746,0.0,0.0,12.022075848303393
5682,3455,4177,1997-03-07,A,0,67464.0,12.0,5622.0,0.08333333333333333,359.0,61.19917864476386,0.0,9675.0,7.68,5190.0,100.0,0.0,57.0,18.0,118422.8,112456.3,5966.5,0.9496089468502108,95588.8,0.8500008447650798,36393.350000000006,14598.6,3.7277988143048493,0.0,0.0,2.596691568836713
7201,10807,13285,1997-03-07,A,0,67464.0,12.0,5622.0,0.08333333333333333,359.0,61.19917864476386,0.0,9675.0,7.68,5190.0,100.0,0.0,57.0,18.0,118486.6,112456.3,6030.300000000003,0.949097627093468,95588.8,0.8500008447650798,41612.86666666667,19827.6,4.473130617708949,0.0,0.0,3.526787620064034
6938,9504,11701,1997-03-10,C,0,341280.0,60.0,5688.0,0.016666666666666666,406.0,47.90417522245038,0.0,8899.0,3.97,2487.0,149.0,0.0,77.0,17.0,130328.1,170107.8,-39779.69999999998,1.305217330588487,153043.8,0.8996818506743919,46151.04117647059,28587.4,15.35868363220815,0.0,0.0,5.025914205344585
6875,9235,11371,1997-03-13,C,0,83280.0,48.0,1735.0,0.020833333333333332,628.0,55.35386721423682,1.0,9065.0,5.39,4166.0,123.0,0.0,139.0,17.0,55695.5,36413.8,19281.699999999997,0.6537897354411858,32943.799999999996,0.9046816129705503,40590.85294117647,34645.9,102.42413329085834,0.0,0.0,19.968818443804036
5953,4715,5684,1997-03-14,C,0,97176.0,24.0,4049.0,0.041666666666666664,137.0,42.03422313483915,1.0,11277.0,1.44,4987.0,127.0,0.0,16.0,23.0,161167.9,160715.8,452.1000000000058,0.9971886635697085,148568.80000000002,0.9244136269512585,54194.54347826087,23921.0,-94.37279354283926,0.0,0.0,5.907878488515683
5942,4681,5642,1997-03-15,C,0,162624.0,48.0,3388.0,0.020833333333333332,585.0,39.35934291581109,1.0,10177.0,7.75,10108.0,81.0,0.0,134.0,23.0,71598.7,66391.79999999999,5206.900000000009,0.9272636617192529,27634.800000000003,0.41623188056536264,36056.960869565235,22534.3,21.328222142246613,0.0,0.0,6.6512101534828805
5382,2134,2581,1997-03-17,C,0,22932.0,36.0,637.0,0.027777777777777776,223.0,43.32375085557837,1.0,8363.0,3.49,2799.0,108.0,0.0,41.0,26.0,44823.600000000006,58531.8,-13708.199999999997,1.3057963707428508,45343.8,0.7746733455430118,38440.596153846156,17797.9,-128.26525676163857,0.0,0.0,27.940188383045527
6377,6792,8200,1997-03-17,A,0,17184.0,12.0,1432.0,0.08333333333333333,310.0,52.79397672826831,1.0,12541.0,0.43,99107.0,167.0,0.0,70.0,26.0,41786.2,51895.8,-10109.600000000006,1.241906612551212,35623.8,0.6864353871529651,38711.411538461536,12974.2,-56.26256145859433,0.0,0.0,9.060195530726258
5931,4618,5565,1997-03-17,D,1,66696.0,24.0,2779.0,0.041666666666666664,239.0,30.234086242299796,1.0,8980.0,2.21,2813.0,111.0,0.0,43.0,17.0,52238.0,69836.00000000001,-17598.000000000015,1.3368556059648924,61499.9,0.8806205879404898,18459.75882352941,-5045.9,-579.3351975663884,1.0,1.0,-1.8157250809643755
5992,4863,5873,1997-03-18,A,0,76080.0,12.0,6340.0,0.08333333333333333,371.0,17.949349760438057,1.0,9307.0,4.43,3040.0,118.0,0.0,81.0,25.0,133832.0,117320.7,16511.300000000003,0.8766201161148596,70291.79999999999,0.5991372440051583,60408.7,31883.2,321.4906490337825,0.0,0.0,5.028895899053627
5790,4033,4861,1997-03-20,C,0,84288.0,48.0,1756.0,0.020833333333333332,121.0,19.381245722108144,1.0,8720.0,4.5,3651.0,116.0,0.0,12.0,20.0,43326.8,57029.2,-13702.399999999994,1.3162265335419752,40349.2,0.707505847778896,35473.99,15775.1,-269.42685948986986,0.0,0.0,8.98354214123007
6753,8688,10714,1997-03-20,A,0,67980.0,12.0,5665.0,0.08333333333333333,118.0,50.97056810403833,1.0,8512.0,4.12,2103.0,102.0,0.0,14.0,19.0,62516.5,65644.2,-3127.699999999997,1.0500131963050345,48649.2,0.7410930273652909,44545.33157894736,35242.2,13.367724556434261,0.0,0.0,6.221041482789055
6562,7674,9505,1997-03-21,C,0,94488.0,24.0,3937.0,0.041666666666666664,243.0,38.58179329226557,0.0,12541.0,0.43,99107.0,167.0,0.0,66.0,34.0,271743.6,258635.7,13107.899999999965,0.9517602189703127,220243.8,0.851556642966756,79970.84705882354,50700.4,286.4946753510061,0.0,0.0,12.877927355854712
7046,10049,12358,1997-03-28,A,0,91632.0,12.0,7636.0,0.08333333333333333,365.0,53.73032169746749,0.0,8114.0,2.62,1181.0,119.0,0.0,70.0,21.0,29821.8,31621.8,-1800.0,1.0603229743686038,43.8,0.0013850765903082585,12814.333333333334,7023.4,-40.06693484164743,0.0,0.0,0.9197747511786275
5868,4361,5253,1997-03-29,A,0,90156.0,12.0,7513.0,0.08333333333333333,383.0,50.47501711156742,1.0,8173.0,7.01,1358.0,124.0,0.0,65.0,22.0,160360.5,161595.9,-1235.3999999999942,1.007697608216436,139057.8,0.8605226956705233,50431.57727272727,20389.7,243.18581828105755,0.0,0.0,2.7139225342739253
5784,3967,4786,1997-03-29,D,1,84600.0,36.0,2350.0,0.027777777777777776,188.0,58.61738535249829,0.0,9897.0,1.96,18696.0,140.0,0.0,32.0,19.0,113005.8,111452.79999999999,1553.0000000000146,0.9862486151275851,106753.79999999999,0.9578300605273217,26597.621052631574,-2919.6,574.4206712192766,1.0,0.0,-1.2423829787234042
5878,4415,5322,1997-04-01,A,0,74040.0,12.0,6170.0,0.08333333333333333,636.0,41.05133470225873,1.0,8746.0,3.74,4433.0,90.0,0.0,190.0,30.0,89765.2,99822.8,-10057.600000000006,1.1120310317246358,55863.799999999996,0.5596240575894726,48728.06999999999,20997.7,-84.06627915495204,0.0,0.0,3.403192868719611
5110,675,810,1997-04-01,C,0,102240.0,60.0,1704.0,0.016666666666666666,607.0,51.51813826146475,1.0,8757.0,3.95,2471.0,96.0,0.0,126.0,19.0,37121.0,30929.8,6191.200000000001,0.8331932546737784,6743.800000000001,0.2180286316551787,33727.221052631576,24904.1,117.97632347600317,0.0,0.0,14.615082159624412
5210,1252,1511,1997-04-01,C,0,148140.0,36.0,4115.0,0.027777777777777776,615.0,35.07186858316222,1.0,8598.0,3.26,1875.0,123.0,0.0,118.0,17.0,86873.7,76700.1,10173.599999999991,0.8828818977216613,64356.0,0.8390492444045782,44889.26470588235,36095.6,-1.9738556299743006,0.0,0.0,8.771713244228431
7230,10954,13468,1997-04-02,C,0,18720.0,60.0,312.0,0.016666666666666666,247.0,36.41889117043121,0.0,8554.0,2.68,2218.0,113.0,0.0,42.0,17.0,45329.200000000004,45039.799999999996,289.40000000000873,0.9935936748569385,44103.8,0.9791966394913059,53918.600000000006,44374.3,-57.125316219730614,0.0,0.0,142.22532051282053
5005,176,215,1997-04-10,A,0,27456.0,12.0,2288.0,0.08333333333333333,241.0,29.544147843942504,0.0,8678.0,5.57,4595.0,102.0,0.0,75.0,27.0,118582.0,123845.9,-5263.899999999994,1.0443815724007657,102890.0,0.8307838145322975,51078.48888888889,23137.8,308.19069767441863,0.0,0.0,10.112674825174825
6871,9225,11359,1997-04-13,C,0,164256.0,48.0,3422.0,0.020833333333333332,468.0,24.646132785763175,0.0,9622.0,0.59,3529.0,154.0,0.0,98.0,19.0,29925.3,29208.3,717.0,0.9760077256460037,18943.8,0.6485537140568244,29288.052631578943,20321.1,-81.1830067220689,0.0,0.0,5.938369374634716
5363,2051,2489,1997-04-22,D,1,293880.0,60.0,4898.0,0.016666666666666666,531.0,22.23134839151266,1.0,9624.0,2.31,4265.0,145.0,1.0,90.0,14.0,41537.6,43545.8,-2008.2000000000044,1.0483213204104136,43545.8,0.9999770362001341,11303.65,-2213.0,361.2037183223285,1.0,1.0,-0.4518170681910984
7253,11079,13620,1997-04-26,A,0,98304.0,12.0,8192.0,0.08333333333333333,533.0,26.751540041067763,0.0,8427.0,1.54,1913.0,107.0,0.0,113.0,17.0,172860.40000000002,112718.3,60142.10000000002,0.6520732795175788,88143.8,0.7819761123427843,77378.62352941177,43762.9,519.760071031164,0.0,0.0,5.34215087890625
6055,5181,6257,1997-04-28,C,0,399120.0,60.0,6652.0,0.016666666666666666,450.0,54.68856947296372,1.0,8819.0,5.66,4505.0,99.0,0.0,60.0,13.0,32018.3,20001.300000000003,12016.999999999996,0.6246638746006316,43.8,0.0021897481789594194,25884.36923076923,19412.1,36.06080256354235,0.0,0.0,2.9182351172579675
5072,472,568,1997-04-28,D,1,196800.0,24.0,8200.0,0.041666666666666664,199.0,36.77481177275838,1.0,11277.0,1.44,4987.0,127.0,0.0,23.0,21.0,172649.90000000002,206814.7,-34164.79999999999,1.1978779143346485,190414.30000000002,0.9206955758194373,37967.71904761905,-2756.1,-681.4442849889998,1.0,1.0,-0.33610975609756094
6913,9377,11545,1997-04-29,C,0,99936.0,24.0,4164.0,0.041666666666666664,590.0,31.266255989048595,1.0,12541.0,0.43,99107.0,167.0,0.0,152.0,26.0,62866.299999999996,109975.79999999999,-47109.49999999999,1.749332323799495,77260.79999999999,0.7025190767507329,59994.649999999994,27269.4,-78.73457606548371,0.0,0.0,6.548847262247839
6386,6856,8276,1997-04-30,C,0,124344.0,36.0,3454.0,0.027777777777777776,620.0,17.894592744695416,1.0,9425.0,2.5,3891.0,125.0,0.0,148.0,27.0,62808.7,91253.8,-28445.100000000006,1.4528615802973108,49943.8,0.5473005255613952,46927.27407407408,30626.2,-133.66600424297525,0.0,0.0,8.86687898089172
5634,3229,3906,1997-05-01,A,0,39024.0,12.0,3252.0,0.08333333333333333,530.0,60.35318275154004,0.0,9624.0,2.31,4265.0,145.0,0.0,136.0,21.0,115490.1,87902.8,27587.300000000003,0.7611218526795571,38429.2,0.43717336451893996,57574.04285714285,28594.1,107.36661488580901,0.0,0.0,8.792773677736777
5758,3859,4652,1997-05-02,D,1,307200.0,60.0,5120.0,0.016666666666666666,374.0,35.17864476386037,0.0,8240.0,3.56,1903.0,99.0,0.0,68.0,13.0,38956.9,31784.199999999997,7172.700000000004,0.8158601978032696,21543.8,0.6777934384556334,12436.007692307692,-152.2,219.68902125671576,1.0,0.0,-0.029726562499999998
6819,9031,11123,1997-05-03,C,0,50112.0,24.0,2088.0,0.041666666666666664,108.0,49.25941136208077,0.0,9538.0,1.81,5410.0,111.0,0.0,16.0,24.0,56920.1,102355.79999999999,-45435.69999999999,1.7982048836020386,88143.8,0.8611425914057494,45006.80833333333,15929.5,-989.6367714140904,0.0,0.0,7.6290708812260535
7088,10233,12586,1997-05-03,C,0,239160.0,60.0,3986.0,0.016666666666666666,437.0,50.25598904859685,0.0,8561.0,1.29,1127.0,110.0,0.0,106.0,29.0,84117.8,85965.9,-1848.0999999999913,1.0219582305025747,56743.8,0.6600656764405836,40551.44482758621,26642.1,4.812383325256545,0.0,0.0,6.683918715504265
5039,314,383,1997-05-03,C,0,66840.0,24.0,2785.0,0.041666666666666664,463.0,57.96303901437371,1.0,9045.0,3.6,1879.0,124.0,0.0,94.0,19.0,129559.7,116572.0,12987.699999999997,0.8997481489371392,67144.0,0.5759824316093778,41877.20526315789,18149.2,102.50935283136276,0.0,0.0,6.516768402154399
5532,2754,3326,1997-05-04,C,0,335280.0,48.0,6985.0,0.020833333333333332,464.0,44.35318275154004,1.0,8720.0,4.5,3651.0,116.0,0.0,97.0,23.0,147137.30000000002,159436.90000000002,-12299.600000000006,1.0835853071566004,129157.0,0.8100771522956586,36097.565217391304,17466.5,-226.68588586074915,0.0,0.0,2.500572655690766
6037,5118,6175,1997-05-04,C,0,53232.0,48.0,1109.0,0.020833333333333332,638.0,32.9637234770705,0.0,8994.0,4.79,9208.0,110.0,0.0,150.0,23.0,29903.600000000002,27253.8,2649.800000000003,0.9113581188178407,13303.8,0.4881268620573257,38183.33913043478,31728.1,18.246619957273882,0.0,0.0,28.609648331830478
6322,6510,7862,1997-05-06,C,0,76992.0,24.0,3208.0,0.041666666666666664,139.0,31.550992470910334,0.0,10673.0,5.44,18347.0,100.0,0.0,35.0,20.0,110630.0,149152.19999999998,-38522.19999999998,1.3481953521164953,139528.80000000002,0.9354730572324297,39489.28999999999,7848.3,-987.9371064431622,0.0,0.0,2.4464775561097256
6887,9263,11405,1997-05-08,A,0,39576.0,12.0,3298.0,0.08333333333333333,338.0,32.77481177275838,1.0,9893.0,4.72,5887.0,96.0,0.0,75.0,25.0,69869.99999999999,70376.7,-506.70000000001164,1.0072376236206726,30673.799999999996,0.43584544536124364,22010.688,9404.4,94.31893086657604,0.0,0.0,2.8515463917525774
6660,8094,9997,1997-05-09,C,0,220428.0,36.0,6123.0,0.027777777777777776,166.0,34.92128678986995,0.0,8110.0,6.55,3079.0,109.0,0.0,20.0,22.0,161803.5,175053.8,-13250.299999999988,1.0818846200198386,139689.80000000002,0.7979775476022367,66598.78181818183,33544.3,-268.0056282454641,0.0,0.0,5.478409276498449
5451,2350,2841,1997-05-11,C,0,159744.0,48.0,3328.0,0.020833333333333332,280.0,24.084873374401095,1.0,8968.0,3.35,1910.0,131.0,0.0,28.0,19.0,15488.5,50902.399999999994,-35413.899999999994,3.286251977145808,23403.799999999996,0.4597688955944003,26496.989473684207,12306.4,-360.80276416022383,0.0,0.0,3.697836538461538
6014,4999,6039,1997-05-18,C,0,165168.0,36.0,4588.0,0.027777777777777776,461.0,38.874743326488705,1.0,12541.0,0.43,99107.0,167.0,0.0,97.0,22.0,103744.20000000001,93274.3,10469.900000000009,0.8990709931640211,39443.799999999996,0.4228750805411507,37624.886363636375,19429.4,-98.40498934960726,0.0,0.0,4.234829991281605
5556,2872,3471,1997-05-19,C,0,268320.0,60.0,4472.0,0.016666666666666666,257.0,44.63518138261465,1.0,12541.0,0.43,99107.0,167.0,0.0,52.0,20.0,42722.2,43756.8,-1034.6000000000058,1.024192944348738,6043.8,0.13811937528851997,17766.239999999998,11618.3,-45.34002205071666,0.0,0.0,2.598009838998211
6346,6649,8030,1997-05-22,C,0,100260.0,60.0,1671.0,0.016666666666666666,684.0,29.842573579739906,0.0,12541.0,0.43,99107.0,167.0,0.0,62.0,23.0,223141.8,212042.80000000002,11098.99999999997,0.9502560692077003,207029.80000000002,0.9763539419685933,82497.73043478261,52268.6,33.9829098101162,0.0,0.0,31.279832435667263
5850,4293,5171,1997-05-22,C,0,164196.0,36.0,4561.0,0.027777777777777776,473.0,40.65982203969884,1.0,9624.0,2.31,4265.0,145.0,0.0,49.0,24.0,166613.5,186755.0,-20141.5,1.1208808357015745,158681.0,0.8496701578530275,66251.72916666667,40649.6,-161.74395521772212,0.0,0.0,8.912431484323612
5940,4660,5618,1997-05-28,C,0,106944.0,24.0,4456.0,0.041666666666666664,145.0,44.18343600273785,1.0,8288.0,4.52,1460.0,110.0,0.0,18.0,30.0,112092.7,126754.8,-14662.100000000006,1.1307932559992222,104287.8,0.8227457836248914,34552.14333333333,58.3,-72.52952695829094,0.0,0.0,0.013083482944344704
7119,10361,12750,1997-06-02,A,0,86880.0,12.0,7240.0,0.08333333333333333,346.0,57.021218343600275,1.0,9104.0,2.07,2354.0,123.0,0.0,58.0,16.0,152636.9,146882.80000000002,5754.099999999977,0.9622957338904691,125162.80000000002,0.8521212005680681,59955.51875,39877.7,-342.33448322245454,0.0,0.0,5.507969613259668
5253,1447,1755,1997-06-03,C,0,100080.0,48.0,2085.0,0.020833333333333332,103.0,31.79192334017796,1.0,8403.0,5.72,2718.0,105.0,0.0,10.0,15.0,44187.600000000006,46818.6,-2630.9999999999927,1.0595176131400406,26229.199999999997,0.5602183700843236,35914.886666666665,27197.6,-190.43995887950362,0.0,0.0,13.04441247002398
6851,9138,11250,1997-06-03,D,1,272220.0,60.0,4537.0,0.016666666666666666,320.0,50.69404517453799,1.0,10787.0,3.09,6261.0,131.0,1.0,63.0,17.0,28502.8,14932.599999999999,13570.2,0.5238810263894639,81.6,0.005464188139497509,8523.241176470588,-1095.2,259.1106207599158,1.0,1.0,-0.24139299096319156
6695,8320,10273,1997-06-04,C,0,309660.0,60.0,5161.0,0.016666666666666666,136.0,38.68583162217659,1.0,8541.0,2.97,3839.0,131.0,0.0,17.0,24.0,109131.40000000001,131299.4,-22167.999999999985,1.2031202465995432,88500.8,0.6740329808591596,42253.175,22368.5,-552.3240204815763,0.0,0.0,4.334140670412711
6908,9353,11516,1997-06-08,C,0,188616.0,24.0,7859.0,0.041666666666666664,583.0,58.57905544147844,0.0,8444.0,3.47,2305.0,106.0,0.0,63.0,30.0,233876.0,245154.80000000002,-11278.800000000017,1.048221073470243,190857.80000000002,0.7785163557215452,74381.48,39113.1,-440.7969924652183,0.0,0.0,4.9768545616490645
7255,11096,13640,1997-06-09,C,0,213300.0,60.0,3555.0,0.016666666666666666,181.0,42.001368925393564,1.0,8594.0,2.01,1525.0,112.0,0.0,22.0,19.0,73056.6,78831.79999999999,-5775.1999999999825,1.079036267274041,48183.799999999996,0.6112151287281437,28670.28947368421,19207.7,25.735375342383307,0.0,0.0,5.403009845288326
5674,3418,4132,1997-06-10,C,0,207264.0,48.0,4318.0,0.020833333333333332,281.0,34.652977412731005,0.0,8388.0,2.94,1668.0,87.0,0.0,58.0,21.0,116037.7,89125.0,26912.699999999997,0.7680627239015949,76171.0,0.8546439871642394,64473.357142857145,36663.9,379.84318633445434,0.0,0.0,8.490944881889764
6278,6265,7567,1997-06-10,C,0,87360.0,24.0,3640.0,0.041666666666666664,221.0,60.238193018480494,0.0,9307.0,4.43,3040.0,118.0,0.0,69.0,26.0,147895.5,171731.30000000002,-23835.800000000017,1.1611586481086436,138990.80000000002,0.8093457084077952,59670.77692307693,28705.8,-76.63324194828184,0.0,0.0,7.886208791208791
5486,2516,3038,1997-06-13,C,0,466608.0,48.0,9721.0,0.020833333333333332,575.0,51.27446954140999,1.0,8546.0,4.02,3120.0,126.0,0.0,102.0,17.0,74602.9,71965.8,2637.0999999999913,0.9646385778759556,52523.799999999996,0.7298337566766897,38415.682352941185,18375.8,394.32194394817895,0.0,0.0,1.890319925933546
5174,1093,1311,1997-06-13,C,0,385104.0,48.0,8023.0,0.020833333333333332,516.0,40.48459958932238,1.0,9897.0,1.96,18696.0,140.0,0.0,102.0,20.0,144981.40000000002,137100.40000000002,7881.0,0.9456347804974948,90271.79999999999,0.6584309131781293,47474.34499999999,21743.6,-100.27021341463411,0.0,0.0,2.7101582949021563
6621,7957,9833,1997-06-14,A,0,42900.0,12.0,3575.0,0.08333333333333333,646.0,32.72826830937714,0.0,8541.0,2.97,3839.0,131.0,0.0,175.0,34.0,241082.7,256901.80000000002,-15819.100000000006,1.0656124823038637,209519.80000000002,0.8155605933450317,71125.98823529413,30299.4,-85.9836696863346,0.0,0.0,8.475356643356644
6313,6461,7796,1997-06-15,C,0,150912.0,36.0,4192.0,0.027777777777777776,333.0,21.71663244353183,1.0,8187.0,5.45,2134.0,94.0,0.0,67.0,23.0,146269.0,146592.30000000002,-323.30000000001746,1.0022034593559856,134014.80000000002,0.9141945777876616,63057.58695652173,27973.3,-94.34423014306356,0.0,0.0,6.673020038167938
6435,7045,8502,1997-06-16,C,0,288720.0,48.0,6015.0,0.020833333333333332,172.0,54.16016427104723,0.0,8541.0,2.97,3839.0,131.0,0.0,21.0,20.0,109177.90000000001,137493.7,-28315.800000000003,1.2593431514697437,119447.8,0.868744758888888,71214.75,50788.4,2.4348046676813966,0.0,0.0,8.443624272651704
6970,9677,11911,1997-06-17,C,0,31620.0,60.0,527.0,0.016666666666666666,247.0,57.648186173853524,0.0,11277.0,1.44,4987.0,127.0,0.0,37.0,20.0,47483.600000000006,43056.8,4426.800000000003,0.9067529262118665,14643.800000000001,0.34009633562327846,31051.18499999999,23662.2,74.02257157992416,0.0,0.0,44.899810246679316
6310,6440,7772,1997-06-17,A,0,34572.0,12.0,2881.0,0.08333333333333333,228.0,20.462696783025326,1.0,12541.0,0.43,99107.0,167.0,0.0,40.0,19.0,103994.40000000001,158929.8,-54935.39999999998,1.5282387490215912,150286.8,0.9456115491773778,62958.300000000025,28726.1,-264.67227271373923,0.0,0.0,9.970878167303018
5932,4626,5574,1997-06-18,A,0,33348.0,12.0,2779.0,0.08333333333333333,368.0,26.765229295003422,1.0,8899.0,3.97,2487.0,149.0,0.0,63.0,11.0,13190.5,14479.899999999998,-1289.3999999999978,1.0976689534927793,6143.800000000001,0.42426920978668464,9697.563636363637,2880.3,-92.9858550073447,0.0,0.0,1.0364519611370997
6877,9241,11379,1997-06-19,C,0,285240.0,60.0,4754.0,0.016666666666666666,267.0,45.059548254620125,0.0,10673.0,5.44,18347.0,100.0,0.0,54.0,24.0,86675.6,102063.90000000001,-15388.300000000003,1.177525422086238,77017.8,0.7545963401717927,41687.75416666667,20706.1,-227.6478938409532,0.0,0.0,4.355511148506521
6763,8772,10813,1997-06-19,C,0,88272.0,48.0,1839.0,0.020833333333333332,399.0,18.102669404517453,1.0,12541.0,0.43,99107.0,167.0,0.0,77.0,19.0,33313.8,35132.7,-1818.8999999999942,1.054567339440729,7543.8,0.21471692420667338,12008.447368421052,5264.3,33.901738804302724,0.0,0.0,2.8625883632408917
7085,10202,12547,1997-06-19,C,0,305424.0,48.0,6363.0,0.020833333333333332,346.0,33.68377823408624,1.0,10177.0,7.75,10108.0,81.0,0.0,83.0,21.0,97904.2,91416.70000000001,6487.499999999985,0.9337267070594821,53843.799999999996,0.5889865966875123,43894.81904761904,16167.9,-308.6793225971536,0.0,0.0,2.5409240924092407
7049,10063,12376,1997-06-24,C,0,233424.0,36.0,6484.0,0.027777777777777776,254.0,38.34907597535934,0.0,9753.0,5.05,5892.0,109.0,0.0,49.0,28.0,117237.5,129592.09999999999,-12354.599999999991,1.1053715289772557,74852.0,0.5775924798465351,50342.185714285704,28535.5,-95.26898269939035,0.0,0.0,4.400909932140654
6959,9633,11857,1997-06-30,D,1,59448.0,24.0,2477.0,0.041666666666666664,539.0,44.84325804243669,0.0,10177.0,7.75,10108.0,81.0,1.0,120.0,22.0,80143.4,87068.2,-6924.800000000003,1.086391563228373,79637.79999999999,0.9146494971815521,53973.7590909091,34241.9,-251.70370570783498,0.0,0.0,13.823940250302787
5214,1270,1533,1997-07-01,C,0,74772.0,36.0,2077.0,0.027777777777777776,389.0,36.52292950034223,0.0,8743.0,2.43,3894.0,111.0,0.0,71.0,17.0,37651.5,40917.9,-3266.4000000000015,1.086724653077485,22200.0,0.5425365784515224,25797.252941176474,16299.5,-74.64378709778194,0.0,0.0,7.847616754935002
6350,6678,8064,1997-07-09,C,0,294384.0,48.0,6133.0,0.020833333333333332,553.0,30.60917180013689,1.0,9897.0,1.96,18696.0,140.0,0.0,129.0,26.0,226458.2,232285.80000000002,-5827.600000000006,1.0257291379639246,213886.80000000002,0.9207875781146411,75896.96153846153,41078.6,-708.1476729866331,0.0,0.0,6.697961845752486
5063,442,533,1997-07-10,D,1,357840.0,48.0,7455.0,0.020833333333333332,102.0,56.14236824093087,1.0,9897.0,1.96,18696.0,140.0,0.0,2.0,7.0,63284.4,41500.0,21784.4,0.6557594642682198,41500.0,0.9999759041950796,39099.77142857143,16400.0,-62.12054361054764,0.0,0.0,2.1998658618376927
5041,319,389,1997-07-11,C,0,369000.0,60.0,6150.0,0.016666666666666666,633.0,23.030800821355236,1.0,9538.0,1.81,5410.0,111.0,0.0,171.0,25.0,71470.2,70813.5,656.6999999999971,0.9907976919374518,41774.0,0.5899074342119198,57668.015999999996,42671.2,80.43139930595498,0.0,0.0,6.93840650406504
5086,525,631,1997-07-16,C,0,210384.0,48.0,4383.0,0.020833333333333332,483.0,41.31690622861054,1.0,10177.0,7.75,10108.0,81.0,0.0,59.0,17.0,13352.9,47053.9,-33701.0,3.5236073356847064,14543.800000000001,0.30908151967170266,28231.652941176468,12777.5,-378.0948411588219,0.0,0.0,2.9152407027150353
6942,9513,11713,1997-07-16,A,0,18324.0,12.0,1527.0,0.08333333333333333,430.0,46.26420260095825,1.0,8444.0,3.47,2305.0,106.0,0.0,86.0,19.0,61329.8,64521.799999999996,-3191.9999999999927,1.0520293229502957,34983.8,0.5421928372606273,26203.252631578944,14564.5,-46.60055391968589,0.0,0.0,9.537982973149967
5270,1528,1852,1997-07-21,C,0,191088.0,48.0,3981.0,0.020833333333333332,408.0,34.874743326488705,0.0,8187.0,5.45,2134.0,94.0,0.0,78.0,20.0,54556.1,64646.799999999996,-10090.699999999997,1.1849383489958227,52703.799999999996,0.8152450663440983,22109.280000000006,7554.5,-90.84909148501161,0.0,0.0,1.897638784225069
6705,8381,10355,1997-07-25,D,1,333648.0,48.0,6951.0,0.020833333333333332,311.0,21.0403832991102,1.0,10045.0,1.71,6295.0,135.0,0.0,97.0,28.0,63678.0,128175.2,-64497.2,2.0128331160979287,80985.79999999999,0.6318318065288251,41803.0142857143,17145.2,-484.2788061393076,0.0,0.0,2.466580348151345
7051,10068,12382,1997-07-28,A,0,77808.0,12.0,6484.0,0.08333333333333333,117.0,41.661875427789184,0.0,12541.0,0.43,99107.0,167.0,0.0,23.0,23.0,212031.0,171594.90000000002,40436.09999999998,0.8092877490190161,152143.8,0.886640065409488,66303.5347826087,39534.1,479.7844445980666,0.0,0.0,6.097177668106107
6758,8742,10777,1997-07-29,A,0,33144.0,12.0,2762.0,0.08333333333333333,182.0,17.503080082135522,1.0,10177.0,7.75,10108.0,81.0,0.0,32.0,28.0,47741.6,53425.8,-5684.200000000004,1.119038343114954,25963.8,0.4859695882965103,30965.80357142858,21741.8,-46.58638667977811,0.0,0.0,7.871759594496742
6249,6138,7411,1997-07-30,C,0,67608.0,24.0,2817.0,0.041666666666666664,189.0,34.510609171800134,1.0,9897.0,1.96,18696.0,140.0,0.0,23.0,16.0,50957.7,48902.700000000004,2054.9999999999927,0.9596536018383516,7843.800000000001,0.1603927719170533,14909.83125,1909.0,-12.062932726956443,0.0,0.0,0.6776712815051473
5808,4099,4937,1997-07-31,C,0,41856.0,48.0,872.0,0.020833333333333332,431.0,36.72279260780287,1.0,9897.0,1.96,18696.0,140.0,0.0,103.0,25.0,54931.5,64420.799999999996,-9489.299999999996,1.1727265280116506,50923.8,0.790474652990137,44705.136000000006,27579.8,-60.04028888623613,0.0,0.0,31.62821100917431
5377,2116,2560,1997-08-04,A,0,92400.0,12.0,7700.0,0.08333333333333333,459.0,23.123887748117728,1.0,10177.0,7.75,10108.0,81.0,0.0,104.0,19.0,49904.6,53485.2,-3580.5999999999985,1.0717274213715495,16243.800000000001,0.30370076767465254,55269.10526315789,34075.2,-154.14113812571753,0.0,0.0,4.425350649350649
5446,2334,2822,1997-08-04,C,0,48312.0,24.0,2013.0,0.041666666666666664,503.0,38.79260780287474,0.0,8187.0,5.45,2134.0,94.0,0.0,94.0,20.0,43359.5,54999.799999999996,-11640.299999999996,1.268430945215115,16839.8,0.30617372838213264,35447.57000000001,27470.9,-142.36136142956914,0.0,0.0,13.646746150024839
5856,4320,5203,1997-08-09,B,1,51360.0,12.0,4280.0,0.08333333333333333,382.0,51.917864476386036,1.0,8814.0,5.74,2059.0,107.0,1.0,87.0,16.0,32006.1,86183.8,-54177.700000000004,2.69264631909795,73343.79999999999,0.8510062099117244,29912.225000000002,10290.0,-382.15721929604547,0.0,0.0,2.4042056074766354
4986,97,116,1997-08-10,A,0,102876.0,12.0,8573.0,0.08333333333333333,462.0,55.53182751540041,0.0,10673.0,5.44,18347.0,100.0,0.0,118.0,28.0,54318.9,50037.799999999996,4281.100000000006,0.9211688534036329,12723.800000000001,0.2542786797445183,41779.15714285714,29676.5,60.16271064998561,0.0,0.0,3.461623702321241
7001,9859,12133,1997-08-10,C,0,300600.0,60.0,5010.0,0.016666666666666666,398.0,33.12251882272416,1.0,8561.0,1.29,1127.0,110.0,0.0,95.0,30.0,90875.6,106827.29999999999,-15951.699999999983,1.17552043100204,82048.8,0.768043673820514,46670.29666666665,27737.1,-335.71277034468204,0.0,0.0,5.536347305389222
6677,8169,10090,1997-08-12,C,0,97980.0,60.0,1633.0,0.016666666666666666,623.0,17.412731006160165,1.0,8843.0,3.6,888.0,113.0,0.0,137.0,22.0,33537.1,36131.799999999996,-2594.699999999997,1.077335925410205,14063.800000000001,0.389225302218483,14867.745454545455,7502.7,-2.229202933276873,0.0,0.0,4.594427434170239
6665,8114,10023,1997-08-15,C,0,99300.0,60.0,1655.0,0.016666666666666666,671.0,24.40520191649555,1.0,8444.0,3.47,2305.0,106.0,0.0,144.0,24.0,56337.8,54564.8,1773.0,0.96851193138654,30243.800000000003,0.5542629265950467,33546.73333333334,22918.2,13.53486460906303,0.0,0.0,13.84785498489426
5817,4127,4968,1997-08-15,D,1,100800.0,24.0,4200.0,0.041666666666666664,469.0,59.22245037645448,0.0,8187.0,5.45,2134.0,94.0,1.0,64.0,12.0,0.0,970.2,-970.2,970.2,100.2,0.10317133443163097,-2011.0249999999996,-2541.6,-10.96237578514417,1.0,1.0,-0.6051428571428571
6984,9730,11976,1997-08-15,C,0,116040.0,60.0,1934.0,0.016666666666666666,226.0,57.80150581793292,1.0,9897.0,1.96,18696.0,140.0,0.0,39.0,22.0,32426.800000000003,39033.8,-6607.0,1.203714097163545,18423.800000000003,0.4719839732751289,27742.054545454543,21860.8,-15.517237473347569,0.0,0.0,11.303412616339193
6541,7565,9370,1997-08-17,C,0,153504.0,48.0,3198.0,0.020833333333333332,502.0,21.659137577002053,0.0,8444.0,3.47,2305.0,106.0,0.0,111.0,22.0,57869.600000000006,58568.2,-698.5999999999913,1.0120544801678226,28343.799999999996,0.48393694979613855,23369.09090909091,16396.3,54.37720711912045,0.0,0.0,5.127048155096936
5117,718,861,1997-08-20,A,0,76944.0,12.0,6412.0,0.08333333333333333,535.0,40.93360711841205,1.0,12541.0,0.43,99107.0,167.0,0.0,110.0,28.0,101110.20000000001,137632.8,-36522.59999999998,1.3612023198221361,76729.8,0.5574924182867872,56310.52857142858,21565.4,-924.8110869662313,0.0,0.0,3.363287585776669
6097,5362,6473,1997-08-21,C,0,202848.0,48.0,4226.0,0.020833333333333332,349.0,56.889801505817935,1.0,8369.0,5.88,2807.0,107.0,0.0,74.0,22.0,78825.7,70493.90000000001,8331.799999999988,0.8942896252158217,14690.0,0.2083838689039916,38101.81818181818,24239.1,122.75429406807561,0.0,0.0,5.73570752484619
5389,2165,2621,1997-08-22,C,0,78600.0,24.0,3275.0,0.041666666666666664,136.0,41.28678986995209,0.0,8541.0,2.97,3839.0,131.0,0.0,14.0,20.0,66738.0,102112.2,-35374.2,1.530022925126238,54808.799999999996,0.5367454942162228,32568.610000000004,12035.5,-466.55722672820445,0.0,0.0,3.6749618320610686
7219,10905,13405,1997-08-23,C,0,57120.0,48.0,1190.0,0.020833333333333332,275.0,39.0280629705681,0.0,9272.0,3.22,4505.0,118.0,0.0,49.0,21.0,28200.0,25676.8,2523.2000000000007,0.9104925357256834,8243.800000000001,0.3210477533121997,45687.695238095235,40673.7,-0.5772946358083447,0.0,0.0,34.17957983193277
6338,6592,7959,1997-08-24,C,0,390660.0,60.0,6511.0,0.016666666666666666,308.0,19.15400410677618,1.0,12541.0,0.43,99107.0,167.0,0.0,81.0,28.0,184105.1,165473.9,18631.20000000001,0.898796400553811,113676.8,0.6869730696317086,77107.16428571427,34926.4,375.41525052119795,0.0,0.0,5.364214406389188
6922,9424,11598,1997-08-26,C,0,83628.0,36.0,2323.0,0.027777777777777776,239.0,19.923340177960302,1.0,9897.0,1.96,18696.0,140.0,0.0,34.0,17.0,42132.2,56960.9,-14828.700000000004,1.3519243731783963,49992.8,0.8776533086150567,24863.788235294116,16399.5,-59.846274548659274,0.0,0.0,7.059621179509255
5367,2064,2503,1997-08-26,C,0,83628.0,36.0,2323.0,0.027777777777777776,239.0,19.923340177960302,1.0,9897.0,1.96,18696.0,140.0,0.0,34.0,17.0,42141.8,56960.9,-14819.099999999999,1.351616408971402,49992.8,0.8776533086150567,25457.147058823528,16995.7,-59.7557800815594,0.0,0.0,7.3162720619888075
5638,3249,3929,1997-08-27,A,0,68124.0,12.0,5677.0,0.08333333333333333,320.0,39.81930184804928,0.0,10673.0,5.44,18347.0,100.0,0.0,51.0,18.0,69954.1,49565.799999999996,20388.30000000001,0.708537333232316,7943.8,0.16026453190441992,29156.155555555557,16487.0,183.82226168762594,0.0,0.0,2.9041747401796725
5830,4190,5050,1997-08-28,C,0,405780.0,60.0,6763.0,0.016666666666666666,694.0,46.60643394934976,0.0,8544.0,1.86,2906.0,109.0,0.0,176.0,24.0,37827.8,37961.8,-134.0,1.0035158397834454,1943.8,0.051202756382563976,42770.775,38624.0,-24.879511688609075,0.0,0.0,5.711074966730741
5338,1888,2291,1997-08-30,B,1,57360.0,12.0,4780.0,0.08333333333333333,313.0,39.945242984257355,0.0,8546.0,4.02,3120.0,126.0,1.0,75.0,27.0,87116.8,75959.79999999999,11157.000000000015,0.8719205489578478,44643.8,0.5877215616475868,34050.10740740741,15091.4,180.71500912023515,0.0,0.0,3.1571966527196653
6007,4949,5978,1997-08-30,C,0,289920.0,48.0,6040.0,0.020833333333333332,320.0,53.59069130732375,1.0,8705.0,7.61,4859.0,116.0,0.0,45.0,17.0,109414.2,119663.2,-10249.0,1.0936615753569887,101543.79999999999,0.8485729232301723,61801.94705882352,44312.3,-27.23399832218198,0.0,0.0,7.336473509933775
6612,7907,9775,1997-08-31,A,0,97392.0,12.0,8116.0,0.08333333333333333,400.0,37.18822724161533,0.0,10177.0,7.75,10108.0,81.0,0.0,81.0,15.0,47021.9,43373.4,3648.5,0.922388878610209,43.8,0.0010098122394776642,17169.82,5765.8,-0.741339491916865,0.0,0.0,0.7104238541153278
5718,3637,4386,1997-09-01,A,0,14028.0,12.0,1169.0,0.08333333333333333,674.0,51.67967145790554,1.0,8240.0,3.56,1903.0,99.0,0.0,156.0,21.0,48641.8,40238.799999999996,8403.000000000007,0.8272303403586964,21443.8,0.532900262923772,62389.82380952379,52396.0,30.40316160166947,0.0,0.0,44.82121471343028
6104,5395,6511,1997-09-05,C,0,158184.0,36.0,4394.0,0.027777777777777776,497.0,44.07939767282683,0.0,9538.0,1.81,5410.0,111.0,0.0,95.0,16.0,54783.8,40077.2,14706.600000000006,0.7315386749609379,26895.8,0.671083032671128,40366.89375,22890.1,397.65983055660735,0.0,0.0,5.209399180700956
5229,1329,1608,1997-09-06,A,0,23520.0,12.0,1960.0,0.08333333333333333,355.0,55.81930184804928,0.0,8240.0,3.56,1903.0,99.0,0.0,63.0,21.0,35483.5,43271.4,-7787.9000000000015,1.2194451098366892,12043.800000000001,0.2783252142243093,18925.547619047615,11261.2,-143.92401652329227,0.0,0.0,5.745510204081633
6625,7966,9846,1997-09-07,D,1,473280.0,60.0,7888.0,0.016666666666666666,254.0,30.187542778918548,1.0,9897.0,1.96,18696.0,140.0,0.0,43.0,19.0,49850.899999999994,50916.9,-1066.0000000000073,1.0213632780295236,27253.799999999996,0.5352498826542335,34446.26842105264,13506.7,-128.6415204045983,0.0,0.0,1.712309837728195
5206,1242,1499,1997-09-07,C,0,128544.0,24.0,5356.0,0.041666666666666664,287.0,45.7741273100616,1.0,10673.0,5.44,18347.0,100.0,0.0,60.0,28.0,100238.1,69892.1,30346.0,0.6972538660063787,26693.0,0.3819118053141154,37698.0357142857,14064.6,164.16931301552947,0.0,0.0,2.625952203136669
5963,4746,5727,1997-09-07,C,0,204780.0,60.0,3413.0,0.016666666666666666,198.0,44.53388090349076,0.0,9897.0,1.96,18696.0,140.0,0.0,23.0,31.0,364412.10000000003,367420.80000000005,-3008.7000000000116,1.0082535452210692,357181.8,0.9721301240155047,94577.52258064516,47239.0,-0.2993758021548501,0.0,0.0,13.840902431878114
4990,110,132,1997-09-08,C,0,162576.0,36.0,4516.0,0.027777777777777776,418.0,44.616016427104725,0.0,9198.0,4.28,6132.0,131.0,0.0,84.0,23.0,70968.1,79615.79999999999,-8647.699999999983,1.1218375321090444,56623.799999999996,0.7112041679645502,46377.8695652174,26316.9,-72.79044167435318,0.0,0.0,5.827480070859168
6641,8026,9914,1997-09-09,C,0,128268.0,36.0,3563.0,0.027777777777777776,170.0,54.75427789185489,0.0,9198.0,4.28,6132.0,131.0,0.0,18.0,18.0,72503.3,71092.8,1410.5,0.9805321891253347,60403.799999999996,0.8496352705861833,56925.216666666674,43110.4,-59.45634985341819,0.0,0.0,12.099466741509964
5369,2080,2522,1997-09-12,C,0,214596.0,36.0,5961.0,0.027777777777777776,138.0,60.01095140314853,0.0,10673.0,5.44,18347.0,100.0,0.0,17.0,20.0,173342.9,162796.8,10546.100000000006,0.9391550553552793,104029.79999999999,0.639012320805318,72478.09999999999,46025.1,293.56686353090066,0.0,0.0,7.721036738802214
6196,5837,7065,1997-09-14,C,0,177804.0,36.0,4939.0,0.027777777777777776,423.0,26.190280629705683,1.0,9307.0,4.43,3040.0,118.0,0.0,91.0,23.0,97156.0,122292.8,-25136.800000000003,1.258713216752267,107475.8,0.878832778113036,49320.24782608696,21159.8,-779.1214533986214,0.0,0.0,4.284227576432476
5236,1374,1662,1997-09-15,C,0,389136.0,48.0,8107.0,0.020833333333333332,354.0,30.023271731690624,0.0,8240.0,3.56,1903.0,99.0,0.0,62.0,19.0,170909.0,171101.69999999998,-192.69999999998254,1.001121642969984,146779.8,0.8578461941278542,59171.100000000006,29620.6,477.75723655955966,0.0,0.0,3.653706673245343
5719,3664,4417,1997-09-20,C,0,271584.0,48.0,5658.0,0.020833333333333332,510.0,21.4072553045859,0.0,12541.0,0.43,99107.0,167.0,0.0,90.0,19.0,91827.1,131475.8,-39648.69999999998,1.4317599950341995,114501.8,0.8708897691455832,71351.96315789473,47228.2,226.13122598523043,0.0,0.0,8.347154471544714
5643,3273,3962,1997-09-21,B,1,94512.0,12.0,7876.0,0.08333333333333333,632.0,44.813141683778234,0.0,10673.0,5.44,18347.0,100.0,0.0,134.0,22.0,175053.7,172918.8,2134.9000000000233,0.987798670929715,149290.8,0.8633528375582207,42899.25000000001,22343.9,201.493105303268,0.0,0.0,2.8369603859827324
7050,10065,12378,1997-09-23,C,0,311232.0,48.0,6484.0,0.020833333333333332,542.0,51.07460643394935,1.0,8369.0,5.88,2807.0,107.0,0.0,136.0,24.0,171295.1,173991.9,-2696.7999999999884,1.0157376612777522,154540.8,0.8882017599568718,76097.90833333334,45049.9,-48.32341016294154,0.0,0.0,6.947856261566934
6355,6699,8089,1997-09-24,C,0,127200.0,48.0,2650.0,0.020833333333333332,473.0,32.46817248459959,0.0,8867.0,1.21,3620.0,130.0,0.0,95.0,23.0,69663.4,56015.39999999999,13648.000000000007,0.8040749651184822,9643.800000000001,0.17216029591333973,44259.234782608684,31417.7,248.90037018426355,0.0,0.0,11.855735849056604
6688,8268,10209,1997-09-26,C,0,8616.0,24.0,359.0,0.041666666666666664,372.0,21.916495550992472,0.0,8444.0,3.47,2305.0,106.0,0.0,79.0,26.0,46404.9,39347.8,7057.0999999999985,0.8479051155133291,14663.800000000001,0.37266193632334405,28596.296153846146,18178.2,82.9071499083662,0.0,0.0,50.63565459610028
6239,6083,7348,1997-09-28,D,1,360864.0,48.0,7518.0,0.020833333333333332,374.0,19.923340177960302,1.0,8546.0,4.02,3120.0,126.0,0.0,86.0,42.0,387741.5,318408.0,69333.5,0.821184162169481,295854.0,0.9291634344506594,69746.9023809524,27582.2,285.7365197914654,0.0,0.0,3.6688214950784785
5531,2753,3324,1997-09-30,C,0,66432.0,24.0,2768.0,0.041666666666666664,595.0,26.466803559206024,1.0,10787.0,3.09,6261.0,131.0,0.0,107.0,21.0,77323.2,69885.79999999999,7437.400000000009,0.9038024318389326,40974.8,0.5863024204856999,25986.12857142857,12446.9,159.19376942081402,0.0,0.0,4.496712427745664
6113,5445,6571,1997-10-01,C,0,78696.0,36.0,2186.0,0.027777777777777776,224.0,26.524298425735797,1.0,8994.0,4.79,9208.0,110.0,0.0,41.0,28.0,47485.3,47508.2,-22.89999999999418,1.0004611856472287,30129.199999999997,0.6341761174677747,39691.549999999996,27515.9,32.21189027315671,0.0,0.0,12.58732845379689
7181,10679,13134,1997-10-02,C,0,197808.0,24.0,8242.0,0.041666666666666664,125.0,34.913073237508556,1.0,12541.0,0.43,99107.0,167.0,0.0,15.0,22.0,173887.2,180959.2,-7072.0,1.0406640588608083,136223.80000000002,0.7527832086834564,69786.55454545455,36593.6,-390.00814480451214,0.0,0.0,4.439893229798592
6118,5477,6610,1997-10-04,C,0,349392.0,48.0,7279.0,0.020833333333333332,657.0,43.337440109514034,0.0,8720.0,4.5,3651.0,116.0,0.0,145.0,27.0,201218.5,201607.7,-389.20000000001164,1.0019292364805599,160743.80000000002,0.7973058702327827,88764.88518518518,57457.4,38.10740321715043,0.0,0.0,7.893584283555434
7264,11141,13694,1997-10-07,A,0,44940.0,12.0,3745.0,0.08333333333333333,238.0,21.713894592744694,1.0,12541.0,0.43,99107.0,167.0,0.0,40.0,29.0,92437.2,132144.09999999998,-39706.89999999998,1.4295399520977257,120910.0,0.9149790646796591,62716.21034482758,29207.2,-497.54604086675346,0.0,0.0,7.798985313751669
5343,1906,2316,1997-10-08,C,0,44952.0,24.0,1873.0,0.041666666666666664,433.0,27.540041067761805,0.0,12541.0,0.43,99107.0,167.0,0.0,89.0,34.0,176358.1,190695.2,-14337.100000000006,1.0812892558421994,162537.80000000002,0.8523389558890004,66171.80588235296,37381.1,-383.4886203065232,0.0,0.0,19.957875066737852
5051,378,458,1997-10-11,C,0,230400.0,60.0,3840.0,0.016666666666666666,446.0,36.21629021218344,0.0,9893.0,4.72,5887.0,96.0,0.0,168.0,36.0,182077.2,135845.40000000002,46231.79999999999,0.7460827270919859,95143.8,0.7003777796099123,53926.03055555556,23788.2,400.6046736285836,0.0,0.0,6.19484375
5779,3942,4754,1997-10-14,C,0,107352.0,36.0,2982.0,0.027777777777777776,522.0,57.79603011635866,1.0,8561.0,1.29,1127.0,110.0,0.0,84.0,22.0,75509.2,84921.5,-9412.300000000003,1.124636141872224,35690.0,0.42026553622420443,50461.15909090908,26512.8,43.815757592912306,0.0,0.0,8.890945674044266
6605,7890,9755,1997-10-14,C,0,79344.0,48.0,1653.0,0.020833333333333332,567.0,46.36002737850787,1.0,8624.0,2.66,3198.0,102.0,0.0,105.0,23.0,27838.4,33114.8,-5276.4000000000015,1.1894940264517195,15243.800000000001,0.4603180354996708,26333.143478260863,22104.3,-2.424753408761228,0.0,0.0,13.372232304900182
6655,8085,9987,1997-10-17,D,1,260400.0,60.0,4340.0,0.016666666666666666,557.0,47.32922655715264,1.0,8746.0,3.74,4433.0,90.0,0.0,127.0,21.0,47913.6,68629.79999999999,-20716.19999999999,1.4323358642251003,24306.799999999996,0.3541675166251887,20472.038095238095,338.6,-413.0451676705193,0.0,0.0,0.07801843317972351
6534,7542,9340,1997-10-19,C,0,590820.0,60.0,9847.0,0.016666666666666666,521.0,30.16016427104723,0.0,9897.0,1.96,18696.0,140.0,0.0,111.0,28.0,72857.4,63760.799999999996,9096.599999999999,0.8751331349576713,13003.800000000001,0.20394342694215034,36952.11071428573,26138.7,131.18439673390412,0.0,0.0,2.6544835990657054
5681,3448,4169,1997-10-20,C,0,68664.0,24.0,2861.0,0.041666666666666664,501.0,17.66735112936345,1.0,8757.0,3.95,2471.0,96.0,0.0,73.0,13.0,3980.6,24772.100000000002,-20791.500000000004,6.221644564998996,16190.0,0.6535314514533909,20586.184615384616,15851.0,-72.88242708486004,0.0,0.0,5.540370499825236
6607,7894,9760,1997-10-21,C,0,153144.0,36.0,4254.0,0.027777777777777776,560.0,28.673511293634498,0.0,8561.0,1.29,1127.0,110.0,0.0,171.0,24.0,29224.2,70359.9,-41135.7,2.4075079041375247,35143.8,0.49947911411025164,39775.4375,16580.0,-150.10552908841044,0.0,0.0,3.897508227550541
6242,6097,7366,1997-10-22,C,0,26208.0,36.0,728.0,0.027777777777777776,129.0,24.528405201916495,1.0,8843.0,3.6,888.0,113.0,0.0,12.0,19.0,28465.399999999998,39418.2,-10952.8,1.3847272573981957,27769.199999999997,0.7044587409181312,33185.66315789474,24558.8,-167.61595886586417,0.0,0.0,33.73461538461538
7242,11027,13556,1997-10-23,C,0,48096.0,24.0,2004.0,0.041666666666666664,454.0,39.26351813826147,0.0,9272.0,3.22,4505.0,118.0,0.0,83.0,20.0,43034.0,42199.6,834.4000000000015,0.9805878935749971,24790.0,0.5874324061743198,34170.83500000001,26669.8,-1.1685636799833108,0.0,0.0,13.308283433133733
7277,11231,13803,1997-10-24,A,0,89280.0,12.0,7440.0,0.08333333333333333,261.0,49.94387405886379,0.0,12541.0,0.43,99107.0,167.0,0.0,52.0,32.0,157024.90000000002,201593.3,-44568.399999999965,1.2838219682230763,149235.8,0.7402778749200746,49534.415624999994,7911.8,-254.15606851467086,0.0,0.0,1.0634139784946237
6675,8158,10075,1997-11-01,C,0,238716.0,36.0,6631.0,0.027777777777777776,503.0,33.33607118412046,0.0,9060.0,2.44,1717.0,124.0,0.0,106.0,28.0,139895.5,185825.1,-45929.600000000006,1.3283041391314294,130875.0,0.7042875032086451,65799.19642857143,32773.5,-178.95714972145896,0.0,0.0,4.942467199517418
5398,2187,2647,1997-11-04,A,0,53472.0,12.0,4456.0,0.08333333333333333,617.0,57.609856262833674,0.0,8899.0,3.97,2487.0,149.0,0.0,134.0,22.0,168848.6,165064.0,3784.600000000006,0.9775800475689608,151696.0,0.919007663647654,70853.89090909089,45804.3,14.292480916593952,0.0,0.0,10.279241472172352
5956,4725,5699,1997-11-04,C,0,168264.0,36.0,4674.0,0.027777777777777776,204.0,47.07460643394935,0.0,8746.0,3.74,4433.0,90.0,0.0,25.0,22.0,98457.2,110552.4,-12095.199999999997,1.12283588365418,56143.799999999996,0.5078432685019185,30938.931818181813,15390.9,-222.80576038627652,0.0,0.0,3.2928754813863925
5731,3711,4474,1997-11-05,D,1,460980.0,60.0,7683.0,0.016666666666666666,181.0,32.90622861054072,1.0,8980.0,2.21,2813.0,111.0,0.0,26.0,28.0,127193.70000000001,131793.4,-4599.6999999999825,1.0361548083371397,108743.8,0.8251018252672345,42642.17142857142,5080.4,66.9504209733726,0.0,0.0,0.6612521150592217
6956,9631,11855,1997-11-09,C,0,59448.0,24.0,2477.0,0.041666666666666664,502.0,39.93976728268309,0.0,9622.0,0.59,3529.0,154.0,0.0,93.0,24.0,53557.2,67090.2,-13533.0,1.2526597234410417,59659.799999999996,0.8892343556233903,19249.370833333334,5438.0,-163.29976313503934,0.0,0.0,2.1953976584578117
6437,7052,8510,1997-11-09,D,1,63972.0,36.0,1777.0,0.027777777777777776,115.0,50.46406570841889,0.0,8743.0,2.43,3894.0,111.0,0.0,11.0,23.0,42952.2,72858.7,-29906.5,1.6962345063930044,69305.3,0.951215829875775,22635.213043478263,-1513.8,-569.3932848705523,1.0,1.0,-0.8518851997749015
5447,2335,2823,1997-11-12,D,1,541200.0,60.0,9020.0,0.016666666666666666,587.0,50.902121834360024,1.0,10177.0,7.75,10108.0,81.0,1.0,174.0,34.0,48993.2,42679.6,6313.5999999999985,0.8711153565115871,8841.600000000002,0.2071573501778326,1470.1735294117648,-5011.4,46.5463366423347,1.0,1.0,-0.5555875831485587
5973,4784,5774,1997-11-24,C,0,219456.0,48.0,4572.0,0.020833333333333332,108.0,37.8590006844627,1.0,8369.0,2.31,2618.0,117.0,0.0,11.0,16.0,104033.7,106845.2,-2811.5,1.0270150247946117,93129.20000000001,0.8716192059240293,75621.74375,49439.4,-130.84888992755327,0.0,0.0,10.813517060367454
6075,5267,6363,1997-11-26,D,1,129312.0,24.0,5388.0,0.041666666666666664,684.0,24.10130047912389,1.0,9753.0,5.05,5892.0,109.0,1.0,152.0,18.0,106859.8,138894.30000000002,-32034.500000000015,1.2997684838593762,122728.8,0.8836065727206032,64274.97777777777,34559.1,-349.2009448728442,0.0,0.0,6.4140868596881955
5281,1580,1913,1997-11-27,C,0,194256.0,24.0,8094.0,0.041666666666666664,689.0,29.61806981519507,0.0,8173.0,7.01,1358.0,124.0,0.0,134.0,21.0,101921.90000000001,131226.40000000002,-29304.500000000015,1.2875065368038,106943.80000000002,0.8149502314303263,48934.69047619047,27137.8,-298.2899967700541,0.0,0.0,3.3528292562391893
5103,666,798,1997-11-28,A,0,12540.0,12.0,1045.0,0.08333333333333333,623.0,57.79329226557152,1.0,8561.0,1.29,1127.0,110.0,0.0,152.0,37.0,54386.9,66997.79999999999,-12610.899999999987,1.2318512021975474,42343.799999999996,0.6320083344776325,49438.98108108108,34218.3,-154.13515927700033,0.0,0.0,32.74478468899522
6468,7176,8661,1997-11-30,C,0,203940.0,60.0,3399.0,0.016666666666666666,358.0,43.5564681724846,1.0,12541.0,0.43,99107.0,167.0,0.0,54.0,28.0,87658.09999999999,94525.40000000001,-6867.3000000000175,1.0783295744537649,65998.4,0.6982007142978045,49730.432142857135,28752.2,-158.58679778094546,0.0,0.0,8.459017358046484
7209,10857,13346,1997-11-30,D,1,385560.0,60.0,6426.0,0.016666666666666666,424.0,41.62628336755647,0.0,8187.0,5.45,2134.0,94.0,0.0,59.0,27.0,116339.90000000001,113671.2,2668.7000000000116,0.9770527819537238,100818.6,0.8869239796537765,18064.085185185188,-2132.2,101.62776297229419,1.0,1.0,-0.33180827886710235
5584,2986,3606,1997-12-06,C,0,24792.0,24.0,1033.0,0.041666666666666664,606.0,39.501711156741955,0.0,8288.0,4.52,1460.0,110.0,0.0,135.0,30.0,71026.79999999999,77735.8,-6709.000000000015,1.0944418945821215,60563.799999999996,0.7790878965946629,57502.11,42351.8,-53.64295399955311,0.0,0.0,40.99883833494676
4988,103,124,1997-12-06,D,1,265320.0,36.0,7370.0,0.027777777777777776,636.0,30.209445585215605,0.0,8254.0,3.76,2325.0,97.0,0.0,83.0,29.0,149199.09999999998,73902.40000000001,75296.69999999997,0.49532406479620333,66532.20000000001,0.9002589867313276,27730.94482758621,-1139.8,605.5356413582572,1.0,1.0,-0.1546540027137042
6502,7424,9202,1997-12-08,A,0,30276.0,12.0,2523.0,0.08333333333333333,498.0,35.827515400410675,0.0,9893.0,4.72,5887.0,96.0,0.0,164.0,26.0,54677.0,57650.4,-2973.4000000000015,1.0543619005815867,25643.8,0.4448079318108493,27059.94615384616,5003.5,220.01633532369092,0.0,0.0,1.9831549742370194
5651,3329,4024,1997-12-08,A,0,19248.0,12.0,1604.0,0.08333333333333333,422.0,33.14442162902122,0.0,8980.0,2.21,2813.0,111.0,0.0,72.0,27.0,65769.9,65282.799999999996,487.09999999999854,0.9925787848425368,32723.799999999996,0.501254522561493,30146.16666666666,18300.3,164.7469649225385,0.0,0.0,11.409164588528677
4962,25,31,1997-12-08,A,0,30276.0,12.0,2523.0,0.08333333333333333,498.0,35.827515400410675,0.0,9893.0,4.72,5887.0,96.0,0.0,164.0,26.0,54720.799999999996,57650.4,-2929.600000000006,1.053517976382356,25643.8,0.4448079318108493,30856.584615384614,8793.4,220.51282233888898,0.0,0.0,3.4852952833927864
5862,4342,5232,1997-12-09,C,0,100128.0,24.0,4172.0,0.041666666666666664,589.0,49.67556468172484,1.0,10673.0,5.44,18347.0,100.0,0.0,139.0,27.0,130345.8,87664.79999999999,42681.000000000015,0.6725504577020686,56743.799999999996,0.647274079515615,62650.52962962962,35213.5,190.60708563202462,0.0,0.0,8.440436241610739
7199,10789,13261,1997-12-09,A,0,45768.0,12.0,3814.0,0.08333333333333333,447.0,53.35523613963039,0.0,8819.0,5.66,4505.0,99.0,0.0,146.0,37.0,161375.40000000002,208920.9,-47545.49999999997,1.29461866790931,155650.80000000002,0.7450190717201022,44688.256756756746,23695.1,-194.6182986971655,0.0,0.0,6.212663869952805
6727,8505,10492,1997-12-10,A,0,42840.0,12.0,3570.0,0.08333333333333333,265.0,60.07939767282683,0.0,10177.0,7.75,10108.0,81.0,0.0,45.0,25.0,46626.5,55673.799999999996,-9047.299999999996,1.1940121173127445,44963.799999999996,0.8076149353028659,36232.564,26385.7,-93.33182998730383,0.0,0.0,7.390952380952381
7279,11244,13820,1997-12-11,C,0,155760.0,24.0,6490.0,0.041666666666666664,333.0,49.36344969199179,1.0,8705.0,7.61,4859.0,116.0,0.0,83.0,29.0,141520.09999999998,168877.30000000002,-27357.20000000004,1.193301210914839,112943.80000000002,0.6687881154653973,54421.87586206896,2919.4,-869.5556574911982,0.0,0.0,0.4498305084745763
6544,7594,9403,1997-12-11,C,0,130464.0,48.0,2718.0,0.020833333333333332,664.0,23.72347707049966,0.0,8427.0,1.54,1913.0,107.0,0.0,191.0,32.0,127499.5,115535.8,11963.699999999997,0.9061595836879072,89309.8,0.7729987328712583,43362.271875,22355.7,425.23231330174553,0.0,0.0,8.225055187637969
5933,4631,5579,1997-12-13,C,0,87528.0,24.0,3647.0,0.041666666666666664,366.0,46.822724161533195,0.0,8909.0,5.56,3590.0,113.0,0.0,57.0,24.0,70605.70000000001,78241.0,-7635.299999999988,1.1081242998185723,67300.0,0.8601518366094936,49393.799999999996,30927.1,85.25977763873514,0.0,0.0,8.480148066904304
6574,7745,9582,1997-12-20,C,0,77544.0,36.0,2154.0,0.027777777777777776,386.0,55.68514715947981,1.0,8507.0,1.85,2674.0,132.0,0.0,64.0,21.0,55347.899999999994,66385.2,-11037.300000000003,1.1993951099299174,29443.799999999996,0.44352290084385004,23983.066666666666,9712.8,-210.69998702706704,0.0,0.0,4.509192200557103
6399,6902,8333,1997-12-21,C,0,49320.0,36.0,1370.0,0.027777777777777776,425.0,31.88501026694045,0.0,8441.0,4.48,2252.0,115.0,0.0,81.0,29.0,31430.899999999998,38848.799999999996,-7417.899999999998,1.235967281646989,21043.800000000003,0.5416707421917232,24238.082758620694,16457.1,-27.978941242183822,0.0,0.0,12.012481751824817
7187,10711,13172,1997-12-24,C,0,24180.0,60.0,403.0,0.016666666666666666,534.0,59.181382614647504,0.0,9198.0,4.28,6132.0,131.0,0.0,134.0,29.0,67169.70000000001,69677.79999999999,-2508.0999999999767,1.0373243095575895,57503.8,0.8252696659529155,83786.9344827586,68621.7,68.68744747859394,0.0,0.0,170.27717121588088
6353,6686,8074,1997-12-25,C,0,116496.0,24.0,4854.0,0.041666666666666664,684.0,39.21697467488022,0.0,8814.0,5.74,2059.0,107.0,0.0,120.0,14.0,87778.4,61185.2,26593.199999999997,0.6970337003898409,46623.799999999996,0.7619986206039924,35082.35,19972.6,134.63177347731016,0.0,0.0,4.114668314791924
5043,339,414,1997-12-25,C,0,468060.0,60.0,7801.0,0.016666666666666666,470.0,50.18480492813142,1.0,8369.0,2.31,2618.0,117.0,0.0,112.0,29.0,141364.2,164874.6,-23510.399999999994,1.1663025978104937,129066.0,0.7828083718876534,68024.95172413794,32718.5,-294.2922157973276,0.0,0.0,4.194141776695296
5469,2445,2952,1997-12-26,C,0,293160.0,60.0,4886.0,0.016666666666666666,537.0,19.939767282683093,1.0,8363.0,3.49,2799.0,108.0,0.0,97.0,22.0,172760.1,101401.8,71358.3,0.5869481034793134,86743.8,0.8554379169017029,53205.19999999998,17240.8,946.8578027092113,0.0,0.0,3.528612361850184
5976,4794,5788,1997-12-27,D,1,465504.0,48.0,9698.0,0.020833333333333332,374.0,35.64955509924709,0.0,8994.0,4.79,9208.0,110.0,0.0,86.0,30.0,51568.399999999994,66798.79999999999,-15230.399999999994,1.2953185416157642,15723.800000000001,0.23538693229620453,17051.366666666672,2043.9,-141.9006342892742,0.0,0.0,0.21075479480305218
6059,5196,6275,1997-12-28,A,0,79824.0,12.0,6652.0,0.08333333333333333,182.0,40.993839835728956,0.0,8598.0,3.26,1875.0,123.0,0.0,31.0,30.0,205870.4,176662.5,29207.899999999994,0.8581206520186874,132990.0,0.75278707825895,66342.94999999998,22325.2,792.5360785501847,0.0,0.0,3.3561635598316295
5799,4052,4882,1997-12-28,C,0,106128.0,36.0,2948.0,0.027777777777777776,337.0,19.019849418206707,0.0,9198.0,4.28,6132.0,131.0,0.0,52.0,27.0,77000.9,93797.0,-16796.100000000006,1.2181127998140306,84953.0,0.9057016141069106,36378.54444444444,12817.5,-248.84039072039076,0.0,0.0,4.3478629579375845
6147,5602,6764,1997-12-28,C,0,177504.0,48.0,3698.0,0.020833333333333332,536.0,53.711156741957566,0.0,8402.0,3.98,1099.0,120.0,0.0,86.0,22.0,191080.1,151929.40000000002,39150.69999999998,0.7951042777124478,140836.0,0.9269770895094068,62457.24545454544,19952.8,266.4362591741419,0.0,0.0,5.3955651703623575
6254,6157,7434,1997-12-28,C,0,247920.0,48.0,5165.0,0.020833333333333332,412.0,55.73442847364819,1.0,9675.0,7.68,5190.0,100.0,0.0,83.0,26.0,165965.6,86417.4,79548.20000000001,0.5206915126296495,42352.799999999996,0.49009007341029226,40345.86153846153,14974.1,75.82701748093626,0.0,0.0,2.8991481122942884
7100,10280,12643,1997-12-31,C,0,348120.0,60.0,5802.0,0.016666666666666666,395.0,35.449691991786445,1.0,8173.0,7.01,1358.0,124.0,0.0,65.0,25.0,105315.9,107975.30000000002,-2659.4000000000233,1.02524191274145,90568.4,0.8387803619868432,49604.564000000006,28838.6,125.8194557403555,0.0,0.0,4.970458462599104
7147,10478,12890,1998-01-02,C,0,267600.0,48.0,5575.0,0.020833333333333332,678.0,39.950718685831625,1.0,10177.0,7.75,10108.0,81.0,0.0,112.0,22.0,110814.79999999999,90600.6,20214.199999999983,0.8175783597645825,79450.0,0.8769160809522127,37179.16363636364,8821.3,430.1431607207218,0.0,0.0,1.5822959641255605
5909,4550,5487,1998-01-03,C,0,61320.0,60.0,1022.0,0.016666666666666666,331.0,50.29705681040383,1.0,8772.0,4.98,3158.0,126.0,0.0,74.0,29.0,30243.4,30621.8,-378.3999999999978,1.0124783430982265,18123.800000000003,0.5918400668782738,20943.044827586207,13302.6,71.99269471457079,0.0,0.0,13.01624266144814
7037,10022,12328,1998-01-03,C,0,218064.0,48.0,4543.0,0.020833333333333332,241.0,53.738535249828885,1.0,12541.0,0.43,99107.0,167.0,0.0,39.0,27.0,90708.29999999999,89517.90000000001,1190.3999999999796,0.986865734825426,40543.799999999996,0.4529077099919681,42822.792592592596,20325.4,14.80421815354984,0.0,0.0,4.474003962139555
5782,3953,4768,1998-01-04,C,0,63576.0,12.0,5298.0,0.08333333333333333,202.0,37.75496235455168,1.0,12541.0,0.43,99107.0,167.0,0.0,32.0,28.0,114319.4,114360.9,-41.5,1.0003542674798198,98467.80000000002,0.8610192730271184,43551.182142857135,3699.1,261.3603498296597,0.0,0.0,0.6982068705171762
6237,6075,7339,1998-01-06,D,1,407952.0,48.0,8499.0,0.020833333333333332,478.0,23.854893908281998,1.0,8402.0,3.98,1099.0,120.0,1.0,78.0,12.0,16829.399999999998,10743.800000000001,6085.599999999997,0.6383567829641602,10743.800000000001,0.9999069317251136,15355.733333333332,12216.9,46.05817765839013,0.0,0.0,1.4374514648782208
6552,7632,9450,1998-01-08,C,0,170448.0,48.0,3551.0,0.020833333333333332,473.0,54.24503764544832,1.0,9893.0,4.72,5887.0,96.0,0.0,85.0,19.0,66979.59999999999,68503.8,-1524.2000000000116,1.0227409130404925,28963.8,0.422799570249092,39088.82105263158,27682.6,40.49644409799557,0.0,0.0,7.7957195156294
7067,10134,12468,1998-01-11,C,0,136368.0,24.0,5682.0,0.041666666666666664,260.0,28.522929500342233,0.0,8620.0,1.25,1117.0,100.0,0.0,59.0,21.0,65782.2,92494.20000000001,-26712.000000000015,1.4060459205389828,46843.799999999996,0.5064457398870427,36383.899999999994,11470.8,116.86099298456878,0.0,0.0,2.018796198521647
5320,1819,2205,1998-01-11,C,0,143676.0,36.0,3991.0,0.027777777777777776,447.0,45.08145106091718,0.0,8743.0,2.43,3894.0,111.0,0.0,72.0,34.0,239573.09999999998,146627.40000000002,92945.69999999995,0.612033604634224,103290.0,0.7044337931805843,73685.7382352941,12482.7,644.6017649721628,0.0,0.0,3.127712352793786
5930,4616,5563,1998-01-12,C,0,66696.0,24.0,2779.0,0.041666666666666664,110.0,22.031485284052017,0.0,12541.0,0.43,99107.0,167.0,0.0,16.0,26.0,74924.09999999999,110238.6,-35314.500000000015,1.4713173555991252,62343.799999999996,0.5655299910377033,49467.738461538465,24941.8,-128.68423504839944,0.0,0.0,8.975098956459158
6486,7240,8737,1998-01-15,C,0,152160.0,60.0,2536.0,0.016666666666666666,632.0,49.76317590691308,1.0,8114.0,2.62,1181.0,119.0,0.0,121.0,18.0,45899.5,51558.9,-5659.4000000000015,1.1232753455844708,16543.800000000003,0.3208656339519666,19518.216666666667,7749.0,-62.72229394917489,0.0,0.0,3.0555993690851735
5245,1407,1705,1998-01-17,C,0,125472.0,24.0,5228.0,0.041666666666666664,281.0,51.5482546201232,1.0,8402.0,3.98,1099.0,120.0,0.0,77.0,27.0,167320.3,156635.09999999998,10685.200000000012,0.936133654232904,96306.0,0.6148391079706403,72350.03333333333,38399.2,-117.67272235474663,0.0,0.0,7.344912012241775
6643,8038,9929,1998-01-18,C,0,35856.0,24.0,1494.0,0.041666666666666664,519.0,30.50239561943874,1.0,9538.0,1.81,5410.0,111.0,0.0,95.0,19.0,66922.20000000001,75370.79999999999,-8448.599999999977,1.1262282736031746,55243.799999999996,0.7329505199557395,63926.231578947365,46869.2,-122.00390690673865,0.0,0.0,31.371619812583667
5260,1480,1793,1998-01-19,C,0,123300.0,36.0,3425.0,0.027777777777777776,565.0,52.84325804243669,1.0,9832.0,4.48,5471.0,114.0,0.0,90.0,19.0,105660.59999999999,117474.59999999999,-11814.0,1.1118003134535157,107199.0,0.9125214087010409,42574.19473684211,16839.4,40.54059390476192,0.0,0.0,4.916613138686132
5569,2936,3546,1998-01-20,C,0,504000.0,60.0,8400.0,0.016666666666666666,664.0,26.89390828199863,0.0,8980.0,2.21,2813.0,111.0,0.0,124.0,21.0,49238.8,46624.799999999996,2614.0000000000073,0.9468925543970527,8683.8,0.18624452556310025,27337.995238095235,15946.6,98.88848342818882,0.0,0.0,1.898404761904762
7110,10345,12729,1998-01-21,C,0,31260.0,12.0,2605.0,0.08333333333333333,654.0,29.83709787816564,0.0,9198.0,4.28,6132.0,131.0,0.0,131.0,17.0,30520.699999999997,30884.8,-364.1000000000022,1.0118964539983029,2843.7999999999997,0.09207467509340861,12578.876470588233,5752.8,-11.858014359929426,0.0,0.0,2.2083685220729365
7139,10445,12850,1998-01-22,C,0,23412.0,12.0,1951.0,0.08333333333333333,603.0,42.40930869267625,0.0,8994.0,4.79,9208.0,110.0,0.0,129.0,21.0,72515.7,68538.79999999999,3976.9000000000087,0.9451450493472536,52983.8,0.7730369799736797,66758.05714285713,50966.3,110.38946196696868,0.0,0.0,26.123167606355718
6791,8926,10997,1998-01-23,C,0,566640.0,60.0,9444.0,0.016666666666666666,308.0,25.963039014373717,1.0,12541.0,0.43,99107.0,167.0,0.0,77.0,33.0,63238.1,58951.799999999996,4286.300000000003,0.9322049175272893,7303.8,0.12389233420634814,34647.475757575754,23540.3,140.1638095759748,0.0,0.0,2.4926196526895383
5360,2035,2470,1998-01-25,C,0,176328.0,36.0,4898.0,0.027777777777777776,625.0,54.61738535249829,0.0,8240.0,3.56,1903.0,99.0,0.0,171.0,30.0,93442.1,71743.4,21698.70000000001,0.7677763259138448,28443.799999999996,0.39646021152870464,53103.03,34145.0,216.03033676793484,0.0,0.0,6.971212739893835
5287,1638,1985,1998-01-26,C,0,64224.0,24.0,2676.0,0.041666666666666664,440.0,60.120465434633815,0.0,8546.0,4.02,3120.0,126.0,0.0,47.0,16.0,45718.7,42165.0,3553.699999999997,0.9222501459983333,4890.0,0.11597021296779396,30184.61875,23725.8,96.73158928407035,0.0,0.0,8.866143497757847
6553,7636,9456,1998-01-26,C,0,42384.0,12.0,3532.0,0.08333333333333333,475.0,56.1368925393566,1.0,9317.0,7.07,6872.0,97.0,0.0,132.0,19.0,30424.300000000003,29845.800000000003,578.5,0.9809533513227479,9043.8,0.30300735757267105,32891.80526315789,24033.0,-8.658646413574449,0.0,0.0,6.80436013590034
7072,10148,12485,1998-01-27,C,0,22104.0,12.0,1842.0,0.08333333333333333,379.0,32.799452429842574,1.0,9675.0,7.68,5190.0,100.0,0.0,73.0,21.0,45014.200000000004,32182.800000000003,12831.400000000001,0.7149318452433845,8443.8,0.2623618093575028,53329.509523809524,39468.2,201.33103940217396,0.0,0.0,21.426818675352877
6044,5133,6196,1998-01-27,C,0,57060.0,12.0,4755.0,0.08333333333333333,415.0,54.888432580424364,0.0,9893.0,4.72,5887.0,96.0,0.0,86.0,33.0,174960.1,158759.0,16201.100000000006,0.9073959868793692,130661.0,0.8230095742000504,65894.6696969697,27941.4,446.2884377703468,0.0,0.0,5.87621451104101
5332,1869,2267,1998-01-29,C,0,37944.0,36.0,1054.0,0.027777777777777776,594.0,31.805612594113622,1.0,12541.0,0.43,99107.0,167.0,0.0,107.0,17.0,74945.9,67605.79999999999,7340.100000000006,0.9020493175835157,64443.799999999996,0.9532147653786307,73460.77647058823,53020.2,99.93021622620586,0.0,0.0,50.303795066413656
6866,9201,11329,1998-02-05,C,0,122472.0,24.0,5103.0,0.041666666666666664,465.0,37.01300479123888,1.0,8173.0,7.01,1358.0,124.0,0.0,112.0,23.0,130076.4,107671.80000000002,22404.599999999977,0.827751784706644,51979.799999999996,0.4827570194143738,51425.48260869564,30543.0,88.86082298281273,0.0,0.0,5.985302763080541
6633,7997,9880,1998-02-05,C,0,160656.0,24.0,6694.0,0.041666666666666664,651.0,27.156741957563312,1.0,10124.0,0.54,4316.0,141.0,0.0,146.0,18.0,111831.2,127976.4,-16145.199999999997,1.1443609264594634,107893.8,0.8430691668997808,65263.605555555565,33879.5,333.8604339593773,0.0,0.0,5.061174185838064
6926,9455,11637,1998-02-07,C,0,374760.0,60.0,6246.0,0.016666666666666666,461.0,46.65845311430527,0.0,8746.0,3.74,4433.0,90.0,0.0,112.0,30.0,113188.1,133036.2,-19848.100000000006,1.1753446224062212,72287.8,0.5433653143632007,55335.68000000001,26076.0,21.083101335137048,0.0,0.0,4.174831892411143
6442,7082,8548,1998-02-08,C,0,194160.0,48.0,4045.0,0.020833333333333332,520.0,52.7501711156742,1.0,8720.0,4.5,3651.0,116.0,0.0,133.0,29.0,38357.399999999994,40220.799999999996,-1863.4000000000015,1.048552598648536,4303.8,0.10700167570819806,24721.120689655178,17498.7,-19.20725625754996,0.0,0.0,4.326007416563659
5889,4456,5376,1998-02-09,C,0,321240.0,60.0,5354.0,0.016666666666666666,524.0,28.046543463381244,0.0,10045.0,1.71,6295.0,135.0,0.0,136.0,13.0,43948.1,27693.299999999996,16254.800000000003,0.6301221185416765,11632.800000000001,0.4200431135648853,47082.92307692307,31724.8,147.30634358834737,0.0,0.0,5.925438924168845
5765,3875,4672,1998-02-10,C,0,153936.0,24.0,6414.0,0.041666666666666664,115.0,48.45448323066393,0.0,8254.0,3.76,2325.0,97.0,0.0,11.0,14.0,116234.80000000002,120039.6,-3804.7999999999884,1.0327248575740002,107212.20000000001,0.8931328233947515,74168.74285714285,56922.6,-26.24810444388655,0.0,0.0,8.874742750233864
5124,785,939,1998-02-12,C,0,156096.0,36.0,4336.0,0.027777777777777776,187.0,45.52772073921971,0.0,9104.0,2.07,2354.0,123.0,0.0,33.0,23.0,106226.4,74187.2,32039.199999999997,0.6983810203393851,34659.0,0.4671767208262231,45242.83913043479,27647.4,149.65569460787705,0.0,0.0,6.376245387453875
5491,2545,3072,1998-02-13,C,0,428784.0,48.0,8933.0,0.020833333333333332,436.0,61.83436002737851,0.0,12541.0,0.43,99107.0,167.0,0.0,110.0,24.0,37272.8,38905.8,-1633.0,1.0437841057257375,43.8,0.0011257672180698488,15272.0,7074.1,-3.5361634848077554,0.0,0.0,0.7919064144184484
6730,8523,10517,1998-02-15,C,0,93036.0,12.0,7753.0,0.08333333333333333,447.0,17.426420260095824,1.0,9897.0,1.96,18696.0,140.0,0.0,104.0,24.0,140574.2,135295.7,5278.5,0.9624435889118422,112035.8,0.8280748902227474,51347.94166666667,23979.5,33.66737458634419,0.0,0.0,3.092931768347736
7151,10493,12908,1998-02-18,C,0,133800.0,24.0,5575.0,0.041666666666666664,405.0,56.93908281998631,0.0,8754.0,4.31,3868.0,137.0,0.0,93.0,29.0,185283.0,172192.69999999998,13090.300000000017,0.9293446816778566,127158.8,0.7384637184751824,56082.700000000004,17081.3,-202.2796774522095,0.0,0.0,3.0639103139013453
5140,873,1051,1998-02-24,C,0,178500.0,60.0,2975.0,0.016666666666666666,304.0,26.49965776865161,1.0,8746.0,3.74,4433.0,90.0,0.0,64.0,25.0,26126.300000000003,28735.800000000003,-2609.5,1.0998381003777657,5923.800000000001,0.206139862475989,13830.992,6848.6,5.102089694120287,0.0,0.0,2.3020504201680674
7171,10650,13095,1998-02-24,C,0,196224.0,48.0,4088.0,0.020833333333333332,168.0,47.945242984257355,0.0,8369.0,5.88,2807.0,107.0,0.0,23.0,22.0,141687.09999999998,139261.8,2425.2999999999884,0.9828757672662701,95929.8,0.6888400922572289,73493.14545454543,40291.9,-263.59685450548824,0.0,0.0,9.856139921722114
6568,7713,9546,1998-02-25,C,0,220440.0,60.0,3674.0,0.016666666666666666,641.0,42.31622176591376,1.0,8187.0,5.45,2134.0,94.0,0.0,75.0,16.0,22034.0,49265.1,-27231.1,2.2357658270932608,12990.0,0.2636701504685778,22538.99375,4170.9,-290.6028897523069,0.0,0.0,1.1352476864452912
6861,9179,11304,1998-02-28,C,0,215040.0,60.0,3584.0,0.016666666666666666,403.0,37.35797399041752,1.0,8594.0,2.01,1525.0,112.0,0.0,82.0,19.0,65480.7,59794.9,5685.799999999996,0.9131543622111217,49043.8,0.820186668316724,53049.984210526316,38132.6,232.7767613369525,0.0,0.0,10.639676339285714
6855,9153,11266,1998-03-01,C,0,52236.0,36.0,1451.0,0.027777777777777776,444.0,59.43052703627652,0.0,8899.0,3.97,2487.0,149.0,0.0,101.0,19.0,31368.0,20708.2,10659.8,0.6601485543052058,1229.1999999999998,0.05935526239545708,45145.55263157895,38603.1,120.43164516166163,0.0,0.0,26.60447966919366
7129,10404,12802,1998-03-01,C,0,194280.0,60.0,3238.0,0.016666666666666666,426.0,28.550308008213552,0.0,12541.0,0.43,99107.0,167.0,0.0,113.0,26.0,74232.7,69114.2,5118.5,0.9310353653394617,46329.2,0.6703185406393962,46580.196153846155,30538.8,35.99694798895606,0.0,0.0,9.431377393452749
5384,2142,2590,1998-03-07,C,0,23328.0,12.0,1944.0,0.08333333333333333,187.0,33.379876796714576,1.0,8388.0,2.94,1668.0,87.0,0.0,27.0,19.0,55115.1,39891.799999999996,15223.300000000003,0.7237776257754086,14523.8,0.3640707095014639,41488.631578947374,27570.9,38.872895618643504,0.0,0.0,14.182561728395063
6859,9167,11286,1998-03-07,C,0,272220.0,60.0,4537.0,0.016666666666666666,339.0,57.27310061601643,1.0,8772.0,4.98,3158.0,126.0,0.0,80.0,26.0,41912.799999999996,43014.700000000004,-1101.9000000000087,1.0262658122145931,11143.800000000001,0.2590635512150215,34420.057692307695,22628.4,-46.08319312153916,0.0,0.0,4.987524796120785
5772,3906,4710,1998-03-08,C,0,334620.0,60.0,5577.0,0.016666666666666666,243.0,36.82956878850103,1.0,8363.0,3.49,2799.0,108.0,0.0,35.0,16.0,101213.1,97329.7,3883.4000000000087,0.9616219479301796,80597.79999999999,0.8280819926292525,59937.74375,35244.5,149.96413750767343,0.0,0.0,6.319616281154743
5665,3390,4099,1998-03-11,C,0,40632.0,12.0,3386.0,0.08333333333333333,444.0,52.85420944558521,1.0,8754.0,4.31,3868.0,137.0,0.0,118.0,26.0,41190.700000000004,52063.5,-10872.799999999996,1.2639318115057159,33354.0,0.6406284512479713,51452.5423076923,37894.4,85.20288360034215,0.0,0.0,11.191494388659185
6495,7274,8777,1998-03-12,C,0,49044.0,12.0,4087.0,0.08333333333333333,165.0,44.917180013689254,1.0,9622.0,0.59,3529.0,154.0,0.0,22.0,20.0,93573.20000000001,87165.2,6408.000000000015,0.9315088988204012,65698.8,0.7537187579589337,41421.74,11377.2,-348.2573330636591,0.0,0.0,2.7837533643259116
5061,440,530,1998-03-13,C,0,84288.0,48.0,1756.0,0.020833333333333332,446.0,40.45722108145106,1.0,8843.0,3.6,888.0,113.0,0.0,85.0,17.0,58096.40000000001,40330.799999999996,17765.600000000013,0.6941928554461988,19343.8,0.4796165804650425,39793.07647058824,30666.6,50.23198887494049,0.0,0.0,17.46389521640091
6948,9560,11768,1998-03-15,C,0,157068.0,36.0,4363.0,0.027777777777777776,245.0,26.50513347022587,1.0,12541.0,0.43,99107.0,167.0,0.0,21.0,24.0,146521.69999999998,168929.90000000005,-22408.20000000007,1.1529264748738597,134139.80000000002,0.7940512955297105,53179.3375,16227.2,-918.8757146010373,0.0,0.0,3.7192757277102912
5773,3907,4712,1998-03-16,C,0,133848.0,24.0,5577.0,0.041666666666666664,697.0,37.7741273100616,1.0,9065.0,5.39,4166.0,123.0,0.0,112.0,22.0,187351.5,162775.69999999998,24575.800000000017,0.8688205388238747,146043.8,0.8972033466706231,66046.55454545454,17948.9,464.12951167592706,0.0,0.0,3.2183790568405954
6052,5164,6235,1998-03-23,C,0,22356.0,36.0,621.0,0.027777777777777776,314.0,57.96577686516085,0.0,9307.0,4.43,3040.0,118.0,0.0,54.0,16.0,22579.300000000003,18789.800000000003,3789.5,0.8321324340243487,4143.800000000001,0.22052280903420826,16801.9375,12554.2,57.113469217197505,0.0,0.0,20.21610305958132
6682,8225,10159,1998-03-30,D,1,36204.0,12.0,3017.0,0.08333333333333333,478.0,60.22724161533196,0.0,8187.0,5.45,2134.0,94.0,1.0,115.0,27.0,65816.3,54310.5,11505.800000000003,0.8251705858490093,48276.1,0.8888743636246467,16678.22962962963,2869.6,216.35647810127222,0.0,1.0,0.9511435200530328
6083,5305,6408,1998-03-31,C,0,240528.0,48.0,5011.0,0.020833333333333332,561.0,41.752224503764545,0.0,9538.0,1.81,5410.0,111.0,0.0,91.0,22.0,110183.20000000001,100835.4,9347.800000000017,0.9151529892670636,85801.79999999999,0.8509010635048454,30543.863636363636,10497.9,169.2229522724755,0.0,0.0,2.094971063659948
6962,9646,11874,1998-04-02,C,0,279072.0,48.0,5814.0,0.020833333333333332,611.0,29.19917864476386,0.0,12541.0,0.43,99107.0,167.0,0.0,86.0,15.0,104590.6,53417.0,51173.600000000006,0.5107197901169883,41790.0,0.7823205661013142,28676.71333333333,614.6,836.371991394288,0.0,0.0,0.10571035431716547
5158,1004,1208,1998-04-11,C,0,188532.0,36.0,5237.0,0.027777777777777776,648.0,22.60917180013689,1.0,10177.0,7.75,10108.0,81.0,0.0,148.0,23.0,158927.8,110453.8,48473.999999999985,0.6949892027121579,94742.8,0.8577517681440734,51938.71739130436,16307.8,427.1623678182449,0.0,0.0,3.1139583731143783
6464,7156,8636,1998-04-16,C,0,49488.0,24.0,2062.0,0.041666666666666664,217.0,56.42436687200548,1.0,8678.0,5.57,4595.0,102.0,0.0,32.0,21.0,83407.79999999999,87139.8,-3732.0000000000146,1.0447314911616041,80953.8,0.9289999632778216,41200.57619047619,27942.3,51.80802436223442,0.0,0.0,13.551066925315228
5172,1083,1300,1998-04-16,C,0,50976.0,36.0,1416.0,0.027777777777777776,496.0,18.469541409993155,0.0,8390.0,2.89,2122.0,132.0,0.0,123.0,25.0,48135.5,47879.8,255.6999999999971,0.9946672483458499,22283.8,0.4654015805918029,23382.464000000004,12546.1,-41.550160350374505,0.0,0.0,8.86024011299435
5582,2982,3601,1998-04-17,C,0,41256.0,12.0,3438.0,0.08333333333333333,682.0,59.70431211498973,0.0,8402.0,3.98,1099.0,120.0,0.0,215.0,33.0,176709.4,185890.8,-9181.399999999994,1.0519516678135525,149908.80000000002,0.8064304073660056,73785.3303030303,32103.1,-137.90346264654178,0.0,0.0,9.337725421756835
6136,5572,6729,1998-04-19,C,0,140880.0,60.0,2348.0,0.016666666666666666,251.0,40.309377138945926,0.0,9045.0,3.6,1879.0,124.0,0.0,43.0,17.0,72537.1,57964.8,14572.300000000003,0.7990945447978373,16978.8,0.29291064731272576,23352.95882352941,2492.5,361.56448590424156,0.0,0.0,1.061541737649063
6235,6062,7325,1998-04-19,C,0,321360.0,60.0,5356.0,0.016666666666666666,599.0,23.23340177960301,0.0,8991.0,2.01,5273.0,128.0,0.0,140.0,21.0,149111.0,155747.80000000002,-6636.8000000000175,1.0445021192124042,107855.8,0.6924984333747675,57388.690476190466,20147.7,-182.28281156381067,0.0,0.0,3.761706497386109
6508,7437,9217,1998-04-19,C,0,110736.0,48.0,2307.0,0.020833333333333332,254.0,58.217659137577,1.0,8402.0,3.98,1099.0,120.0,0.0,55.0,27.0,61236.7,56390.4,4846.299999999996,0.9208445124490306,27390.0,0.4857123603953794,30856.737037037034,15962.6,236.54092862640678,0.0,0.0,6.919202427394885
4968,38,46,1998-04-19,C,0,110736.0,48.0,2307.0,0.020833333333333332,254.0,58.217659137577,1.0,8402.0,3.98,1099.0,120.0,0.0,55.0,27.0,61269.7,56390.4,4879.299999999996,0.9203485515915438,27390.0,0.4857123603953794,33698.759259259255,18793.7,236.9361914667887,0.0,0.0,8.146380580840919
6632,7990,9872,1998-04-23,C,0,144960.0,48.0,3020.0,0.020833333333333332,601.0,31.10198494182067,1.0,8899.0,3.97,2487.0,149.0,0.0,146.0,20.0,115556.70000000001,100477.8,15078.900000000009,0.8695032871024604,69943.8,0.696105049025267,54889.375,29343.8,277.1934026337053,0.0,0.0,9.716490066225166
7195,10774,13246,1998-04-23,C,0,339168.0,48.0,7066.0,0.020833333333333332,292.0,56.27378507871321,1.0,8369.0,2.31,2618.0,117.0,0.0,51.0,20.0,49145.7,52545.8,-3400.100000000006,1.069162324225228,20163.800000000003,0.3837303127878387,33629.61499999999,20660.0,-11.632840995511552,0.0,0.0,2.9238607415793942
5525,2720,3284,1998-04-27,C,0,93888.0,36.0,2608.0,0.027777777777777776,315.0,61.817932922655714,0.0,8507.0,1.85,2674.0,132.0,0.0,91.0,26.0,91106.8,116703.59999999999,-25596.79999999999,1.280939721955749,76104.0,0.6521079717508993,55006.32692307693,33510.0,-212.28335192420616,0.0,0.0,12.848926380368098
6320,6495,7843,1998-04-28,C,0,104964.0,12.0,8747.0,0.08333333333333333,644.0,31.964407939767284,0.0,8546.0,4.02,3120.0,126.0,0.0,124.0,20.0,67921.1,73482.79999999999,-5561.6999999999825,1.081868787920279,21423.8,0.29154453090341004,33822.149999999994,23185.8,-142.72801402225272,0.0,0.0,2.6507145306962387
6766,8784,10828,1998-04-28,C,0,74352.0,24.0,3098.0,0.041666666666666664,559.0,40.427104722792606,1.0,12541.0,0.43,99107.0,167.0,0.0,126.0,23.0,130100.9,108728.8,21372.09999999999,0.8357203084659025,78143.8,0.718697174095786,59897.70869565217,26299.3,293.84546183242236,0.0,0.0,8.489122014202712
6872,9227,11362,1998-04-29,C,0,191580.0,60.0,3193.0,0.016666666666666666,176.0,32.29568788501027,1.0,8541.0,2.97,3839.0,131.0,0.0,30.0,26.0,26646.399999999998,27066.8,-420.40000000000146,1.0157388713345392,8643.800000000001,0.3193388454178028,17635.926923076924,12766.0,7.8082820595068165,0.0,0.0,3.9981208894456626
5906,4533,5468,1998-05-05,C,0,81144.0,36.0,2254.0,0.027777777777777776,275.0,53.93839835728953,1.0,9893.0,4.72,5887.0,96.0,0.0,51.0,27.0,133712.0,153082.30000000002,-19370.300000000017,1.1448572689267313,114884.8,0.7504724551926957,59044.47407407408,22434.1,-463.97761257434155,0.0,0.0,9.95301685891748
7172,10652,13098,1998-05-07,C,0,45720.0,12.0,3810.0,0.08333333333333333,415.0,19.392197125256672,1.0,12541.0,0.43,99107.0,167.0,0.0,86.0,24.0,105908.20000000001,107430.80000000002,-1522.6000000000058,1.0143670238279583,85044.8,0.7916166349255992,38730.916666666664,24700.5,-157.55173850578464,0.0,0.0,6.483070866141732
6571,7733,9569,1998-05-12,C,0,140064.0,24.0,5836.0,0.041666666666666664,673.0,47.81656399726215,1.0,8402.0,3.98,1099.0,120.0,0.0,142.0,21.0,154342.3,158012.0,-3669.7000000000116,1.0237697392760166,140504.0,0.8891926613633055,64568.04761904764,40815.7,56.23680562571994,0.0,0.0,6.9937799862919805
5616,3143,3800,1998-05-15,C,0,130896.0,24.0,5454.0,0.041666666666666664,574.0,43.9151266255989,1.0,8965.0,8.23,2822.0,104.0,0.0,113.0,18.0,35048.8,29827.800000000003,5221.0,0.8510119886561407,43.8,0.001468379552647106,46254.82222222222,39336.9,36.23800386660219,0.0,0.0,7.212486248624863
6312,6453,7787,1998-05-17,C,0,10944.0,36.0,304.0,0.027777777777777776,659.0,46.85284052019165,0.0,9675.0,7.68,5190.0,100.0,0.0,165.0,24.0,15277.099999999999,19805.800000000003,-4528.700000000004,1.2963522951152306,10643.800000000001,0.5373811014399095,28497.354166666668,23347.3,-93.94522142534731,0.0,0.0,76.80032894736841
6470,7181,8667,1998-05-17,C,0,49872.0,12.0,4156.0,0.08333333333333333,684.0,31.2580424366872,1.0,8909.0,5.56,3590.0,113.0,0.0,215.0,35.0,166693.9,171531.5,-4837.600000000006,1.0290146849123758,141119.0,0.8226954075758238,72434.85142857143,42048.7,99.07381295405094,0.0,0.0,10.117589027911453
5147,938,1130,1998-05-21,C,0,22260.0,60.0,371.0,0.016666666666666666,159.0,57.48117727583847,1.0,10177.0,7.75,10108.0,81.0,0.0,15.0,18.0,19959.9,15902.8,4057.100000000002,0.7966975436979293,4943.8,0.31085652485569487,33652.11666666667,28110.5,34.74051136037915,0.0,0.0,75.76954177897574
5501,2622,3163,1998-05-21,C,0,136344.0,24.0,5681.0,0.041666666666666664,638.0,33.98494182067078,1.0,12541.0,0.43,99107.0,167.0,0.0,130.0,19.0,40651.399999999994,44167.8,-3516.4000000000087,1.0864745992856513,5923.8,0.13411729546648313,47072.321052631574,36331.1,-8.543110787822698,0.0,0.0,6.395194508009153
6436,7049,8506,1998-05-22,C,0,495180.0,60.0,8253.0,0.016666666666666666,222.0,18.406570841889117,1.0,8173.0,7.01,1358.0,124.0,0.0,31.0,18.0,173844.80000000002,150185.40000000002,23659.399999999994,0.8639000769647585,125425.79999999999,0.8351342065593154,55805.6111111111,31466.3,61.584276248725814,0.0,0.0,3.8127105295044226
5699,3562,4299,1998-05-24,C,0,174960.0,24.0,7290.0,0.041666666666666664,674.0,20.687200547570157,1.0,8187.0,5.45,2134.0,94.0,0.0,143.0,28.0,229950.5,256260.3,-26309.79999999999,1.1144102125883066,234388.80000000002,0.9146476662687656,87380.59285714288,44932.7,-187.10184279275455,0.0,0.0,6.163607681755829
5313,1776,2153,1998-05-27,C,0,43200.0,24.0,1800.0,0.041666666666666664,304.0,49.02943189596167,1.0,9198.0,4.28,6132.0,131.0,0.0,54.0,19.0,48392.0,45273.8,3118.199999999997,0.9355443969169095,22743.800000000003,0.502350093208584,43440.56315789474,32061.3,34.20964705377823,0.0,0.0,17.811833333333333
6234,6061,7324,1998-05-28,C,0,5148.0,12.0,429.0,0.08333333333333333,446.0,35.19507186858316,1.0,12541.0,0.43,99107.0,167.0,0.0,80.0,19.0,75894.70000000001,83233.8,-7339.099999999991,1.0966866370558541,56383.799999999996,0.6774065655230744,36747.38421052631,16673.3,-177.35948625547795,0.0,0.0,38.865501165501165
6569,7721,9555,1998-05-28,C,0,45456.0,12.0,3788.0,0.08333333333333333,329.0,51.0362765229295,1.0,8598.0,3.26,1875.0,123.0,0.0,56.0,17.0,80122.9,73215.70000000001,6907.1999999999825,0.9137810316272674,61850.8,0.8447635580407201,47090.33529411764,26775.0,206.2092113017287,0.0,0.0,7.068373812038015
7202,10812,13290,1998-05-29,C,0,140688.0,48.0,2931.0,0.020833333333333332,416.0,56.930869267624914,0.0,8427.0,1.54,1913.0,107.0,0.0,85.0,14.0,23316.7,31036.8,-7720.0999999999985,1.33104036847545,22243.8,0.7166680628137303,26362.028571428567,16361.2,-54.24184056219509,0.0,0.0,5.582122142613443
5683,3460,4182,1998-05-29,C,0,140688.0,48.0,2931.0,0.020833333333333332,416.0,56.930869267624914,0.0,8427.0,1.54,1913.0,107.0,0.0,85.0,14.0,23343.0,31036.8,-7693.799999999999,1.3295407813570939,22243.8,0.7166680628137303,28542.071428571428,18533.7,-53.94972830222461,0.0,0.0,6.323336745138178
5034,303,370,1998-05-30,C,0,112752.0,36.0,3132.0,0.027777777777777776,674.0,42.39835728952772,1.0,8678.0,5.57,4595.0,102.0,0.0,129.0,19.0,54611.5,52528.8,2082.699999999997,0.9618457312886245,31723.8,0.6039200606132138,60823.089473684224,49122.0,16.80744505335074,0.0,0.0,15.683908045977011
5435,2279,2759,1998-06-01,C,0,314688.0,48.0,6556.0,0.020833333333333332,579.0,24.344969199178646,0.0,8507.0,1.85,2674.0,132.0,0.0,107.0,15.0,138188.0,125084.90000000001,13103.099999999991,0.9051726258964173,105416.0,0.8427488629813592,67615.30666666666,47043.9,-311.1385579124337,0.0,0.0,7.175701647345943
5815,4116,4956,1998-06-03,C,0,151200.0,36.0,4200.0,0.027777777777777776,241.0,51.64681724845996,0.0,8546.0,4.02,3120.0,126.0,0.0,40.0,21.0,82998.59999999999,112388.40000000001,-29389.800000000017,1.354083634137996,56443.799999999996,0.5022164011908595,36305.93333333333,7045.5,-289.82895307729393,0.0,0.0,1.6775
5589,3005,3629,1998-06-05,C,0,390000.0,48.0,8125.0,0.020833333333333332,510.0,50.47775496235455,0.0,8388.0,2.94,1668.0,87.0,0.0,44.0,27.0,188942.19999999998,175012.90000000002,13929.29999999996,0.9262725517510026,106900.0,0.610808627200468,48496.57407407407,2095.3,573.2453192056875,0.0,0.0,0.25788307692307694
6746,8639,10654,1998-06-06,C,0,185640.0,60.0,3094.0,0.016666666666666666,288.0,35.89048596851472,1.0,8369.0,2.31,2618.0,117.0,0.0,55.0,21.0,65602.40000000001,67266.3,-1663.8999999999942,1.0253477716093982,57982.799999999996,0.8619760269848796,31231.490476190473,19678.6,-92.66620983368318,0.0,0.0,6.360245636716225
6790,8919,10987,1998-06-08,C,0,76104.0,24.0,3171.0,0.041666666666666664,340.0,36.67898699520876,1.0,8544.0,1.86,2906.0,109.0,0.0,81.0,24.0,18108.1,19144.8,-1036.7000000000007,1.0571922403653413,1123.7999999999997,0.058696946588807974,23277.675,19300.0,17.089430199738302,0.0,0.0,6.08640807316304
6857,9159,11274,1998-06-08,C,0,69600.0,48.0,1450.0,0.020833333333333332,675.0,29.149897330595483,0.0,9624.0,2.31,4265.0,145.0,0.0,218.0,31.0,40705.600000000006,65288.799999999996,-24583.19999999999,1.6038873303100722,33083.799999999996,0.5067223364139575,46006.10967741934,31771.8,-48.24312969470612,0.0,0.0,21.91158620689655
6450,7099,8568,1998-06-10,C,0,234336.0,48.0,4882.0,0.020833333333333332,659.0,26.518822724161534,1.0,12541.0,0.43,99107.0,167.0,0.0,169.0,24.0,88206.6,108081.3,-19874.699999999997,1.2253059827044381,55843.799999999996,0.5166784940734976,34329.69583333333,17569.7,-71.7721186354206,0.0,0.0,3.598873412535846
7221,10915,13417,1998-06-11,C,0,152460.0,60.0,2541.0,0.016666666666666666,481.0,46.56536618754278,1.0,8554.0,2.68,2218.0,113.0,0.0,118.0,26.0,53656.7,49683.399999999994,3973.300000000003,0.9259323452179277,8590.0,0.1728912898213524,22652.83076923077,11488.0,-115.69730788845048,0.0,0.0,4.521054702872885
5527,2728,3294,1998-06-15,C,0,156420.0,60.0,2607.0,0.016666666666666666,344.0,41.270362765229294,0.0,8363.0,3.49,2799.0,108.0,0.0,63.0,19.0,66729.3,57277.0,9452.300000000003,0.8583357185566377,15790.0,0.27567303327630155,37206.28947368421,19839.7,-34.85260323323387,0.0,0.0,7.610164940544688
5620,3161,3822,1998-06-16,C,0,30012.0,12.0,2501.0,0.08333333333333333,659.0,44.55304585900068,0.0,9060.0,2.44,1717.0,124.0,0.0,103.0,16.0,78026.09999999999,103946.8,-25920.70000000001,1.3321884319678678,96443.8,0.9278099199790664,52884.693750000006,26989.8,242.25160248362127,0.0,0.0,10.791603358656538
6215,5944,7186,1998-06-18,C,0,78720.0,48.0,1640.0,0.020833333333333332,377.0,54.04517453798768,1.0,8561.0,1.29,1127.0,110.0,0.0,71.0,20.0,64939.5,71918.8,-6979.300000000003,1.1074568258636752,52943.8,0.7361505454687026,51748.08,37681.2,-100.01735114832827,0.0,0.0,22.97634146341463
7167,10644,13089,1998-06-18,C,0,269964.0,36.0,7499.0,0.027777777777777776,341.0,19.340177960301162,1.0,8427.0,1.54,1913.0,107.0,0.0,75.0,21.0,135855.2,125047.90000000001,10807.300000000003,0.920443086145498,69392.79999999999,0.5549253132174692,66850.78571428571,42477.7,85.92538347584757,0.0,0.0,5.664448593145752
5823,4144,4993,1998-06-21,C,0,212976.0,36.0,5916.0,0.027777777777777776,671.0,24.982888432580424,1.0,12541.0,0.43,99107.0,167.0,0.0,149.0,17.0,27537.1,48745.899999999994,-21208.799999999996,1.7701257530475958,4739.800000000001,0.09723284967864626,41048.794117647056,28711.3,-102.08727869742202,0.0,0.0,4.85316091954023
6207,5912,7150,1998-06-23,C,0,184620.0,60.0,3077.0,0.016666666666666666,606.0,34.76796714579056,1.0,8390.0,2.89,2122.0,132.0,0.0,113.0,20.0,56033.9,57512.200000000004,-1478.300000000003,1.0263639267670683,18743.799999999996,0.32590431414005816,33258.950000000004,16610.3,-62.9581664370173,0.0,0.0,5.398212544686382
6932,9491,11683,1998-06-25,C,0,225504.0,48.0,4698.0,0.020833333333333332,686.0,18.406570841889117,0.0,9920.0,2.87,4846.0,130.0,0.0,181.0,26.0,132336.5,151947.0,-19610.5,1.1481779540946444,114390.0,0.7528233342985758,59578.62307692308,37046.1,-87.69612835942112,0.0,0.0,7.885504469987228
5669,3403,4114,1998-06-27,C,0,71820.0,36.0,1995.0,0.027777777777777776,403.0,34.379192334017795,0.0,8288.0,4.52,1460.0,110.0,0.0,79.0,19.0,88832.5,68567.79999999999,20264.70000000001,0.771868720696584,62582.8,0.9127008201981078,47140.7052631579,32442.4,73.32290728543587,0.0,0.0,16.26185463659148
5154,993,1197,1998-07-01,C,0,108720.0,60.0,1812.0,0.016666666666666666,594.0,31.745379876796715,1.0,8546.0,4.02,3120.0,126.0,0.0,64.0,15.0,77628.0,35153.1,42474.9,0.4528346365404681,29716.199999999997,0.8453124955552836,34710.45999999999,21095.2,294.08230774409645,0.0,0.0,11.641942604856512
7168,10645,13090,1998-07-05,C,0,208332.0,36.0,5787.0,0.027777777777777776,561.0,18.21218343600274,1.0,8507.0,1.85,2674.0,132.0,0.0,124.0,20.0,148457.80000000002,113924.80000000002,34533.0,0.7673832740127228,85343.79999999999,0.7491174079971348,73320.27999999998,49415.7,75.60442903512488,0.0,0.0,8.539087610160705
5585,2988,3608,1998-07-08,C,0,88608.0,12.0,7384.0,0.08333333333333333,632.0,50.57905544147844,0.0,8512.0,4.12,2103.0,102.0,0.0,134.0,24.0,227958.09999999998,225352.0,2606.0999999999767,0.9885632992936014,203200.0,0.9016964495702298,81717.52916666667,31439.6,-682.1187234677474,0.0,0.0,4.257800650054171
7200,10799,13276,1998-07-11,C,0,31140.0,60.0,519.0,0.016666666666666666,326.0,21.470225872689937,0.0,8369.0,5.88,2807.0,107.0,0.0,50.0,19.0,23762.1,16700.800000000003,7061.299999999996,0.702803927097054,15143.800000000001,0.9067166413200971,43300.57894736841,36108.3,8.191103886272533,0.0,0.0,69.5728323699422
6539,7559,9362,1998-07-11,C,0,12792.0,12.0,1066.0,0.08333333333333333,413.0,24.97741273100616,1.0,8772.0,4.98,3158.0,126.0,0.0,78.0,18.0,26408.699999999997,16777.800000000003,9630.899999999994,0.6352893065805368,1243.8,0.07412925834982238,48332.48888888888,40979.6,103.15420137700181,0.0,0.0,38.44240150093808
5774,3916,4722,1998-07-12,C,0,96984.0,36.0,2694.0,0.027777777777777776,287.0,26.45311430527036,0.0,11277.0,1.44,4987.0,127.0,0.0,55.0,22.0,52445.9,51768.899999999994,677.0000000000073,0.9870726391836313,43.8,0.0008460514700627199,15855.13636363637,8183.1,50.305034979137865,0.0,0.0,3.0375278396436527
6357,6706,8096,1998-07-12,C,0,64860.0,60.0,1081.0,0.016666666666666666,561.0,18.691307323750856,1.0,8965.0,8.23,2822.0,104.0,0.0,132.0,25.0,40760.3,42990.799999999996,-2230.4999999999927,1.0546964890717418,29343.799999999996,0.6825441130634213,43603.144,37450.1,-48.12833987392893,0.0,0.0,34.643940795559665
5042,330,403,1998-07-12,C,0,331584.0,48.0,6908.0,0.020833333333333332,595.0,25.127994524298426,1.0,8388.0,2.94,1668.0,87.0,0.0,101.0,15.0,67691.3,65167.799999999996,2523.5000000000073,0.9627062457620733,44443.799999999996,0.6819797203569806,45734.64000000001,35477.8,-13.650765880762858,0.0,0.0,5.135755645628257
5015,226,272,1998-07-12,C,0,109344.0,12.0,9112.0,0.08333333333333333,504.0,53.711156741957566,1.0,10177.0,7.75,10108.0,81.0,0.0,93.0,19.0,58421.4,54875.799999999996,3545.600000000006,0.9392938325026017,9683.800000000001,0.17646437110035573,54653.73684210526,48513.0,50.69834267810029,0.0,0.0,5.324078138718174
5354,2000,2430,1998-07-14,C,0,290820.0,60.0,4847.0,0.016666666666666666,342.0,60.709103353867214,0.0,9307.0,4.43,3040.0,118.0,0.0,84.0,25.0,58336.399999999994,51324.8,7011.599999999991,0.8797923801883527,26643.8,0.5191112461958702,55465.692,42156.9,166.77599419124215,0.0,0.0,8.697524241799051
6054,5180,6255,1998-07-16,C,0,58764.0,12.0,4897.0,0.08333333333333333,507.0,52.53661875427789,1.0,9897.0,1.96,18696.0,140.0,0.0,34.0,26.0,215723.6,224905.8,-9182.199999999983,1.042559819325195,210214.80000000002,0.9346751632231663,65549.73846153847,18280.0,313.4186769112703,0.0,0.0,3.7328976924647743
7295,11328,13924,1998-07-18,C,0,280440.0,60.0,4674.0,0.016666666666666666,620.0,45.85352498288843,1.0,9897.0,1.96,18696.0,140.0,0.0,106.0,24.0,184410.1,138588.8,45821.30000000002,0.7515209225475038,124566.80000000002,0.8988165074197382,64018.56666666667,26203.2,33.94811551433393,0.0,0.0,5.606161745827984
5365,2055,2494,1998-07-19,C,0,271260.0,60.0,4521.0,0.016666666666666666,458.0,27.531827515400412,0.0,9065.0,5.39,4166.0,123.0,0.0,73.0,15.0,30941.0,34138.8,-3197.800000000003,1.1033158813263526,43.8,0.0012829600642065857,9652.253333333334,2641.1,-36.27475213201137,0.0,0.0,0.5841849148418491
6755,8713,10746,1998-07-24,C,0,170700.0,60.0,2845.0,0.016666666666666666,432.0,26.97056810403833,0.0,8240.0,3.56,1903.0,99.0,0.0,91.0,22.0,55107.6,41933.8,13173.799999999996,0.7609302359341374,33398.8,0.7964459112717839,40458.45,27462.5,161.14890909270324,0.0,0.0,9.652899824253076
5991,4858,5866,1998-07-27,D,1,335184.0,48.0,6983.0,0.020833333333333332,401.0,20.314852840520192,1.0,8110.0,6.55,3079.0,109.0,1.0,88.0,29.0,125809.3,122071.9,3737.4000000000087,0.9702854217818413,108105.3,0.8855798461411174,8448.755172413794,-6557.6,265.734038953521,1.0,1.0,-0.9390806243734785
7035,10005,12308,1998-07-29,C,0,210744.0,36.0,5854.0,0.027777777777777776,242.0,19.66324435318275,0.0,9624.0,2.31,4265.0,145.0,0.0,39.0,21.0,105851.00000000001,115158.40000000001,-9307.399999999994,1.0879189812190606,70142.8,0.6090931352542649,40066.45714285714,22464.7,-103.5650312230393,0.0,0.0,3.8374957294157843
5893,4467,5389,1998-08-03,C,0,86184.0,36.0,2394.0,0.027777777777777776,477.0,29.921971252566735,0.0,8114.0,2.62,1181.0,119.0,0.0,84.0,17.0,43494.3,36254.5,7239.800000000003,0.8335268408310782,15403.0,0.42484588545186247,29071.441176470584,21572.6,67.70953447290489,0.0,0.0,9.011111111111111
7164,10613,13051,1998-08-15,C,0,249792.0,48.0,5204.0,0.020833333333333332,284.0,33.58521560574949,0.0,8743.0,2.43,3894.0,111.0,0.0,45.0,23.0,101102.4,130712.4,-29610.0,1.2928585982271614,115099.8,0.880550884607087,42459.88695652174,22799.8,-121.05705154327096,0.0,0.0,4.381206764027671
5304,1718,2083,1998-08-20,C,0,172272.0,24.0,7178.0,0.041666666666666664,331.0,55.441478439425055,0.0,8678.0,5.57,4595.0,102.0,0.0,55.0,21.0,132663.5,135645.8,-2982.2999999999884,1.0224724775655882,70743.79999999999,0.5215294426407404,65618.68571428573,37194.2,22.29175486903965,0.0,0.0,5.18169406519922
5561,2910,3517,1998-08-29,C,0,437460.0,60.0,7291.0,0.016666666666666666,312.0,45.18001368925393,1.0,9893.0,4.72,5887.0,96.0,0.0,53.0,23.0,131729.2,137809.7,-6080.5,1.0461511483319694,72633.79999999999,0.5270548658413315,36091.0,16467.9,-32.6932340154752,0.0,0.0,2.258661363324647
5520,2699,3257,1998-08-30,C,0,231168.0,48.0,4816.0,0.020833333333333332,613.0,20.303901437371664,1.0,8746.0,3.74,4433.0,90.0,0.0,144.0,25.0,135310.7,123026.79999999999,12283.900000000023,0.9092103639227057,95363.8,0.7751402528534203,54784.75199999999,24478.3,229.22861301123916,0.0,0.0,5.0827034883720925
5241,1389,1681,1998-09-02,C,0,125472.0,24.0,5228.0,0.041666666666666664,393.0,57.76865160848734,0.0,9675.0,7.68,5190.0,100.0,0.0,97.0,24.0,135112.1,99654.9,35457.20000000001,0.73756652759799,64843.799999999996,0.6506769794864128,48215.1875,5669.7,576.637174014589,0.0,0.0,1.084487375669472
7096,10257,12616,1998-09-02,C,0,37812.0,12.0,3151.0,0.08333333333333333,489.0,33.59890485968515,1.0,8561.0,1.29,1127.0,110.0,0.0,130.0,18.0,92930.59999999999,117100.70000000001,-24170.10000000002,1.2600740759870703,63243.799999999996,0.5400758485999775,36164.10555555556,4795.1,86.51736377713964,0.0,0.0,1.5217708663916218
6078,5283,6383,1998-09-09,C,0,170832.0,48.0,3559.0,0.020833333333333332,356.0,28.670773442847366,0.0,9045.0,3.6,1879.0,124.0,0.0,65.0,20.0,137730.0,92467.8,45262.2,0.6713651973774968,52843.799999999996,0.57147708199955,83981.325,48566.4,263.01812213933897,0.0,0.0,13.646080359651588
5046,349,426,1998-09-09,C,0,42816.0,12.0,3568.0,0.08333333333333333,458.0,61.27310061601643,0.0,8994.0,4.79,9208.0,110.0,0.0,85.0,18.0,22989.0,27327.8,-4338.799999999999,1.1886820356676815,2643.8,0.09674043499897544,17232.561111111117,13477.5,-23.99094328765828,0.0,0.0,3.7773262331838566
5334,1876,2277,1998-09-10,C,0,209040.0,24.0,8710.0,0.041666666666666664,355.0,19.463381245722108,0.0,12541.0,0.43,99107.0,167.0,0.0,66.0,21.0,63542.4,51829.799999999996,11712.600000000006,0.8156598482297138,16543.8,0.31918859056777055,47299.761904761916,41712.4,53.80072470133526,0.0,0.0,4.78902411021814
6969,9673,11906,1998-09-12,C,0,88200.0,36.0,2450.0,0.027777777777777776,462.0,53.7741273100616,0.0,8369.0,5.88,2807.0,107.0,0.0,91.0,21.0,58003.700000000004,42507.4,15496.300000000003,0.7328268226540263,24104.8,0.5670596870265642,56092.014285714286,41632.9,159.72276999631407,0.0,0.0,16.993020408163265
6821,9037,11130,1998-09-15,C,0,321936.0,48.0,6707.0,0.020833333333333332,693.0,37.437371663244356,1.0,12541.0,0.43,99107.0,167.0,0.0,178.0,25.0,48574.2,52111.799999999996,-3537.5999999999985,1.072806699715081,9643.800000000001,0.18505626256888907,56830.724,48353.3,30.72866627475975,0.0,0.0,7.209378261517817
5760,3862,4656,1998-09-18,C,0,74916.0,36.0,2081.0,0.027777777777777776,664.0,56.00547570157426,0.0,12541.0,0.43,99107.0,167.0,0.0,169.0,34.0,289414.30000000005,248243.19999999998,41171.100000000064,0.8577404166262114,208004.80000000002,0.8379039671420321,68654.4705882353,28090.8,-349.81216743795204,0.0,0.0,13.498702546852474
5614,3137,3793,1998-09-21,C,0,253560.0,60.0,4226.0,0.016666666666666666,645.0,47.25530458590007,1.0,10446.0,9.4,4743.0,90.0,0.0,108.0,17.0,89259.20000000001,75420.29999999999,13838.900000000023,0.8449488125726805,62740.8,0.8318711027256228,44129.635294117645,28521.7,224.4327103327424,0.0,0.0,6.749100804543303
7091,10243,12599,1998-09-22,C,0,113436.0,36.0,3151.0,0.027777777777777776,384.0,42.724161533196444,0.0,8254.0,3.76,2325.0,97.0,0.0,104.0,26.0,221748.6,247872.69999999998,-26124.099999999977,1.117804496603376,238418.80000000002,0.9618559774594886,75431.36538461538,25209.8,564.9710073210574,0.0,0.0,8.000571247223103
5698,3556,4291,1998-09-22,C,0,174840.0,60.0,2914.0,0.016666666666666666,389.0,47.37850787132101,1.0,8757.0,3.95,2471.0,96.0,0.0,87.0,25.0,61577.8,66915.20000000001,-5337.400000000009,1.0866596945702094,42501.8,0.6351496349165074,33824.304,22368.6,106.60236781837683,0.0,0.0,7.676252573781743
5169,1068,1282,1998-09-24,C,0,253200.0,60.0,4220.0,0.016666666666666666,586.0,61.82340862422998,0.0,8363.0,3.49,2799.0,108.0,0.0,134.0,23.0,27857.3,46474.3,-18617.000000000004,1.6682389090504448,7889.8,0.16976329362048226,39520.18260869564,27715.7,-230.63750716316594,0.0,0.0,6.567701421800948
7294,11327,13923,1998-09-27,C,0,39168.0,24.0,1632.0,0.041666666666666664,347.0,19.59479808350445,1.0,9920.0,2.87,4846.0,130.0,0.0,54.0,20.0,71858.5,56918.799999999996,14939.700000000004,0.7920845538864033,40943.8,0.7193243827279787,59033.534999999996,45165.4,-17.318546401818583,0.0,0.0,27.674877450980393
5318,1808,2190,1998-09-30,C,0,385584.0,48.0,8033.0,0.020833333333333332,502.0,23.939767282683093,0.0,8594.0,2.01,1525.0,112.0,0.0,78.0,22.0,155698.5,126159.4,29539.100000000006,0.8102749206002587,102059.8,0.8089685828516714,70815.36818181818,18252.5,-304.72995303703595,0.0,0.0,2.2721897174156602
