loan_id,account_id,date,amount,duration,payments,status,loan_date,duration_months,district_id,frequency,date_acc,account_date,disp_id,client_id,birth_number,district_id_client,birth_date,gender,district_name,region,inhabitants,mun_lt_499,mun_500_1999,mun_2000_9999,mun_gt_10000,cities,urban_ratio,avg_salary,unemploy_95,unemploy_96,entrepreneurs_per_1000,crimes_95,crimes_96,account_age_days_at_loan,client_age_years_at_loan,is_completed_cohort,target_completed,target_expanded,days_until_dataset_cutoff,is_truncated_30d,eligible_30d,is_truncated_60d,eligible_60d,is_truncated_90d,eligible_90d,is_expanded_cohort_90d,feat_loan_amount,feat_duration_months,feat_monthly_payment,feat_payment_to_amount_ratio,feat_account_age_days,feat_client_age_years,feat_client_is_female,feat_district_salary,feat_district_unemployment,feat_district_crimes,feat_district_entrepreneurs,feat_had_pre_loan_overdraft,feat_pre_loan_tx_count,feat_w30_trans_count,feat_w30_inflow_total,feat_w30_outflow_total,feat_w30_net_cash_flow,feat_w30_outflow_to_inflow_ratio,feat_w30_cash_withdrawal_amount,feat_w30_cash_withdrawal_ratio,feat_w30_balance_mean,feat_w30_balance_min,feat_w30_balance_slope,feat_w30_had_negative_balance,feat_w30_had_sanction_interest,max_trans_date_used_30d,feat_w30_min_bal_to_payment_ratio,feat_w60_trans_count,feat_w60_inflow_total,feat_w60_outflow_total,feat_w60_net_cash_flow,feat_w60_outflow_to_inflow_ratio,feat_w60_cash_withdrawal_amount,feat_w60_cash_withdrawal_ratio,feat_w60_balance_mean,feat_w60_balance_min,feat_w60_balance_slope,feat_w60_had_negative_balance,feat_w60_had_sanction_interest,max_trans_date_used_60d,feat_w60_min_bal_to_payment_ratio,feat_w90_trans_count,feat_w90_inflow_total,feat_w90_outflow_total,feat_w90_net_cash_flow,feat_w90_outflow_to_inflow_ratio,feat_w90_cash_withdrawal_amount,feat_w90_cash_withdrawal_ratio,feat_w90_balance_mean,feat_w90_balance_min,feat_w90_balance_slope,feat_w90_had_negative_balance,feat_w90_had_sanction_interest,max_trans_date_used_90d,feat_w90_min_bal_to_payment_ratio
5314,1787,930705,96396.0,12,8033.0,B,1993-07-05,12,30,POPLATEK TYDNE,930322,1993-03-22,2166,2166,475722,30,1947-07-22,F,Sokolov,west Bohemia,94812,15,13,8,2,10,81.8,9650,3.38,3.67,100,2985.0,2804,105,45.95482546201232,True,1.0,1,2005,False,True,False,True,False,True,True,96396.0,12.0,8033.0,0.08333333333333333,105.0,45.95482546201232,1.0,9650.0,3.38,2985.0,100.0,0.0,4.0,3.0,42321.8,16600.0,25721.800000000003,0.3922235768899978,16600.0,0.9999397626648997,51305.93333333333,45748.0,-728.5778337531486,0.0,0.0,1993-07-31,5.695008091622059,5.0,42512.4,29000.0,13512.400000000001,0.6821378671195435,29000.0,0.9999655184303989,44190.399999999994,33421.8,-503.5817367763431,0.0,0.0,1993-08-31,4.160562678949335,7.0,42703.0,32300.0,10403.0,0.7563694267515924,32300.0,0.9999690412061546,40252.48571428571,30312.4,-340.89529694473055,0.0,0.0,1993-09-30,3.7734843769451016
5316,1801,930711,165960.0,36,4610.0,A,1993-07-11,36,46,POPLATEK MESICNE,930213,1993-02-13,2181,2181,680722,46,1968-07-22,M,Nachod,east Bohemia,112709,48,20,7,3,10,73.5,8369,1.79,2.31,117,2854.0,2618,148,24.969199178644764,True,0.0,0,1999,False,True,False,True,False,True,True,165960.0,36.0,4610.0,0.027777777777777776,148.0,24.969199178644764,0.0,8369.0,1.79,2854.0,117.0,0.0,37.0,10.0,56708.5,36624.6,20083.9,0.6458283003729534,23472.6,0.6408796033375562,59559.81,32731.9,939.0017411847058,0.0,0.0,1993-08-09,7.100195227765727,20.0,130337.5,94788.20000000001,35549.29999999999,0.7272463623564795,68484.2,0.7224894819241009,61503.55499999999,32731.9,361.3936791249662,0.0,0.0,1993-09-09,7.100195227765727,27.0,130583.1,140454.80000000002,-9871.700000000012,1.075588835087886,100998.79999999999,0.7190788846028429,57942.003703703704,32731.9,-30.20301481442034,0.0,0.0,1993-10-09,7.100195227765727
6863,9188,930728,127080.0,60,2118.0,A,1993-07-28,60,45,POPLATEK MESICNE,930208,1993-02-08,11006,11314,360602,45,1936-06-02,M,Jicin,east Bohemia,77917,85,19,6,1,5,53.5,8390,2.28,2.89,132,2080.0,2122,170,57.152635181382614,True,0.0,0,1982,False,True,False,True,False,True,True,127080.0,60.0,2118.0,0.016666666666666666,170.0,57.152635181382614,0.0,8390.0,2.28,2080.0,132.0,0.0,24.0,9.0,12920.6,12705.900000000001,214.6999999999989,0.9833070208023775,2114.6,0.16641352336132334,23231.11111111111,20393.4,281.8332853025936,0.0,0.0,1993-08-12,9.628611898016997,18.0,27882.6,23311.8,4570.799999999999,0.8360398226914746,2129.2,0.09133180055591777,24210.800000000003,20393.4,90.51889463259094,0.0,0.0,1993-09-12,9.628611898016997,27.0,40771.600000000006,35017.700000000004,5753.9000000000015,0.8588537400116745,3243.7999999999997,0.09263050884241845,25286.770370370374,20393.4,78.51227541805301,0.0,0.0,1993-10-12,9.628611898016997
5325,1843,930803,105804.0,36,2939.0,A,1993-08-03,36,12,POPLATEK MESICNE,930130,1993-01-30,2235,2235,405420,14,1940-04-20,F,Pribram,central Bohemia,107870,84,29,6,1,6,58.0,8754,3.83,4.31,137,3804.0,3868,185,53.28678986995209,True,0.0,0,1976,False,True,False,True,False,True,True,105804.0,36.0,2939.0,0.027777777777777776,185.0,53.28678986995209,1.0,8754.0,3.83,3804.0,137.0,0.0,25.0,8.0,19349.5,33740.299999999996,-14390.799999999996,1.7436396992325778,23807.6,0.7055922563742357,28508.174999999996,19799.1,-847.8542553191488,0.0,0.0,1993-08-31,6.736679142565498,13.0,37085.7,43687.6,-6601.9000000000015,1.177985639056589,23822.199999999997,0.5452726798295207,29476.33846153846,19799.1,-145.74962338949445,0.0,0.0,1993-09-30,6.736679142565498,19.0,54852.399999999994,57134.899999999994,-2282.5,1.041592681584004,27336.799999999996,0.4784522515616276,31695.54736842106,19799.1,40.105734597156435,0.0,0.0,1993-10-31,6.736679142565498
7240,11013,930906,274740.0,60,4579.0,A,1993-09-06,60,1,POPLATEK TYDNE,930214,1993-02-14,13231,13539,780907,63,1978-09-07,M,Hl.m. Praha,Prague,1204953,0,0,0,1,1,100.0,12541,0.29,0.43,167,85677.0,99107,204,14.99794661190965,True,0.0,0,1942,False,True,False,True,False,True,True,274740.0,60.0,4579.0,0.016666666666666666,204.0,14.99794661190965,0.0,12541.0,0.29,85677.0,167.0,0.0,27.0,7.0,42473.8,18864.0,23609.800000000003,0.4441221618465537,4030.0,0.21362311158229524,53704.72857142857,31777.9,1009.5598142414862,0.0,0.0,1993-09-30,6.939921380214021,16.0,85001.40000000001,61828.0,23173.40000000001,0.727367697853237,32160.0,0.5201442688705947,58574.89375,31777.9,346.0512810201461,0.0,0.0,1993-10-31,6.939921380214021,23.0,127527.50000000001,96392.0,31135.500000000015,0.7558467322990546,51890.0,0.5383170977145644,60079.50434782609,31777.9,211.67238175826662,0.0,0.0,1993-11-30,6.939921380214021
6687,8261,930913,87840.0,24,3660.0,A,1993-09-13,24,13,POPLATEK MESICNE,930512,1993-05-12,9892,10200,805216,13,1980-02-16,F,Rakovnik,central Bohemia,53921,61,22,1,1,2,41.3,8598,2.77,3.26,123,1597.0,1875,124,13.574264202600958,True,0.0,0,1935,False,True,False,True,False,True,True,87840.0,24.0,3660.0,0.041666666666666664,124.0,13.574264202600958,1.0,8598.0,2.77,1597.0,123.0,0.0,17.0,10.0,22376.0,27511.399999999998,-5135.399999999998,1.2294498815748311,18714.6,0.680224189819863,54148.82000000001,38712.4,-1139.6847173761341,0.0,0.0,1993-10-13,10.577158469945356,20.0,44658.299999999996,63483.799999999996,-18825.5,1.4215135481299528,46536.2,0.7330290085185746,45876.244999999995,25022.2,-702.2260749330956,0.0,0.0,1993-11-12,6.836666666666667,32.0,67452.6,93672.20000000001,-26219.600000000006,1.3886908927025392,67927.79999999999,0.7251572488182317,39333.76875,17628.0,-483.78367051309493,0.0,0.0,1993-12-12,4.81639344262295
7284,11265,930915,52788.0,12,4399.0,A,1993-09-15,12,15,POPLATEK MESICNE,930114,1993-01-14,13537,13845,730216,15,1973-02-16,M,Cesky Krumlov,south Bohemia,58796,22,16,7,1,5,51.9,9045,3.13,3.6,124,1845.0,1879,244,20.577686516084874,True,0.0,0,1933,False,True,False,True,False,True,True,52788.0,12.0,4399.0,0.08333333333333333,244.0,20.577686516084874,0.0,9045.0,3.13,1845.0,124.0,0.0,43.0,8.0,11100.3,11726.6,-626.3000000000011,1.0563267365083369,4214.6,0.35937446706913606,20458.1875,16829.0,407.9837322911579,0.0,0.0,1993-10-12,3.825642191407138,15.0,18800.5,21553.2,-2752.7000000000007,1.1463553439885117,6529.200000000001,0.30292008054114744,21607.81333333333,16829.0,96.33599775365029,0.0,0.0,1993-11-12,3.825642191407138,22.0,30308.3,29679.8,628.5,0.97923079714807,7143.800000000001,0.24068758254494493,22369.05909090909,16829.0,68.25555152625041,0.0,0.0,1993-12-12,3.825642191407138
6111,5428,930924,174744.0,24,7281.0,B,1993-09-24,24,24,POPLATEK MESICNE,930414,1993-04-14,6551,6551,485812,24,1948-08-12,F,Karlovy Vary,west Bohemia,122603,25,21,6,2,8,80.0,8991,1.39,2.01,128,5198.0,5273,163,45.1170431211499,True,1.0,1,1924,False,True,False,True,False,True,True,174744.0,24.0,7281.0,0.041666666666666664,163.0,45.1170431211499,1.0,8991.0,1.39,5198.0,128.0,0.0,32.0,6.0,135.7,30795.899999999998,-30660.199999999997,225.2809070958303,23514.6,0.7635378885537181,44354.0,27480.7,-1908.0261402314502,0.0,0.0,1993-10-16,3.774302980359841,12.0,20447.5,42691.8,-22244.300000000003,2.0877717191970073,28129.199999999997,0.6588745643293482,35606.9,19844.5,-629.3336472709966,0.0,0.0,1993-11-13,2.7255184727372614,18.0,33417.7,62987.700000000004,-29570.000000000007,1.884804016912687,41143.8,0.6531933505533533,37716.95,19844.5,-108.73750122825983,0.0,0.0,1993-12-12,2.7255184727372614
7235,10973,931013,154416.0,48,3217.0,A,1993-10-13,48,18,POPLATEK TYDNE,930420,1993-04-20,13182,13490,695525,18,1969-05-25,F,Pisek,south Bohemia,70699,60,13,2,1,4,65.3,8968,2.83,3.35,131,1740.0,1910,176,24.386036960985628,True,0.0,0,1905,False,True,False,True,False,True,True,154416.0,48.0,3217.0,0.020833333333333332,176.0,24.386036960985628,1.0,8968.0,2.83,1740.0,131.0,0.0,32.0,9.0,77666.5,53747.7,23918.800000000003,0.6920230469630154,50531.0,0.9401343660404811,77429.78888888888,37402.7,1034.3513231457327,0.0,0.0,1993-11-12,11.626577556729872,19.0,151177.1,104132.4,47044.70000000001,0.688806116758975,97699.0,0.9382100267541442,78958.7,37402.7,386.18679722569726,0.0,0.0,1993-12-12,11.626577556729872,31.0,257230.30000000002,247062.4,10167.900000000023,0.9604678746326749,240629.0,0.9739564824251589,86038.99677419358,37402.7,403.360257374099,0.0,0.0,1994-01-04,11.626577556729872
5997,4894,931104,117024.0,24,4876.0,A,1993-11-04,24,14,POPLATEK MESICNE,930620,1993-06-20,5911,5911,351003,14,1935-10-03,M,Ceske Budejovice,south Bohemia,177686,69,27,10,1,9,74.8,10045,1.42,1.71,135,6604.0,6295,137,58.08898015058179,True,0.0,0,1883,False,True,False,True,False,True,True,117024.0,24.0,4876.0,0.041666666666666664,137.0,58.08898015058179,0.0,10045.0,1.42,6604.0,135.0,0.0,13.0,6.0,29492.2,33990.399999999994,-4498.199999999993,1.1524826061600637,29114.6,0.8565284160111089,60299.01666666667,48695.2,-1278.4866801210899,0.0,0.0,1993-12-04,9.986710418375717,13.0,73569.8,107178.79999999999,-33608.999999999985,1.4568116698472762,97427.20000000001,0.9090071076826046,51895.77692307693,19584.4,-646.3100750422627,0.0,0.0,1994-01-02,4.016488925348646,22.0,102972.2,135669.2,-32697.000000000015,1.3175195099307395,121041.8,0.8921767639466883,43884.027272727275,19584.4,-538.5789816807687,0.0,0.0,1994-01-31,4.016488925348646
7121,10364,931110,21924.0,36,609.0,A,1993-11-10,36,55,POPLATEK MESICNE,930117,1993-01-17,12446,12754,600820,55,1960-08-20,M,Brno - venkov,south Moravia,157042,49,70,18,0,9,33.9,8743,1.88,2.43,111,3659.0,3894,297,33.223819301848046,True,0.0,0,1877,False,True,False,True,False,True,True,21924.0,36.0,609.0,0.027777777777777776,297.0,33.223819301848046,0.0,8743.0,1.88,3659.0,111.0,0.0,45.0,7.0,21881.5,19065.6,2815.9000000000015,0.8712715640351879,12194.6,0.6395791593676902,38014.11428571429,30159.7,12.703305621535831,0.0,0.0,1993-12-07,49.523316912972085,13.0,36529.0,36551.2,-22.19999999999709,1.000580344921982,22809.199999999997,0.6240171590218919,39184.946153846155,30159.7,55.17467040210934,0.0,0.0,1994-01-07,49.523316912972085,27.0,51144.1,64836.799999999996,-13692.699999999997,1.2677030644186833,44223.799999999996,0.6820681762798861,35216.55925925925,20790.1,-149.86645734349875,0.0,0.0,1994-02-07,34.13809523809523
6077,5270,931122,79608.0,24,3317.0,A,1993-11-22,24,44,POPLATEK MESICNE,930113,1993-01-13,6367,6367,700428,44,1970-04-28,M,Chrudim,east Bohemia,105606,77,26,7,2,7,53.0,8254,2.79,3.76,97,2166.0,2325,313,23.57015742642026,True,0.0,0,1865,False,True,False,True,False,True,True,79608.0,24.0,3317.0,0.041666666666666664,313.0,23.57015742642026,0.0,8254.0,2.79,2166.0,97.0,0.0,53.0,9.0,67543.4,97060.6,-29517.20000000001,1.4369895949923313,93743.6,0.9658155233377567,85421.24444444444,49904.4,-1604.9388842631138,0.0,0.0,1993-12-14,15.045040699427194,19.0,114402.59999999999,157790.2,-43387.60000000002,1.3792415623284584,151156.2,0.9579507602451848,67360.46315789473,24909.0,-988.3544548726018,0.0,0.0,1994-01-20,7.509496533011758,27.0,159347.8,190621.80000000002,-31274.00000000003,1.1962550078820802,180670.8,0.9477921843557012,60098.16296296297,24909.0,-734.0896329979798,0.0,0.0,1994-02-14,7.509496533011758
6228,6034,931201,464520.0,60,7742.0,B,1993-12-01,60,6,POPLATEK TYDNE,930319,1993-03-19,7291,7291,406202,77,1940-12-02,F,Kutna Hora,central Bohemia,77963,60,23,4,2,4,51.5,8546,2.95,4.02,126,2640.0,3120,257,52.99657768651608,True,1.0,1,1856,False,True,False,True,False,True,True,464520.0,60.0,7742.0,0.016666666666666666,257.0,52.99657768651608,1.0,8546.0,2.95,2640.0,126.0,0.0,68.0,6.0,44261.5,52725.8,-8464.300000000003,1.1912070036712794,44984.0,0.8531524765394448,77247.33333333333,51828.5,272.6570443774236,0.0,0.0,1993-12-31,6.694458796176699,16.0,44261.5,120405.6,-76144.1,2.720262072860774,104922.0,0.8713974150918637,57574.8125,11226.2,-1407.7856355620868,0.0,0.0,1994-01-27,1.4500387496770861,24.0,73845.0,130607.40000000001,-56762.40000000001,1.7686455596782495,107382.0,0.8221676400599042,45520.020833333336,11226.2,-871.2712703783451,0.0,0.0,1994-02-28,1.4500387496770861
6356,6701,931208,95400.0,36,2650.0,A,1993-12-08,36,49,POPLATEK TYDNE,930315,1993-03-15,8091,8091,710210,5,1971-02-10,M,Semily,east Bohemia,75685,31,28,5,1,9,60.8,8208,1.89,2.26,155,1660.0,2123,268,22.82546201232033,True,0.0,0,1849,False,True,False,True,False,True,True,95400.0,36.0,2650.0,0.027777777777777776,268.0,22.82546201232033,0.0,8208.0,1.89,1660.0,155.0,0.0,47.0,5.0,997.8,10480.2,-9482.400000000001,10.492791349619544,7830.0,0.7470518642903484,21799.960000000003,18116.8,-446.40774577954323,0.0,0.0,1993-12-31,6.836528301886792,14.0,41940.5,54260.4,-12319.900000000001,1.2937162476306283,48960.0,0.9022988717578241,23492.600000000002,6484.6,-47.72688465031785,0.0,0.0,1994-02-01,2.4470188679245286,20.0,46600.3,72709.6,-26109.300000000003,1.5602483192528964,64759.0,0.8906404293184211,19067.309999999998,1528.0,-260.73095476025134,0.0,0.0,1994-02-28,0.5766037735849057
5523,2705,931208,93888.0,36,2608.0,A,1993-12-08,36,63,POPLATEK PO OBRATU,930705,1993-07-05,3264,3264,506020,63,1950-10-20,F,Vyskov,south Moravia,86513,38,36,5,1,5,50.5,8288,3.79,4.52,110,1562.0,1460,156,43.134839151266256,True,0.0,0,1849,False,True,False,True,False,True,True,93888.0,36.0,2608.0,0.027777777777777776,156.0,43.134839151266256,1.0,8288.0,3.79,1562.0,110.0,0.0,19.0,8.0,24726.9,37774.2,-13047.299999999996,1.5275943367613098,24443.0,0.6470647408882019,29326.55,21669.1,-654.9775637939335,0.0,0.0,1994-01-01,8.30870398773006,15.0,41472.6,55405.399999999994,-13932.799999999996,1.3359197176034874,28743.0,0.5187667850645413,25225.44666666667,10946.1,-303.9388659540149,0.0,0.0,1994-01-31,4.197124233128834,21.0,59015.600000000006,68836.59999999999,-9820.999999999985,1.1663938620659269,28843.0,0.41900066242867273,24211.433333333334,10060.7,-143.99433841682867,0.0,0.0,1994-03-02,3.85763036809816
6456,7123,931209,47016.0,12,3918.0,A,1993-12-09,12,64,POPLATEK PO OBRATU,930414,1993-04-14,8598,8598,576231,46,1957-12-31,F,Zlin,south Moravia,197099,29,41,10,2,10,74.7,9624,1.6,2.31,145,4484.0,4265,239,35.93976728268309,True,0.0,0,1848,False,True,False,True,False,True,True,47016.0,12.0,3918.0,0.08333333333333333,239.0,35.93976728268309,1.0,9624.0,1.6,4484.0,145.0,0.0,42.0,15.0,140031.0,111399.2,28631.800000000003,0.7955267367458866,92900.0,0.8339302801969836,77342.84666666666,48766.1,695.1753894443156,0.0,0.0,1994-01-08,12.446681980602348,26.0,181729.1,181298.4,430.70000000001164,0.9976244991886318,144300.0,0.7959210013932755,75427.08076923077,48766.1,89.65640564907625,0.0,0.0,1994-02-05,12.446681980602348,36.0,279507.0,261197.6,18309.399999999994,0.9344906049200739,205700.0,0.7875233634483493,77316.49722222224,38485.8,197.39221382765433,0.0,0.0,1994-03-05,9.822817764165391
7104,10320,931213,259740.0,60,4329.0,A,1993-12-13,60,68,POPLATEK MESICNE,930711,1993-07-11,12387,12695,790316,68,1979-03-16,M,Frydek - Mistek,north Moravia,228848,15,40,18,2,6,57.2,9893,4.09,4.72,96,5623.0,5887,155,14.746064339493497,True,0.0,0,1844,False,True,False,True,False,True,True,259740.0,60.0,4329.0,0.016666666666666666,155.0,14.746064339493497,0.0,9893.0,4.09,5623.0,96.0,0.0,17.0,9.0,26243.2,50057.4,-23814.2,1.9073700093734998,33314.6,0.6655146788550972,50632.92222222222,34175.0,-1391.6319727891155,0.0,0.0,1994-01-12,7.894432894432894,19.0,54175.600000000006,86186.0,-32010.399999999994,1.590834419288032,57029.2,0.661691438383979,38795.73157894737,19705.2,-755.1281776188347,0.0,0.0,1994-02-10,4.551905751905752,26.0,80267.5,108872.2,-28604.699999999997,1.3563502494751989,58643.799999999996,0.5386431187840534,38318.57307692307,19705.2,-195.48657654842467,0.0,0.0,1994-03-12,4.551905751905752
6820,9034,931216,38148.0,12,3179.0,A,1993-12-16,12,1,POPLATEK MESICNE,930628,1993-06-28,10818,11126,655122,1,1965-01-22,F,Hl.m. Praha,Prague,1204953,0,0,0,1,1,100.0,12541,0.29,0.43,167,85677.0,99107,171,28.89801505817933,True,0.0,0,1841,False,True,False,True,False,True,True,38148.0,12.0,3179.0,0.08333333333333333,171.0,28.89801505817933,1.0,12541.0,0.29,85677.0,167.0,0.0,29.0,11.0,22064.7,35226.6,-13161.899999999998,1.5964415359585238,17614.6,0.5000227094664411,32072.627272727274,21874.9,-329.27247432306257,0.0,0.0,1994-01-14,6.88106322743001,20.0,44137.6,57353.2,-13215.599999999999,1.299388743639354,22129.199999999997,0.3858339929769746,31086.914999999997,21821.2,-92.92370755370759,0.0,0.0,1994-02-14,6.8641711229946525,29.0,66218.4,80779.8,-14561.400000000009,1.2198811828557796,27943.8,0.3459213080335921,30294.741379310348,20475.4,-65.31409796720001,0.0,0.0,1994-03-14,6.44083044982699
6876,9236,931221,86616.0,12,7218.0,A,1993-12-21,12,11,POPLATEK MESICNE,930818,1993-08-18,11064,11372,610928,11,1961-09-28,M,Praha - zapad,central Bohemia,75637,35,36,9,0,7,36.5,9622,0.45,0.59,154,3475.0,3529,125,32.2299794661191,True,0.0,0,1836,False,True,False,True,False,True,True,86616.0,12.0,7218.0,0.08333333333333333,125.0,32.2299794661191,0.0,9622.0,0.45,3475.0,154.0,0.0,15.0,6.0,12121.6,17757.0,-5635.4,1.4647847821424447,8300.0,0.4673949769118144,39643.9,31617.7,87.67393767705383,0.0,0.0,1994-01-15,4.380396231643115,20.0,29233.2,44024.6,-14791.399999999998,1.5059279884518817,22834.6,0.5186664122692252,26799.26,15012.7,-532.3812010876317,0.0,0.0,1994-02-14,2.0798974785259077,28.0,41284.3,56872.2,-15587.899999999994,1.3775411587175095,23949.199999999997,0.4210981622275518,25918.171428571433,15012.7,-193.86400438128848,0.0,0.0,1994-03-16,2.0798974785259077
7097,10266,931223,75624.0,24,3151.0,B,1993-12-23,24,54,POPLATEK MESICNE,930610,1993-06-10,12317,12625,581207,54,1958-12-07,M,Brno - mesto,south Moravia,387570,0,0,0,1,1,100.0,9897,1.6,1.96,140,18721.0,18696,196,35.044490075290895,True,1.0,1,1834,False,True,False,True,False,True,True,75624.0,24.0,3151.0,0.041666666666666664,196.0,35.044490075290895,0.0,9897.0,1.6,18721.0,140.0,0.0,23.0,8.0,362.1,33665.9,-33303.8,92.717984026439,30514.6,0.9063679756674953,24836.212499999998,8650.8,-2283.5964121435145,0.0,0.0,1994-01-12,2.74541415423675,14.0,7451.8,51731.8,-44280.0,6.9412569772434525,45429.2,0.878150805678409,17077.014285714286,-2325.3,-612.8097212519212,1.0,0.0,1994-02-12,-0.7379562043795621,21.0,17093.7,54916.3,-37822.600000000006,3.212475211615296,45462.4,0.8278338519919952,11380.866666666667,-2325.3,-439.2120886151179,1.0,1.0,1994-03-12,-0.7379562043795621
4959,2,940105,80952.0,24,3373.0,A,1994-01-05,24,1,POPLATEK MESICNE,930226,1993-02-26,2,2,450204,1,1945-02-04,M,Hl.m. Praha,Prague,1204953,0,0,0,1,1,100.0,12541,0.29,0.43,167,85677.0,99107,313,48.917180013689254,True,0.0,0,1821,False,True,False,True,False,True,True,80952.0,24.0,3373.0,0.041666666666666664,313.0,48.917180013689254,0.0,12541.0,0.29,85677.0,167.0,0.0,54.0,10.0,20351.4,28153.300000000003,-7801.9000000000015,1.383291405436214,17514.6,0.6220932504093513,28187.730000000003,19937.9,-534.1321635730858,0.0,0.0,1994-01-31,5.91102875778239,17.0,40695.6,49572.6,-8877.0,1.2181017578864082,21029.2,0.42420159116949346,26756.947058823527,12772.7,-144.0394113424264,0.0,0.0,1994-03-05,3.786747702342129,23.0,61060.799999999996,65125.9,-4065.100000000006,1.066557160123023,25943.8,0.39835766787610033,28117.15652173913,12772.7,7.753596920992427,0.0,0.0,1994-04-05,3.786747702342129
6499,7401,940105,80952.0,24,3373.0,A,1994-01-05,24,1,POPLATEK MESICNE,930226,1993-02-26,8865,9173,450204,1,1945-02-04,M,Hl.m. Praha,Prague,1204953,0,0,0,1,1,100.0,12541,0.29,0.43,167,85677.0,99107,313,48.917180013689254,True,0.0,0,1821,False,True,False,True,False,True,True,80952.0,24.0,3373.0,0.041666666666666664,313.0,48.917180013689254,0.0,12541.0,0.29,85677.0,167.0,0.0,54.0,10.0,20355.1,28153.300000000003,-7798.200000000004,1.3830399732758243,17514.6,0.6220932504093513,29097.039999999997,20846.5,-533.9972737819025,0.0,0.0,1994-01-31,6.180403201897421,17.0,40703.1,49572.6,-8869.5,1.2178773145702768,21029.2,0.42420159116949346,27668.15882352941,13685.0,-143.89323402727925,0.0,0.0,1994-03-05,4.057219092795731,23.0,61072.1,65125.9,-4053.800000000003,1.0663598212633714,25943.8,0.39835766787610033,29030.139130434785,13685.0,7.892009896810056,0.0,0.0,1994-04-05,4.057219092795731
5479,2486,940110,24516.0,12,2043.0,A,1994-01-10,12,1,POPLATEK MESICNE,930227,1993-02-27,3001,3001,581007,1,1958-10-07,M,Hl.m. Praha,Prague,1204953,0,0,0,1,1,100.0,12541,0.29,0.43,167,85677.0,99107,317,35.26078028747433,True,0.0,0,1816,False,True,False,True,False,True,True,24516.0,12.0,2043.0,0.08333333333333333,317.0,35.26078028747433,0.0,12541.0,0.29,85677.0,167.0,0.0,73.0,13.0,47191.5,69821.6,-22630.100000000006,1.479506277480532,67778.6,0.970725810840616,62500.069230769215,36454.2,-2068.4086886043115,0.0,0.0,1994-02-07,17.84346549192364,18.0,47370.7,103548.20000000001,-56177.500000000015,2.185866245036594,99462.20000000001,0.9605308394463694,55586.43333333332,22478.7,-1004.2092257104505,0.0,0.0,1994-03-08,11.002790014684289,24.0,83925.7,122831.80000000002,-38906.10000000002,1.4635604640716247,116702.80000000002,0.9500947629623357,46140.145833333336,3209.7,-774.9804824881429,0.0,0.0,1994-04-04,1.571071953010279
5170,1071,940120,253200.0,60,4220.0,C,1994-01-20,60,68,POPLATEK TYDNE,930510,1993-05-10,1286,1286,505313,52,1950-03-13,F,Frydek - Mistek,north Moravia,228848,15,40,18,2,6,57.2,9893,4.09,4.72,96,5623.0,5887,255,43.85763175906913,False,,0,1806,False,True,False,True,False,True,True,253200.0,60.0,4220.0,0.016666666666666666,255.0,43.85763175906913,1.0,9893.0,4.09,5623.0,96.0,0.0,41.0,5.0,14575.5,42349.5,-27774.0,2.905327067540219,38130.0,0.900343561469168,73871.4,53376.6,-2536.825413223141,0.0,0.0,1994-02-12,12.648483412322275,15.0,130243.5,157459.0,-27215.5,1.2089493222362557,149020.0,0.9463990854820272,69499.9,44819.6,-485.59789332887493,0.0,0.0,1994-03-12,10.620758293838863,22.0,130478.2,193584.5,-63106.3,1.4836426035720636,180926.0,0.9346051228010362,58206.45000000002,18044.3,-749.9642891689872,0.0,0.0,1994-04-16,4.275900473933649
6721,8475,940121,21072.0,24,878.0,A,1994-01-21,24,4,POPLATEK MESICNE,930908,1993-09-08,10151,10459,645809,17,1964-08-09,F,Kladno,central Bohemia,149893,63,29,6,2,6,67.4,9753,4.64,5.05,109,5244.0,5892,135,29.451060917180012,True,0.0,0,1805,False,True,False,True,False,True,True,21072.0,24.0,878.0,0.041666666666666664,135.0,29.451060917180012,1.0,9753.0,4.64,5244.0,109.0,0.0,15.0,7.0,6737.9,8906.0,-2168.1000000000004,1.3215806734036712,3700.0,0.41540361513416413,31153.228571428568,27412.9,35.009405940594085,0.0,0.0,1994-02-14,31.22198177676538,15.0,13456.5,19226.6,-5770.0999999999985,1.428690321382129,8814.6,0.4584347500468078,30259.540000000005,25096.9,-59.003872240720185,0.0,0.0,1994-03-14,28.584168564920276,24.0,20143.699999999997,28647.199999999997,-8503.5,1.4220713140428998,13029.2,0.4547999525275585,28223.170833333337,22363.5,-104.41200070140647,0.0,0.0,1994-04-14,25.470956719817767
7259,11111,940131,108144.0,36,3004.0,A,1994-01-31,36,1,POPLATEK MESICNE,930520,1993-05-20,13349,13657,635512,59,1963-05-12,F,Hl.m. Praha,Prague,1204953,0,0,0,1,1,100.0,12541,0.29,0.43,167,85677.0,99107,256,30.72416153319644,True,0.0,0,1795,False,True,False,True,False,True,True,108144.0,36.0,3004.0,0.027777777777777776,256.0,30.72416153319644,1.0,12541.0,0.29,85677.0,167.0,0.0,55.0,7.0,4983.9,7769.700000000001,-2785.800000000001,1.5586471142851415,29.2,0.0037577052260414114,18988.842857142856,14267.2,-82.96157724162767,0.0,0.0,1994-02-28,4.7494007989347535,12.0,13761.699999999999,15524.800000000001,-1763.1000000000022,1.1280344699804545,43.8,0.0028211106674052217,18261.908333333333,11395.1,-24.88084531743249,0.0,0.0,1994-03-31,3.793308921438083,18.0,40586.2,23279.9,17306.299999999996,0.5735773840028384,58.4,0.0025084940874278913,21195.077777777777,11395.1,142.5195362587263,0.0,0.0,1994-04-30,3.793308921438083
5285,1603,940206,78936.0,12,6578.0,A,1994-02-06,12,1,POPLATEK MESICNE,930509,1993-05-09,1944,1944,575122,31,1957-01-22,F,Hl.m. Praha,Prague,1204953,0,0,0,1,1,100.0,12541,0.29,0.43,167,85677.0,99107,273,37.040383299110196,True,0.0,0,1789,False,True,False,True,False,True,True,78936.0,12.0,6578.0,0.08333333333333333,273.0,37.040383299110196,1.0,12541.0,0.29,85677.0,167.0,0.0,51.0,8.0,10109.0,12497.6,-2388.6000000000004,1.2361622156280911,14.6,0.001168130830653033,24330.45,22212.4,-48.380902442389896,0.0,0.0,1994-03-08,3.376771055031925,15.0,21414.3,21357.2,57.099999999998545,0.9972869864069147,1109.1999999999998,0.05193321534586247,24112.85333333333,21132.4,-18.795837332731093,0.0,0.0,1994-04-05,3.2125874125874128,22.0,30522.4,31495.8,-973.3999999999978,1.0318575257015927,1123.7999999999997,0.03567981509232683,24205.45909090909,21132.4,-4.4036824147605955,0.0,0.0,1994-05-05,3.2125874125874128
5189,1166,940207,149040.0,48,3105.0,A,1994-02-07,48,11,POPLATEK MESICNE,930421,1993-04-21,1404,1404,686220,11,1968-12-20,F,Praha - zapad,central Bohemia,75637,35,36,9,0,7,36.5,9622,0.45,0.59,154,3475.0,3529,292,25.13347022587269,True,0.0,0,1788,False,True,False,True,False,True,True,149040.0,48.0,3105.0,0.020833333333333332,292.0,25.13347022587269,1.0,9622.0,0.45,3475.0,154.0,0.0,54.0,6.0,18736.4,9116.800000000001,9619.6,0.48655629916637316,1614.6,0.17708219087937876,31378.28333333333,28562.4,-339.93099025141106,0.0,0.0,1994-02-28,9.198840579710145,12.0,37500.700000000004,25133.6,12367.100000000006,0.6701989509808888,10129.2,0.402998257382254,34467.74166666667,28562.4,45.71242171189977,0.0,0.0,1994-03-31,9.198840579710145,18.0,56276.600000000006,40550.4,15726.200000000004,0.7205424538359845,18043.8,0.44496120972395525,36514.71111111111,28562.4,85.03782466019055,0.0,0.0,1994-04-30,9.198840579710145
6650,8073,940217,49320.0,12,4110.0,B,1994-02-17,12,24,POPLATEK PO OBRATU,930903,1993-09-03,9665,9973,456003,24,1945-10-03,F,Karlovy Vary,west Bohemia,122603,25,21,6,2,8,80.0,8991,1.39,2.01,128,5198.0,5273,167,48.375085557837096,True,1.0,1,1778,False,True,False,True,False,True,True,49320.0,12.0,4110.0,0.08333333333333333,167.0,48.375085557837096,1.0,8991.0,1.39,5198.0,128.0,0.0,49.0,7.0,6580.3,21472.0,-14891.7,3.2625773023566773,5100.0,0.23750756764308667,11260.714285714286,781.9,-137.61029138251706,0.0,0.0,1994-03-14,0.19024330900243308,14.0,30132.8,37944.0,-7811.200000000001,1.2591840391852338,5200.0,0.13704045328765319,8538.699999999999,-3067.6,-139.78192220644675,1.0,0.0,1994-04-18,-0.7463746958637469,21.0,39153.7,54420.1,-15266.400000000001,1.3898740125706492,5304.1,0.09746403508933117,8963.471428571427,-3067.6,-32.49182414104884,1.0,1.0,1994-05-14,-0.7463746958637469
7226,10940,940223,197748.0,36,5493.0,A,1994-02-23,36,50,POPLATEK MESICNE,930913,1993-09-13,13139,13447,705505,13,1970-05-05,F,Svitavy,east Bohemia,102609,75,33,2,3,6,52.0,8187,4.83,5.45,94,2123.0,2134,163,23.805612594113622,True,0.0,0,1772,False,True,False,True,False,True,True,197748.0,36.0,5493.0,0.027777777777777776,163.0,23.805612594113622,1.0,8187.0,4.83,2123.0,94.0,0.0,16.0,7.0,24336.0,30624.6,-6288.5999999999985,1.2583555902535233,17614.6,0.5751593438169375,41544.58571428571,32955.0,277.20114613180516,0.0,0.0,1994-03-12,5.999453850354997,13.0,48646.0,59049.2,-10403.199999999997,1.2138302464694637,33029.2,0.5593410352547493,39987.853846153856,29640.4,-70.40642581356863,0.0,0.0,1994-04-12,5.396031312579647,19.0,72938.3,83373.79999999999,-10435.499999999985,1.1430573092969083,44343.799999999996,0.5318609459932737,38540.96315789473,25508.1,-82.3072160532607,0.0,0.0,1994-05-12,4.643746586564719
6087,5313,940227,300660.0,60,5011.0,C,1994-02-27,60,40,POPLATEK MESICNE,930429,1993-04-29,6417,6417,500107,40,1950-01-07,M,Teplice,north Bohemia,128118,9,16,6,3,8,85.3,9317,6.49,7.07,97,6949.0,6872,304,44.139630390143736,False,,0,1768,False,True,False,True,False,True,True,300660.0,60.0,5011.0,0.016666666666666666,304.0,44.139630390143736,0.0,9317.0,6.49,6949.0,97.0,0.0,66.0,9.0,25367.8,23441.8,1926.0,0.9240405537510643,10514.6,0.4485215076697323,38386.27777777778,33094.1,295.4659115426107,0.0,0.0,1994-03-25,6.604290560766314,19.0,81976.9,63783.600000000006,18193.29999999999,0.7780584767358033,37929.2,0.5946451024228417,43013.73157894737,29681.3,383.956554014456,0.0,0.0,1994-04-24,5.923228896427859,28.0,107620.0,88225.4,19394.600000000006,0.819778667732134,49443.799999999996,0.560419556958008,45227.00714285713,29681.3,200.200997343988,0.0,0.0,1994-05-28,5.923228896427859
7262,11135,940301,182628.0,36,5073.0,A,1994-03-01,36,75,POPLATEK MESICNE,931010,1993-10-10,13379,13687,590523,75,1959-05-23,M,Prerov,north Moravia,138032,67,30,4,2,5,64.6,8819,5.38,5.66,99,4063.0,4505,142,34.77344284736482,True,0.0,0,1766,False,True,False,True,False,True,True,182628.0,36.0,5073.0,0.027777777777777776,142.0,34.77344284736482,0.0,8819.0,5.38,4063.0,99.0,0.0,13.0,5.0,15630.7,25387.6,-9756.899999999998,1.6241099816398727,20314.6,0.8001465224549601,41907.86,35756.9,-543.4815428983418,0.0,0.0,1994-03-31,7.048472304356397,12.0,31235.5,48739.2,-17503.699999999997,1.5603284618955389,35329.2,0.7248472513448857,37189.275,28036.0,-354.38214172614545,0.0,0.0,1994-04-30,5.526512911492214,16.0,46704.5,62576.2,-15871.699999999997,1.3398036633801158,40829.2,0.6524612798271575,36011.131250000006,24893.2,-237.22012891730427,0.0,0.0,1994-05-12,4.9069978316577965
5519,2694,940308,91632.0,12,7636.0,A,1994-03-08,12,7,POPLATEK MESICNE,930308,1993-03-08,3251,3251,626228,52,1962-12-28,F,Melnik,central Bohemia,94725,38,28,1,3,6,63.4,9920,2.26,2.87,130,4289.0,4846,365,31.19233401779603,True,0.0,0,1759,False,True,False,True,False,True,True,91632.0,12.0,7636.0,0.08333333333333333,365.0,31.19233401779603,1.0,9920.0,2.26,4289.0,130.0,0.0,70.0,6.0,17751.4,17582.6,168.8000000000029,0.9904350960996822,6414.6,0.36480584180713854,41624.51666666667,33230.6,-426.5994318181819,0.0,0.0,1994-04-02,4.351833420639078,13.0,35498.700000000004,37445.2,-1946.4999999999927,1.0548032800277183,15109.2,0.4034908749085355,40155.538461538454,31115.3,-218.6802030456853,0.0,0.0,1994-05-02,4.0748166579360925,19.0,53238.4,51727.799999999996,1510.6000000000058,0.9716074936982759,18223.800000000003,0.35229504647314464,40176.563157894736,31115.3,-90.02713267352453,0.0,0.0,1994-06-01,4.0748166579360925
6577,7753,940311,51696.0,24,2154.0,A,1994-03-11,24,74,POPLATEK MESICNE,930208,1993-02-08,9285,9593,685128,74,1968-01-28,F,Ostrava - mesto,north Moravia,323870,0,0,0,1,1,100.0,10673,4.75,5.44,100,18782.0,18347,396,26.116358658453116,True,0.0,0,1756,False,True,False,True,False,True,True,51696.0,24.0,2154.0,0.041666666666666664,396.0,26.116358658453116,1.0,10673.0,4.75,18782.0,100.0,0.0,102.0,4.0,167.2,4668.4,-4501.2,27.755053507728896,2514.6,0.5385274339315544,35541.4,33700.9,-52.979267342166885,0.0,0.0,1994-04-04,15.645728876508821,9.0,300.9,10836.800000000001,-10535.900000000001,35.89532957933091,6529.200000000001,0.6024469910867519,32019.222222222223,27666.2,-187.08532216380007,0.0,0.0,1994-05-04,12.84410399257196,12.0,411.9,13005.2,-12593.300000000001,31.4972148219908,6543.800000000001,0.5031292768064463,30409.800000000003,25512.4,-159.11114275892552,0.0,0.0,1994-05-31,11.844196843082637
6509,7445,940315,55368.0,24,2307.0,A,1994-03-15,24,64,POPLATEK MESICNE,930318,1993-03-18,8918,9226,396225,64,1939-12-25,F,Zlin,south Moravia,197099,29,41,10,2,10,74.7,9624,1.6,2.31,145,4484.0,4265,362,54.220396988364136,True,0.0,0,1752,False,True,False,True,False,True,True,55368.0,24.0,2307.0,0.041666666666666664,362.0,54.220396988364136,1.0,9624.0,1.6,4484.0,145.0,0.0,98.0,7.0,21789.9,11021.400000000001,10768.5,0.5057799356612164,8714.6,0.7906263608651473,25873.028571428567,23182.8,-278.9270386266095,0.0,0.0,1994-04-12,10.04889466840052,14.0,30919.100000000002,24665.8,6253.300000000003,0.7977270448672545,20052.2,0.8129226328506333,21146.899999999998,11974.4,-256.04193993559835,0.0,0.0,1994-05-12,5.190463805808409,19.0,35534.600000000006,26987.2,8547.400000000005,0.759441236393926,20066.8,0.7435397692324793,20872.542105263157,11974.4,-94.66930484000284,0.0,0.0,1994-06-12,5.190463805808409
6520,7485,940316,91200.0,24,3800.0,A,1994-03-16,24,39,POPLATEK MESICNE,930728,1993-07-28,8965,9273,555826,39,1955-08-26,F,Most,north Bohemia,119895,17,4,3,2,4,89.9,10446,7.34,9.4,90,4947.0,4743,231,38.554414784394254,True,0.0,0,1751,False,True,False,True,False,True,True,91200.0,24.0,3800.0,0.041666666666666664,231.0,38.554414784394254,1.0,10446.0,7.34,4947.0,90.0,0.0,36.0,7.0,22906.3,20693.399999999998,2212.9000000000015,0.9033539526701094,6614.6,0.319632364311118,24349.585714285717,12129.1,-252.02175732217574,0.0,0.0,1994-04-13,3.191868421052632,13.0,45827.6,41586.8,4240.799999999996,0.9074420776545652,13429.2,0.32291200784845553,24933.169230769232,12129.1,-9.783537751772238,0.0,0.0,1994-05-13,3.191868421052632,20.0,80152.29999999999,64119.200000000004,16033.099999999984,0.7999570822411556,21882.800000000003,0.34127778765506034,26164.31,12129.1,49.20677229388671,0.0,0.0,1994-06-13,3.191868421052632
6699,8330,940330,7656.0,24,319.0,A,1994-03-30,24,48,POPLATEK MESICNE,930328,1993-03-28,9979,10287,625903,48,1962-09-03,F,Rychnov nad Kneznou,east Bohemia,78955,50,24,8,1,9,59.0,9060,1.78,2.44,124,1655.0,1717,367,31.57015742642026,True,0.0,0,1737,False,True,False,True,False,True,True,7656.0,24.0,319.0,0.041666666666666664,367.0,31.57015742642026,1.0,9060.0,1.78,1655.0,124.0,0.0,81.0,7.0,21408.0,18341.6,3066.4000000000015,0.8567238077444065,14314.6,0.780401905945722,44960.3,36527.1,400.4208672086722,0.0,0.0,1994-04-22,114.50501567398119,14.0,42813.8,36783.2,6030.600000000006,0.8591234806655641,28729.2,0.7810201118958684,46727.44285714285,36527.1,181.0098590541604,0.0,0.0,1994-05-22,114.50501567398119,23.0,74808.5,68064.79999999999,6743.700000000012,0.9098416644944824,55983.8,0.8224952913210454,48115.19565217393,36527.1,111.15569060803686,0.0,0.0,1994-06-21,114.50501567398119
6336,6555,940331,212400.0,36,5900.0,A,1994-03-31,36,38,POPLATEK TYDNE,930305,1993-03-05,7914,7914,666024,38,1966-10-24,F,Louny,north Bohemia,85852,41,23,4,2,4,59.8,8965,7.08,8.23,104,2653.0,2822,391,27.433264887063654,True,0.0,0,1736,False,True,False,True,False,True,True,212400.0,36.0,5900.0,0.027777777777777776,391.0,27.433264887063654,1.0,8965.0,7.08,2653.0,104.0,0.0,71.0,8.0,41686.700000000004,27860.0,13826.700000000004,0.6683026408269105,21960.0,0.7881985571228599,57187.337499999994,36736.6,-102.70534811357453,0.0,0.0,1994-04-30,6.226542372881355,10.0,41686.700000000004,53860.0,-12173.299999999996,1.2919878045562598,42060.0,0.7808989807096044,58169.45,36736.6,-14.482772321286689,0.0,0.0,1994-05-29,6.226542372881355,16.0,86184.70000000001,97288.0,-11103.299999999988,1.1288183538568461,79588.0,0.8180575399068754,55524.368749999994,29133.9,-91.73737827145463,0.0,0.0,1994-06-28,4.937949152542373
7055,10079,940406,167100.0,60,2785.0,C,1994-04-06,60,62,POPLATEK MESICNE,930506,1993-05-06,12088,12396,705117,62,1970-01-17,F,Uherske Hradiste,south Moravia,145688,22,41,13,2,5,40.7,8544,1.29,1.86,109,2719.0,2906,335,24.216290212183434,False,,0,1730,False,True,False,True,False,True,True,167100.0,60.0,2785.0,0.016666666666666666,335.0,24.216290212183434,1.0,8544.0,1.29,2719.0,109.0,0.0,79.0,5.0,149.4,16972.4,-16823.0,112.84840425531915,14187.6,0.8358726006574994,25630.739999999998,22487.1,-523.6595541401275,0.0,0.0,1994-05-01,8.07436265709156,20.0,202172.0,160407.80000000002,41764.19999999998,0.7934185079115412,154838.2,0.9652724788166235,77499.59,22487.1,1969.72765156525,0.0,0.0,1994-06-03,8.07436265709156,27.0,214078.2,197697.2,16381.0,0.9234769188225666,189342.80000000002,0.9577365904191338,71748.53703703704,22487.1,341.43237618632054,0.0,0.0,1994-07-04,8.07436265709156
6103,5385,940407,149340.0,60,2489.0,C,1994-04-07,60,44,POPLATEK TYDNE,930521,1993-05-21,6499,6499,630201,44,1963-02-01,M,Chrudim,east Bohemia,105606,77,26,7,2,7,53.0,8254,2.79,3.76,97,2166.0,2325,321,31.17864476386037,False,,0,1729,False,True,False,True,False,True,True,149340.0,60.0,2489.0,0.016666666666666666,321.0,31.17864476386037,0.0,8254.0,2.79,2166.0,97.0,0.0,56.0,5.0,15046.2,11273.3,3772.9000000000015,0.7491958636822796,30.0,0.002660919081450733,31268.5,27230.9,-414.56698312236296,0.0,0.0,1994-04-30,10.940498192044998,12.0,30098.9,30758.6,-659.6999999999971,1.0218837936338658,8272.0,0.26892417326623236,30755.21666666667,22878.5,-160.0183626726,0.0,0.0,1994-05-31,9.191844114102048,18.0,52626.6,43631.9,8994.699999999997,0.8290687775995865,9902.0,0.22693884660428254,32706.238888888893,22878.5,17.570600093880437,0.0,0.0,1994-06-30,9.191844114102048
6202,5891,940418,65184.0,12,5432.0,A,1994-04-18,12,54,POPLATEK MESICNE,930125,1993-01-25,7127,7127,570929,3,1957-09-29,M,Brno - mesto,south Moravia,387570,0,0,0,1,1,100.0,9897,1.6,1.96,140,18721.0,18696,448,36.550308008213555,True,0.0,0,1718,False,True,False,True,False,True,True,65184.0,12.0,5432.0,0.08333333333333333,448.0,36.550308008213555,0.0,9897.0,1.6,18721.0,140.0,0.0,82.0,6.0,32792.4,29932.899999999998,2859.5000000000036,0.9127720821872692,24500.6,0.8184900731277915,61222.9,47195.4,1374.9121457489873,0.0,0.0,1994-05-16,8.68840206185567,13.0,81905.6,75879.8,6025.800000000003,0.9264186280470682,65015.2,0.8568069920190614,56147.9923076923,30562.5,151.64165208582747,0.0,0.0,1994-06-12,5.626380706921944,18.0,114731.8,102126.70000000001,12605.099999999991,0.8901264503263235,85829.8,0.8404164590018183,58703.88888888889,30562.5,236.3461447630096,0.0,0.0,1994-07-12,5.626380706921944
7066,10131,940502,215388.0,36,5983.0,B,1994-05-02,36,1,POPLATEK MESICNE,931127,1993-11-27,12156,12464,591217,39,1959-12-17,M,Hl.m. Praha,Prague,1204953,0,0,0,1,1,100.0,12541,0.29,0.43,167,85677.0,99107,156,34.37371663244353,True,1.0,1,1704,False,True,False,True,False,True,True,215388.0,36.0,5983.0,0.027777777777777776,156.0,34.37371663244353,0.0,12541.0,0.29,85677.0,167.0,0.0,15.0,2.0,139.3,2500.0,-2360.7,17.81895937277263,2500.0,0.9996001599360256,28232.4,28162.8,27.840000000000146,0.0,0.0,1994-05-31,4.707136887848905,6.0,21919.1,13500.0,8419.099999999999,0.6158731027686918,13500.0,0.999925931412488,37217.76666666666,28162.8,350.9625338078293,0.0,0.0,1994-06-30,4.707136887848905,8.0,22081.1,22500.0,-418.90000000000146,1.0189248305188365,22500.0,0.9999555575307764,35454.024999999994,28162.8,-8.20544066074531,0.0,0.0,1994-07-31,4.707136887848905
6696,8321,940509,89040.0,60,1484.0,C,1994-05-09,60,77,POPLATEK MESICNE,930412,1993-04-12,9967,10275,705125,77,1970-01-25,F,Vsetin,north Moravia,148545,8,35,12,3,4,53.5,8909,4.01,5.56,113,3460.0,3590,392,24.28473648186174,False,,0,1697,False,True,False,True,False,True,True,89040.0,60.0,1484.0,0.016666666666666666,392.0,24.28473648186174,1.0,8909.0,4.01,3460.0,113.0,0.0,87.0,7.0,10760.900000000001,9739.6,1021.3000000000011,0.9050074800918053,1214.6,0.12469457733609837,28463.914285714283,20780.8,321.02244318181823,0.0,0.0,1994-06-06,14.003234501347709,15.0,26869.4,27659.199999999997,-789.7999999999956,1.029355722281767,10609.2,0.3835547103780884,28890.960000000006,20780.8,64.68231707317075,0.0,0.0,1994-07-06,14.003234501347709,22.0,37624.50000000001,39198.799999999996,-1574.2999999999884,1.0418147267145947,13623.800000000001,0.347547691569855,28673.54545454546,19990.9,20.939191173576464,0.0,0.0,1994-08-05,13.470956873315364
6072,5256,940510,193968.0,36,5388.0,A,1994-05-10,36,72,POPLATEK PO OBRATU,931025,1993-10-25,6349,6349,721203,72,1972-12-03,M,Olomouc,north Moravia,226122,32,50,7,4,4,62.6,8994,3.8,4.79,110,9672.0,9208,197,21.43189596167009,True,0.0,0,1696,False,True,False,True,False,True,True,193968.0,36.0,5388.0,0.027777777777777776,197.0,21.43189596167009,0.0,8994.0,3.8,9672.0,110.0,0.0,29.0,8.0,45840.3,45884.5,-44.19999999999709,1.0009423816514802,40496.0,0.8825445946976713,78355.5,44691.5,1116.718597298074,0.0,0.0,1994-06-05,8.294636228656273,19.0,114492.1,136573.0,-22080.899999999994,1.192849176063885,125796.0,0.9210830758416683,67708.76315789475,32308.0,-746.0725520703205,0.0,0.0,1994-07-08,5.996288047512992,29.0,224135.5,196161.5,27974.0,0.8751876646597051,179996.0,0.9175861849232142,69869.62413793102,32308.0,-41.79603450899467,0.0,0.0,1994-08-03,5.996288047512992
5130,813,940511,24312.0,12,2026.0,A,1994-05-11,12,16,POPLATEK MESICNE,930210,1993-02-10,976,976,556119,16,1955-11-19,F,Jindrichuv Hradec,south Bohemia,93931,74,21,10,1,8,56.9,8427,1.12,1.54,107,1874.0,1913,455,38.47501711156742,True,0.0,0,1695,False,True,False,True,False,True,True,24312.0,12.0,2026.0,0.08333333333333333,455.0,38.47501711156742,1.0,8427.0,1.12,1874.0,107.0,0.0,78.0,6.0,14675.5,15540.300000000001,-864.8000000000011,1.0588559942765647,13514.6,0.8695926338208515,30383.75,25090.2,-423.4798786653185,0.0,0.0,1994-06-05,12.38410661401777,11.0,33063.1,26680.6,6382.5,0.8069356189946195,22629.2,0.8481200527704487,35880.11818181818,25090.2,164.6225024975025,0.0,0.0,1994-07-05,12.38410661401777,18.0,45365.0,49038.9,-3673.9000000000015,1.0809615130273773,42961.8,0.8760580670025836,35253.316666666666,24788.2,-14.403714412811391,0.0,0.0,1994-08-04,12.235044422507404
5568,2933,940517,272520.0,60,4542.0,C,1994-05-17,60,10,POPLATEK MESICNE,930618,1993-06-18,3542,3542,390902,10,1939-09-02,M,Praha - vychod,central Bohemia,92084,55,29,4,3,5,46.7,10124,0.56,0.54,141,3810.0,4316,333,54.704996577686515,False,,0,1689,False,True,False,True,False,True,True,272520.0,60.0,4542.0,0.016666666666666666,333.0,54.704996577686515,0.0,10124.0,0.56,3810.0,141.0,0.0,84.0,5.0,5726.1,10463.6,-4737.5,1.8270328787693597,14.6,0.0013951799399881505,25883.32,19672.4,-598.9531806615776,0.0,0.0,1994-06-13,4.331219726992515,10.0,17137.1,20927.2,-3790.100000000002,1.2210921864150637,29.2,0.0013952466050592023,24077.019999999997,14919.8,-164.41892060520985,0.0,0.0,1994-07-13,3.284852487890797,15.0,26142.5,31390.800000000003,-5248.300000000003,1.2007114579149694,43.8,0.0013952688281653168,24525.02,14919.8,-21.944694887300717,0.0,0.0,1994-08-12,3.284852487890797
6678,8173,940520,80340.0,12,6695.0,A,1994-05-20,12,11,POPLATEK MESICNE,930705,1993-07-05,9787,10095,765206,1,1976-02-06,F,Praha - zapad,central Bohemia,75637,35,36,9,0,7,36.5,9622,0.45,0.59,154,3475.0,3529,319,18.28336755646817,True,0.0,0,1686,False,True,False,True,False,True,True,80340.0,12.0,6695.0,0.08333333333333333,319.0,18.28336755646817,1.0,9622.0,0.45,3475.0,154.0,0.0,52.0,7.0,61619.0,90222.6,-28603.600000000006,1.4641772151898735,83527.6,0.9257843845734376,81634.65714285713,57287.0,-1086.8644186046513,0.0,0.0,1994-06-12,8.556684092606423,12.0,102740.3,112932.20000000001,-10191.900000000009,1.0991899070772904,99542.20000000001,0.8814254798411805,75289.26666666668,45005.8,-433.1995849609376,0.0,0.0,1994-07-12,6.722300224047797,19.0,143875.1,157741.80000000002,-13866.700000000012,1.0963725038418473,137656.8,0.8726661375352788,72862.99999999999,45005.8,-138.33122394187131,0.0,0.0,1994-08-16,6.722300224047797
6998,9833,940521,97632.0,12,8136.0,A,1994-05-21,12,20,POPLATEK MESICNE,930724,1993-07-24,11794,12102,685907,21,1968-09-07,F,Strakonice,south Bohemia,70646,94,14,3,1,4,58.4,8547,2.65,3.64,120,1563.0,1542,301,25.700205338809035,True,0.0,0,1685,False,True,False,True,False,True,True,97632.0,12.0,8136.0,0.08333333333333333,301.0,25.700205338809035,1.0,8547.0,2.65,1563.0,120.0,0.0,65.0,8.0,73409.1,69696.6,3712.5,0.949414317648389,49114.6,0.7046813663598172,69337.675,41500.6,771.3279556124628,0.0,0.0,1994-06-19,5.1008603736479845,17.0,122466.0,126534.2,-4068.199999999997,1.0332105791764312,85370.2,0.6746755053139364,64291.652941176464,37261.9,-235.00624953930082,0.0,0.0,1994-07-19,4.579879547689282,25.0,171460.3,169730.8,1729.5,0.989907343522999,107984.8,0.63620841822216,59281.27200000001,27361.9,-259.455286021918,0.0,0.0,1994-08-18,3.363065388397247
6580,7769,940522,196080.0,48,4085.0,A,1994-05-22,48,23,POPLATEK MESICNE,931003,1993-10-03,9303,9611,580527,23,1958-05-27,M,Cheb,west Bohemia,87419,21,11,4,3,9,85.5,8624,1.79,2.66,102,2879.0,3198,231,35.98631074606434,True,0.0,0,1684,False,True,False,True,False,True,True,196080.0,48.0,4085.0,0.020833333333333332,231.0,35.98631074606434,0.0,8624.0,1.79,2879.0,102.0,0.0,47.0,16.0,120260.9,145324.6,-25063.70000000001,1.2084009981548605,141239.6,0.9718838250108721,76397.3125,26193.7,-2325.0185575364662,0.0,0.0,1994-06-20,6.412166462668299,26.0,267617.6,262624.2,4993.399999999965,0.9813376200308949,254454.2,0.9688872202667528,84373.81153846152,26193.7,75.58647015522497,0.0,0.0,1994-07-12,6.412166462668299,30.0,267997.5,300023.80000000005,-32026.300000000047,1.1194980568921096,287768.8,0.9591500435963959,80831.59333333332,26193.7,-282.7112836256018,0.0,0.0,1994-08-12,6.412166462668299
6316,6473,940526,76908.0,12,6409.0,B,1994-05-26,12,12,POPLATEK MESICNE,930126,1993-01-26,7815,7815,465119,4,1946-01-19,F,Pribram,central Bohemia,107870,84,29,6,1,6,58.0,8754,3.83,4.31,137,3804.0,3868,485,48.34770704996578,True,1.0,1,1680,False,True,False,True,False,True,True,76908.0,12.0,6409.0,0.08333333333333333,485.0,48.34770704996578,1.0,8754.0,3.83,3804.0,137.0,0.0,102.0,4.0,9784.4,15005.6,-5221.200000000001,1.5334682281766714,15005.6,0.9999333626537656,9891.550000000001,-32.6,-312.970895522388,1.0,0.0,1994-06-20,-0.00508659697300671,11.0,104065.70000000001,41029.0,63036.70000000001,0.3942567603277513,34620.2,0.8437777236168656,40040.6,-32.6,1108.8048233385716,1.0,0.0,1994-07-22,-0.00508659697300671,18.0,104319.40000000001,109529.4,-5209.999999999985,1.0499327073132387,96711.79999999999,0.8829676509900447,40574.038888888885,-32.6,277.1165412491858,1.0,0.0,1994-08-24,-0.00508659697300671
6512,7454,940526,63312.0,48,1319.0,A,1994-05-26,48,4,POPLATEK MESICNE,930419,1993-04-19,8928,9236,565507,31,1956-05-07,F,Kladno,central Bohemia,149893,63,29,6,2,6,67.4,9753,4.64,5.05,109,5244.0,5892,402,38.050650239561946,True,0.0,0,1680,False,True,False,True,False,True,True,63312.0,48.0,1319.0,0.020833333333333332,402.0,38.050650239561946,1.0,9753.0,4.64,5244.0,109.0,0.0,82.0,9.0,6365.9,8210.6,-1844.7000000000007,1.2895757747098275,4114.6,0.50107165473233,28230.755555555555,24789.8,-27.94495699765448,0.0,0.0,1994-06-18,18.794389689158454,16.0,10648.099999999999,16021.2,-5373.100000000002,1.5044651660703725,7829.200000000001,0.4886470022843305,27446.699999999997,23180.4,-59.53889379572377,0.0,0.0,1994-07-13,17.574222896133435,23.0,14917.399999999998,20931.800000000003,-6014.400000000005,1.4030861218361221,8643.8,0.4129309026981578,26159.556521739127,20963.0,-80.88121538152657,0.0,0.0,1994-08-12,15.893100833965125
6407,6930,940526,25944.0,24,1081.0,A,1994-05-26,24,41,POPLATEK MESICNE,930908,1993-09-08,8366,8366,605521,41,1960-05-21,F,Usti nad Labem,north Bohemia,118650,8,8,5,1,3,85.6,9832,3.32,4.48,114,6445.0,5471,260,34.012320328542096,True,0.0,0,1680,False,True,False,True,False,True,True,25944.0,24.0,1081.0,0.041666666666666664,260.0,34.012320328542096,1.0,9832.0,3.32,6445.0,114.0,0.0,37.0,6.0,36559.2,27095.6,9463.599999999999,0.7411228603782255,26014.6,0.9600687909184178,72507.51666666666,48454.0,743.6283960396038,0.0,0.0,1994-06-24,44.82331174838113,12.0,61060.399999999994,67431.2,-6370.800000000003,1.10431794881873,65269.2,0.9679233363289348,64780.641666666656,39916.1,-309.43160248930394,0.0,0.0,1994-07-12,36.925161887141535,17.0,85512.0,88326.8,-2814.800000000003,1.032904938430414,85083.79999999999,0.9632731710741124,63626.3411764706,39916.1,-135.32766240713224,0.0,0.0,1994-08-12,36.925161887141535
5002,173,940531,104808.0,12,8734.0,A,1994-05-31,12,66,POPLATEK MESICNE,931126,1993-11-26,210,210,391130,66,1939-11-30,M,Zdar nad Sazavou,south Moravia,125832,151,41,2,3,5,48.3,8512,3.51,4.12,102,2247.0,2103,186,54.49965776865161,True,0.0,0,1675,False,True,False,True,False,True,True,104808.0,12.0,8734.0,0.08333333333333333,186.0,54.49965776865161,0.0,8512.0,3.51,2247.0,102.0,0.0,30.0,11.0,26250.3,24971.2,1279.0999999999985,0.9512367006586341,7629.200000000001,0.3055077245897438,36231.53636363636,28145.3,-193.42714484195906,0.0,0.0,1994-06-30,3.222498282573849,18.0,43563.3,45713.2,-2149.899999999994,1.0493270866282711,11029.2,0.2412642023703795,35657.18888888889,25865.5,-112.42721590651757,0.0,0.0,1994-07-24,2.9614724066865126,27.0,60996.5,63869.8,-2873.300000000003,1.0470888151153737,11843.800000000001,0.18543371932087904,33940.88888888889,25142.0,-110.163515744976,0.0,0.0,1994-08-23,2.8786352186855964
6647,8051,940601,208320.0,48,4340.0,A,1994-06-01,48,1,POPLATEK TYDNE,930207,1993-02-07,9637,9945,685414,31,1968-04-14,F,Hl.m. Praha,Prague,1204953,0,0,0,1,1,100.0,12541,0.29,0.43,167,85677.0,99107,479,26.130047912388775,True,0.0,0,1674,False,True,False,True,False,True,True,208320.0,48.0,4340.0,0.020833333333333332,479.0,26.130047912388775,1.0,12541.0,0.29,85677.0,167.0,0.0,85.0,9.0,39263.4,44413.0,-5149.5999999999985,1.1311264147675757,40073.0,0.9022605484757058,49689.3,34583.1,-684.5164246105096,0.0,0.0,1994-06-30,7.968456221198156,15.0,65525.3,65583.0,-57.69999999999709,1.0008653014133255,56903.0,0.8676353988777751,49152.026666666665,33033.5,-117.1678635547576,0.0,0.0,1994-07-31,7.611405529953917,19.0,91565.3,101206.0,-9640.699999999997,1.1052756308816671,88186.0,0.8713428913019851,47873.473684210534,33033.5,-137.56207917660925,0.0,0.0,1994-08-12,7.611405529953917
7137,10439,940603,151560.0,24,6315.0,A,1994-06-03,24,66,POPLATEK MESICNE,931121,1993-11-21,12535,12843,530505,66,1953-05-05,M,Zdar nad Sazavou,south Moravia,125832,151,41,2,3,5,48.3,8512,3.51,4.12,102,2247.0,2103,194,41.07871321013005,True,0.0,0,1672,False,True,False,True,False,True,True,151560.0,24.0,6315.0,0.041666666666666664,194.0,41.07871321013005,0.0,8512.0,3.51,2247.0,102.0,0.0,28.0,7.0,56996.7,43213.6,13783.099999999999,0.7581639259128,26764.6,0.619341611399851,40833.31428571429,11189.2,-287.93709394205433,0.0,0.0,1994-06-30,1.7718448139350753,13.0,95078.4,75177.20000000001,19901.199999999983,0.790678106929577,42279.2,0.5623864364935578,42594.29230769231,11189.2,24.641788190294132,0.0,0.0,1994-07-31,1.7718448139350753,19.0,133183.5,107140.80000000002,26042.699999999983,0.8044539717459616,57793.799999999996,0.5394141222193392,45177.56842105263,11189.2,112.22723887355373,0.0,0.0,1994-08-31,1.7718448139350753
6903,9337,940604,52128.0,24,2172.0,A,1994-06-04,24,30,POPLATEK MESICNE,930913,1993-09-13,11189,11497,595717,11,1959-07-17,F,Sokolov,west Bohemia,94812,15,13,8,2,10,81.8,9650,3.38,3.67,100,2985.0,2804,264,34.8829568788501,True,0.0,0,1671,False,True,False,True,False,True,True,52128.0,24.0,2172.0,0.041666666666666664,264.0,34.8829568788501,1.0,9650.0,3.38,2985.0,100.0,0.0,71.0,6.0,474.9,19086.6,-18611.699999999997,40.106324858163475,16914.6,0.886156457595507,40370.38333333334,39772.8,-42.89344827586227,0.0,0.0,1994-06-30,18.311602209944752,13.0,855.0,32319.199999999997,-31464.199999999997,37.756074766355134,27975.199999999997,0.8655639507181268,34209.34615384615,27015.1,-323.0936178188132,0.0,0.0,1994-07-31,12.437891344383056,19.0,1136.1999999999998,36305.799999999996,-35169.6,31.925606753429477,29789.799999999996,0.8205019445393149,30956.531578947368,23408.6,-247.51597596672318,0.0,0.0,1994-08-31,10.77744014732965
5918,4576,940604,300204.0,36,8339.0,A,1994-06-04,36,27,POPLATEK MESICNE,930605,1993-06-05,5517,5517,640313,57,1964-03-13,M,Plzen - jih,west Bohemia,67298,71,19,10,0,7,43.8,8561,0.65,1.29,110,1029.0,1127,364,30.2258726899384,True,0.0,0,1671,False,True,False,True,False,True,True,300204.0,36.0,8339.0,0.027777777777777776,364.0,30.2258726899384,0.0,8561.0,0.65,1029.0,110.0,0.0,71.0,7.0,28539.8,28053.6,486.2000000000007,0.982929700639085,19714.6,0.702722548173918,43865.771428571425,34419.0,-1225.0075794621032,0.0,0.0,1994-06-30,4.127473318143663,14.0,47609.9,51607.2,-3997.2999999999956,1.0839366615627932,34929.2,0.6768149247600187,40107.84285714285,29319.0,-350.37432762836204,0.0,0.0,1994-08-01,3.515889195347164,20.0,66673.59999999999,64420.799999999996,2252.7999999999956,0.966197022554316,39403.799999999996,0.6116531981410019,39792.049999999996,29319.0,-142.69560938083336,0.0,0.0,1994-08-31,3.515889195347164
6642,8027,940605,77640.0,12,6470.0,A,1994-06-05,12,44,POPLATEK TYDNE,930707,1993-07-07,9607,9915,670710,27,1967-07-10,M,Chrudim,east Bohemia,105606,77,26,7,2,7,53.0,8254,2.79,3.76,97,2166.0,2325,333,26.90485968514716,True,0.0,0,1670,False,True,False,True,False,True,True,77640.0,12.0,6470.0,0.08333333333333333,333.0,26.90485968514716,0.0,8254.0,2.79,2166.0,97.0,0.0,60.0,6.0,58526.1,37829.7,20696.4,0.6463621125939949,31360.0,0.8289563766993474,74014.34999999999,51522.3,-926.471651785714,0.0,0.0,1994-07-02,7.963261205564143,13.0,97680.5,74610.4,23070.100000000006,0.7638130045095539,61671.0,0.826562696853296,76040.70769230768,51522.3,-172.05919861804796,0.0,0.0,1994-08-01,7.963261205564143,18.0,136853.5,109310.09999999999,27543.40000000001,0.7987322302153016,89901.0,0.8224324885578866,76158.63333333333,51522.3,-99.71214315070657,0.0,0.0,1994-08-31,7.963261205564143
6210,5927,940606,87216.0,48,1817.0,B,1994-06-06,48,15,POPLATEK MESICNE,931126,1993-11-26,7166,7166,640513,15,1964-05-13,M,Cesky Krumlov,south Bohemia,58796,22,16,7,1,5,51.9,9045,3.13,3.6,124,1845.0,1879,192,30.064339493497606,True,1.0,1,1669,False,True,False,True,False,True,True,87216.0,48.0,1817.0,0.020833333333333332,192.0,30.064339493497606,0.0,9045.0,3.13,1845.0,124.0,0.0,33.0,7.0,16584.0,7831.900000000001,8752.099999999999,0.4722279167922822,6014.6,0.767863754165124,28663.371428571427,16091.3,289.20574308485703,0.0,0.0,1994-06-30,8.855971381397909,15.0,27697.5,22859.8,4837.700000000001,0.8253082296875281,19225.199999999997,0.8409679451287793,26751.24,16091.3,-12.7787959274015,0.0,0.0,1994-07-31,8.855971381397909,22.0,38830.4,32991.7,5838.700000000004,0.8496139721977574,27539.8,0.8347240450160187,27825.886363636368,16091.3,33.24907029678255,0.0,0.0,1994-08-31,8.855971381397909
6279,6273,940607,87360.0,24,3640.0,A,1994-06-07,24,38,POPLATEK MESICNE,930721,1993-07-21,7576,7576,620710,38,1962-07-10,M,Louny,north Bohemia,85852,41,23,4,2,4,59.8,8965,7.08,8.23,104,2653.0,2822,321,31.90965092402464,True,0.0,0,1668,False,True,False,True,False,True,True,87360.0,24.0,3640.0,0.041666666666666664,321.0,31.90965092402464,0.0,8965.0,7.08,2653.0,104.0,0.0,30.0,4.0,111.1,4854.1,-4743.0,43.301516503122215,1214.6,0.2501699244093839,24570.300000000003,24218.4,-39.16363636363641,0.0,0.0,1994-06-30,6.653406593406594,9.0,37027.7,8508.2,28519.499999999996,0.22977312192974642,1229.1999999999998,0.144455412964791,34914.955555555556,20675.4,702.51356450345,0.0,0.0,1994-07-31,5.680054945054946,14.0,37220.899999999994,30262.299999999996,6958.5999999999985,0.8130240530440412,19343.8,0.6391834333995302,36756.81428571429,20675.4,249.5541725427678,0.0,0.0,1994-08-31,5.680054945054946
7249,11065,940612,69360.0,48,1445.0,A,1994-06-12,48,11,POPLATEK MESICNE,930319,1993-03-19,13295,13603,410728,46,1941-07-28,M,Praha - zapad,central Bohemia,75637,35,36,9,0,7,36.5,9622,0.45,0.59,154,3475.0,3529,450,52.87337440109514,True,0.0,0,1663,False,True,False,True,False,True,True,69360.0,48.0,1445.0,0.020833333333333332,450.0,52.87337440109514,0.0,9622.0,0.45,3475.0,154.0,0.0,78.0,9.0,12007.4,17004.6,-4997.199999999999,1.4160587588687918,14114.6,0.8299971774003858,34972.37777777777,30520.0,58.394118942731374,0.0,0.0,1994-07-12,21.121107266435985,14.0,23998.9,28319.199999999997,-4320.299999999996,1.1799715832149298,25429.2,0.8979173875890708,34314.47142857143,29767.8,-8.444907379103794,0.0,0.0,1994-08-11,20.60055363321799,20.0,35984.600000000006,37078.799999999996,-1094.1999999999898,1.030378818193944,32743.8,0.8830630154423703,34134.490000000005,29767.8,-2.950605541115968,0.0,0.0,1994-09-10,20.60055363321799
6736,8558,940614,288360.0,60,4806.0,C,1994-06-14,60,1,POPLATEK PO OBRATU,940227,1994-02-27,10247,10555,351215,1,1935-12-15,M,Hl.m. Praha,Prague,1204953,0,0,0,1,1,100.0,12541,0.29,0.43,167,85677.0,99107,107,58.496919917864474,False,,0,1661,False,True,False,True,False,True,True,288360.0,60.0,4806.0,0.016666666666666666,107.0,58.496919917864474,0.0,12541.0,0.29,85677.0,167.0,0.0,10.0,11.0,94887.2,114374.5,-19487.300000000003,1.2053606243979758,109568.0,0.9579673968638388,50358.463636363645,23963.0,-2398.1499718626897,0.0,0.0,1994-07-12,4.986059092800666,19.0,158956.6,164181.0,-5224.399999999994,1.032860335083066,154568.0,0.9414430327319682,52256.33157894737,23963.0,-217.86996083185676,0.0,0.0,1994-08-12,4.986059092800666,25.0,159172.3,187132.5,-27960.20000000001,1.1756525748979259,172713.0,0.9229400401317776,44430.544,15490.1,-508.8305301876615,0.0,0.0,1994-09-12,3.223075322513525
6112,5442,940617,174744.0,24,7281.0,B,1994-06-17,24,34,POPLATEK MESICNE,930322,1993-03-22,6567,6567,786121,5,1978-11-21,F,Chomutov,north Bohemia,125236,28,11,1,4,5,87.7,9675,6.43,7.68,100,5323.0,5190,452,15.570157426420261,True,1.0,1,1658,False,True,False,True,False,True,True,174744.0,24.0,7281.0,0.041666666666666664,452.0,15.570157426420261,1.0,9675.0,6.43,5323.0,100.0,1.0,118.0,7.0,12025.3,11212.8,812.5,0.9323565851508776,15.799999999999999,0.0014089782232606252,2845.1142857142854,-4256.6,-405.99767171129224,1.0,1.0,1994-07-15,-0.5846174975964841,15.0,25156.0,22427.1,2728.9000000000015,0.891485471240609,33.1,0.0014758271989156462,6379.12,-4256.6,106.17877779723344,1.0,1.0,1994-08-14,-0.5846174975964841,23.0,45451.9,40920.0,4531.9000000000015,0.9002725898677532,47.7,0.001165660663229149,9945.217391304346,-4256.6,168.57174248440157,1.0,1.0,1994-09-13,-0.5846174975964841
5319,1811,940623,239460.0,60,3991.0,C,1994-06-23,60,40,POPLATEK MESICNE,930922,1993-09-22,2195,2195,425913,68,1942-09-13,F,Teplice,north Bohemia,128118,9,16,6,3,8,85.3,9317,6.49,7.07,97,6949.0,6872,274,51.775496235455165,False,,0,1652,False,True,False,True,False,True,True,239460.0,60.0,3991.0,0.016666666666666666,274.0,51.775496235455165,1.0,9317.0,6.49,6949.0,97.0,0.0,46.0,8.0,24079.4,27956.4,-3877.0,1.160960781382369,13014.6,0.46551539127386665,30421.775,17218.6,-224.819134827913,0.0,0.0,1994-07-19,4.314357303933851,15.0,48161.5,49912.8,-1751.300000000003,1.0363415520373735,20029.2,0.40127579947830055,30296.86,17218.6,-30.71864302099879,0.0,0.0,1994-08-18,4.314357303933851,22.0,72247.1,70469.2,1777.9000000000087,0.9753778992111902,25643.8,0.3638956608609029,30992.54545454546,17218.6,22.10857744740002,0.0,0.0,1994-09-17,4.314357303933851
6596,7844,940625,91584.0,24,3816.0,A,1994-06-25,24,1,POPLATEK MESICNE,931126,1993-11-26,9394,9702,516116,33,1951-11-16,F,Hl.m. Praha,Prague,1204953,0,0,0,1,1,100.0,12541,0.29,0.43,167,85677.0,99107,211,42.60643394934976,True,0.0,0,1650,False,True,False,True,False,True,True,91584.0,24.0,3816.0,0.041666666666666664,211.0,42.60643394934976,1.0,12541.0,0.29,85677.0,167.0,0.0,31.0,7.0,32214.7,35030.6,-2815.899999999998,1.087376651756752,31214.6,0.8910412313454138,60287.07142857143,47027.0,196.28106103822032,0.0,0.0,1994-07-24,12.323637316561845,13.0,64386.600000000006,72894.2,-8507.599999999991,1.1321155005000962,65262.2,0.8952880299388711,51020.66153846154,27794.0,-374.30589654090517,0.0,0.0,1994-08-23,7.283542976939203,18.0,96497.8,97724.8,-1227.0,1.012704821199849,86276.79999999999,0.8828456763720531,52107.62222222222,27794.0,-49.66957113507961,0.0,0.0,1994-09-22,7.283542976939203
5837,4260,940629,244560.0,60,4076.0,C,1994-06-29,60,56,POPLATEK MESICNE,931014,1993-10-14,5134,5134,675719,58,1967-07-19,F,Breclav,south Moravia,124605,11,42,14,1,8,46.0,8772,4.69,4.98,126,2854.0,3158,258,26.94592744695414,False,,0,1646,False,True,False,True,False,True,True,244560.0,60.0,4076.0,0.016666666666666666,258.0,26.94592744695414,1.0,8772.0,4.69,2854.0,126.0,0.0,42.0,6.0,24555.8,21696.1,2859.7000000000007,0.8835068087047172,5614.6,0.2587719096100401,29169.816666666666,21414.3,524.0532203389831,0.0,0.0,1994-07-12,5.253753680078508,12.0,49108.1,41992.2,7115.9000000000015,0.8550798120918526,9829.2,0.2340664679043274,30831.200000000008,21414.3,151.6213555632251,0.0,0.0,1994-08-12,5.253753680078508,18.0,73675.7,70688.29999999999,2987.4000000000087,0.9594390085332268,22443.800000000003,0.3174992537767386,31842.494444444445,21414.3,88.04197102919628,0.0,0.0,1994-09-12,5.253753680078508
5657,3354,940705,4980.0,12,415.0,A,1994-07-05,12,63,POPLATEK MESICNE,931105,1993-11-05,4056,4056,525726,63,1952-07-26,F,Vyskov,south Moravia,86513,38,36,5,1,5,50.5,8288,3.79,4.52,110,1562.0,1460,242,41.94113620807666,True,0.0,0,1640,False,True,False,True,False,True,True,4980.0,12.0,415.0,0.08333333333333333,242.0,41.94113620807666,1.0,8288.0,3.79,1562.0,110.0,0.0,46.0,8.0,10761.5,5162.6,5598.9,0.47968408826945413,14.6,0.0028274847005964826,26037.3375,19307.3,161.6362626865672,0.0,0.0,1994-08-02,46.52361445783132,17.0,21232.1,15225.2,6006.899999999998,0.7170502658584946,4929.200000000001,0.3237314628732054,27527.87058823529,19307.3,88.97943657219975,0.0,0.0,1994-09-01,46.52361445783132,25.0,31718.899999999998,21087.8,10631.099999999999,0.6648129407721967,5643.800000000001,0.26762072759000044,28936.124,19307.3,97.22652551693797,0.0,0.0,1994-10-01,46.52361445783132
5533,2762,940705,111384.0,24,4641.0,A,1994-07-05,24,19,POPLATEK MESICNE,930320,1993-03-20,3335,3335,670210,11,1967-02-10,M,Prachatice,south Bohemia,51428,50,11,3,1,4,52.7,8402,3.13,3.98,120,999.0,1099,472,27.397672826830938,True,0.0,0,1640,False,True,False,True,False,True,True,111384.0,24.0,4641.0,0.041666666666666664,472.0,27.397672826830938,0.0,8402.0,3.13,999.0,120.0,0.0,152.0,13.0,155475.4,114480.6,40994.79999999999,0.7363213966878576,102214.6,0.8928474095400484,100312.13076923076,50006.9,1955.3135048231516,0.0,0.0,1994-07-31,10.775026933850464,23.0,251099.1,225561.2,25537.899999999994,0.898291956076481,201029.2,0.8912362089037968,88447.4565217391,48914.7,-511.4796580305038,0.0,0.0,1994-08-31,10.539689722042663,33.0,332527.69999999995,329241.8,3285.899999999965,0.9901154396597949,292443.8,0.8882314207022902,82440.30606060605,40805.8,-493.2947809011417,0.0,0.0,1994-09-30,8.792458521870287
6232,6051,940708,276660.0,36,7685.0,B,1994-07-08,36,56,POPLATEK MESICNE,930828,1993-08-28,7311,7311,490518,56,1949-05-18,M,Breclav,south Moravia,124605,11,42,14,1,8,46.0,8772,4.69,4.98,126,2854.0,3158,314,45.138945927446954,True,1.0,1,1637,False,True,False,True,False,True,True,276660.0,36.0,7685.0,0.027777777777777776,314.0,45.138945927446954,0.0,8772.0,4.69,2854.0,126.0,0.0,58.0,6.0,12053.3,10699.6,1353.699999999999,0.8876168670101127,3014.6,0.2817225202325103,17799.600000000002,12098.2,297.90098522167494,0.0,0.0,1994-08-07,1.5742615484710476,11.0,19628.0,19359.199999999997,268.8000000000029,0.9862550308217432,3989.2,0.2060515903761325,18481.118181818187,12098.2,112.8326876513317,0.0,0.0,1994-09-02,1.5742615484710476,19.0,36486.0,38318.799999999996,-1832.7999999999956,1.050204182311508,15263.8,0.39832671360497707,18879.13684210527,9594.1,48.8835571545781,0.0,0.0,1994-10-03,1.2484189980481457
6888,9265,940711,39576.0,12,3298.0,A,1994-07-11,12,1,POPLATEK MESICNE,930204,1993-02-04,11101,11409,805502,32,1980-05-02,F,Hl.m. Praha,Prague,1204953,0,0,0,1,1,100.0,12541,0.29,0.43,167,85677.0,99107,522,14.190280629705681,True,0.0,0,1634,False,True,False,True,False,True,True,39576.0,12.0,3298.0,0.08333333333333333,522.0,14.190280629705681,1.0,12541.0,0.29,85677.0,167.0,0.0,115.0,9.0,27601.9,17222.9,10379.0,0.6239525557097262,414.6,0.02407120338599272,31928.866666666665,16585.7,624.409345379147,0.0,0.0,1994-08-09,5.02901758641601,17.0,47522.0,39645.8,7876.199999999997,0.8342444710982051,6029.200000000001,0.15207280284915808,34619.99999999999,16585.7,287.90365114646704,0.0,0.0,1994-09-05,5.02901758641601,24.0,50574.600000000006,56468.700000000004,-5894.0999999999985,1.1165206146837605,6043.800000000001,0.10702730845037252,32018.074999999997,16585.7,-39.68667413213884,0.0,0.0,1994-10-05,5.02901758641601
6066,5228,940711,173808.0,24,7242.0,A,1994-07-11,24,77,POPLATEK PO OBRATU,930623,1993-06-23,6317,6317,575127,77,1957-01-27,F,Vsetin,north Moravia,148545,8,35,12,3,4,53.5,8909,4.01,5.56,113,3460.0,3590,383,37.451060917180016,True,0.0,0,1634,False,True,False,True,False,True,True,173808.0,24.0,7242.0,0.041666666666666664,383.0,37.451060917180016,1.0,8909.0,4.01,3460.0,113.0,0.0,75.0,8.0,49963.2,55570.0,-5606.800000000003,1.112196332574123,48328.0,0.8696622338989761,61962.75,39144.1,-1194.6475319230033,0.0,0.0,1994-08-05,5.405150510908588,15.0,99918.79999999999,117507.0,-17588.20000000001,1.1760131625563703,103023.0,0.8767317969840351,67833.64666666665,39144.1,209.5246452425394,0.0,0.0,1994-09-08,5.405150510908588,21.0,149831.4,156149.0,-6317.600000000006,1.0421577709494074,134423.0,0.860858149215498,63775.747619047615,38301.7,-89.42691188467985,0.0,0.0,1994-10-05,5.288829052747859
5549,2824,940716,50460.0,60,841.0,C,1994-07-16,60,11,POPLATEK MESICNE,931020,1993-10-20,3414,3414,476017,11,1947-10-17,F,Praha - zapad,central Bohemia,75637,35,36,9,0,7,36.5,9622,0.45,0.59,154,3475.0,3529,269,46.7460643394935,False,,0,1629,False,True,False,True,False,True,True,50460.0,60.0,841.0,0.016666666666666666,269.0,46.7460643394935,1.0,9622.0,0.45,3475.0,154.0,0.0,43.0,7.0,15432.4,20784.6,-5352.199999999999,1.3467285238508688,12654.6,0.6088157185743978,35000.54285714286,29023.7,208.03933800127294,0.0,0.0,1994-08-12,34.510939357907255,13.0,30852.9,35929.2,-5076.299999999996,1.1644946019790041,19669.199999999997,0.5474280688668585,34702.3923076923,29023.7,59.42869608231103,0.0,0.0,1994-09-12,34.510939357907255,19.0,46275.0,47273.799999999996,-998.7999999999956,1.0215619327513181,22883.799999999996,0.4840591604829634,35880.06842105263,29023.7,86.66852675002399,0.0,0.0,1994-10-12,34.510939357907255
5060,426,940719,252060.0,60,4201.0,D,1994-07-19,60,1,POPLATEK MESICNE,931129,1993-11-29,512,512,655803,60,1965-08-03,F,Hl.m. Praha,Prague,1204953,0,0,0,1,1,100.0,12541,0.29,0.43,167,85677.0,99107,232,28.958247775496236,False,,1,1626,False,True,False,True,False,True,True,252060.0,60.0,4201.0,0.016666666666666666,232.0,28.958247775496236,1.0,12541.0,0.29,85677.0,167.0,0.0,61.0,8.0,12897.8,42398.799999999996,-29500.999999999996,3.2870344528173163,29814.6,0.703177845178515,53567.25,40595.6,-804.9312602291327,0.0,0.0,1994-08-13,9.663318257557725,18.0,51746.5,77431.59999999999,-25685.09999999999,1.4963350886516256,52263.2,0.6749508604902845,49692.76111111111,33744.5,-294.90896533750333,0.0,0.0,1994-09-16,8.032492263746727,27.0,85164.40000000001,115595.40000000001,-30431.0,1.3573047270370362,77842.8,0.6734015938212609,47173.025925925926,27546.5,-173.02461404445805,0.0,0.0,1994-10-13,6.5571292549393005
6004,4937,940723,143904.0,24,5996.0,A,1994-07-23,24,12,POPLATEK MESICNE,930220,1993-02-20,5965,5965,510410,50,1951-04-10,M,Pribram,central Bohemia,107870,84,29,6,1,6,58.0,8754,3.83,4.31,137,3804.0,3868,518,43.285420944558524,True,0.0,0,1622,False,True,False,True,False,True,True,143904.0,24.0,5996.0,0.041666666666666664,518.0,43.285420944558524,0.0,8754.0,3.83,3804.0,137.0,0.0,139.0,10.0,103041.1,33197.8,69843.3,0.32217705190402757,23714.6,0.7143209995542007,78649.09,58984.5,1330.2439049947607,0.0,0.0,1994-08-22,9.837308205470313,16.0,103363.70000000001,75295.6,28068.100000000006,0.7284459781724322,56329.2,0.7480975236597668,83947.41875,58984.5,512.5558165779007,0.0,0.0,1994-09-13,9.837308205470313,26.0,166964.0,119146.4,47817.600000000006,0.7136010541131375,90696.79999999999,0.7612150999518243,78980.94999999998,46147.9,-88.98631253662957,0.0,0.0,1994-10-20,7.696447631754503
5126,790,940724,208128.0,48,4336.0,B,1994-07-24,48,54,POPLATEK MESICNE,930511,1993-05-11,946,946,510806,54,1951-08-06,M,Brno - mesto,south Moravia,387570,0,0,0,1,1,100.0,9897,1.6,1.96,140,18721.0,18696,439,42.965092402464066,True,1.0,1,1621,False,True,False,True,False,True,True,208128.0,48.0,4336.0,0.020833333333333332,439.0,42.965092402464066,0.0,9897.0,1.6,18721.0,140.0,1.0,64.0,4.0,238.6,31250.399999999998,-31011.8,130.42737896494157,26914.6,0.8612286169579603,67168.275,50462.7,-2603.6000000000004,0.0,0.0,1994-08-12,11.638076568265681,11.0,8230.9,62204.8,-53973.9,7.556554379912293,53533.2,0.8605821322127518,53418.57272727272,27500.6,-896.052894268423,0.0,0.0,1994-09-12,6.342389298892988,17.0,31513.0,78064.2,-46551.2,2.477127625817097,65056.799999999996,0.8333649308526718,45681.794117647056,24002.2,-562.4715878408286,0.0,0.0,1994-10-13,5.535562730627307
7220,10911,940728,131292.0,36,3647.0,A,1994-07-28,36,1,POPLATEK TYDNE,930529,1993-05-29,13104,13412,540320,1,1954-03-20,M,Hl.m. Praha,Prague,1204953,0,0,0,1,1,100.0,12541,0.29,0.43,167,85677.0,99107,425,40.355920602327174,True,0.0,0,1617,False,True,False,True,False,True,True,131292.0,36.0,3647.0,0.027777777777777776,425.0,40.355920602327174,0.0,12541.0,0.29,85677.0,167.0,0.0,83.0,7.0,22007.1,26489.0,-4481.9000000000015,1.2036023100585693,15530.0,0.5862589656474141,28561.014285714282,20861.3,494.2671149144255,0.0,0.0,1994-08-22,5.72012613106663,14.0,44000.899999999994,51078.0,-7077.100000000006,1.1608135103256907,29160.0,0.5708804009475519,31128.98571428571,20861.3,152.8570358306188,0.0,0.0,1994-09-25,5.72012613106663,20.0,66009.9,66767.0,-757.1000000000058,1.0114541689327066,33890.0,0.5075784807093219,31786.019999999997,20861.3,96.5729226741203,0.0,0.0,1994-10-21,5.72012613106663
6668,8129,940730,74736.0,36,2076.0,A,1994-07-30,36,45,POPLATEK MESICNE,930626,1993-06-26,9735,10043,651029,45,1965-10-29,M,Jicin,east Bohemia,77917,85,19,6,1,5,53.5,8390,2.28,2.89,132,2080.0,2122,399,28.750171115674195,True,0.0,0,1615,False,True,False,True,False,True,True,74736.0,36.0,2076.0,0.027777777777777776,399.0,28.750171115674195,0.0,8390.0,2.28,2080.0,132.0,0.0,67.0,7.0,20757.9,19594.6,1163.300000000003,0.9439132131278631,11334.6,0.578425769050195,32471.37142857143,23795.0,149.02550637659417,0.0,0.0,1994-08-20,11.461946050096339,13.0,41517.600000000006,40569.2,948.4000000000087,0.9771331403274675,24049.2,0.5927799222089121,33239.59999999999,23795.0,68.29585613007625,0.0,0.0,1994-09-19,11.461946050096339,20.0,62281.90000000001,60823.799999999996,1458.100000000013,0.9765730240563619,36043.8,0.5925839460220175,32524.700000000004,21389.8,-10.659204333325233,0.0,0.0,1994-10-19,10.303371868978806
5395,2176,940730,299088.0,36,8308.0,B,1994-07-30,36,67,POPLATEK MESICNE,930606,1993-06-06,2635,2635,666210,67,1966-12-10,F,Bruntal,north Moravia,106054,38,25,6,2,6,63.1,8110,5.77,6.55,109,3244.0,3079,419,27.63586584531143,True,1.0,1,1615,False,True,False,True,False,True,True,299088.0,36.0,8308.0,0.027777777777777776,419.0,27.63586584531143,1.0,8110.0,5.77,3244.0,109.0,0.0,126.0,8.0,44183.7,14542.4,29641.299999999996,0.3291275034118145,14.6,0.00100389179971671,22029.075,6850.8,650.820939734423,0.0,0.0,1994-08-21,0.8246027924891671,20.0,145257.3,118072.8,27184.499999999985,0.8128471832590635,89017.2,0.7539115366829897,46524.25499999999,6850.8,1312.8516445643213,0.0,0.0,1994-09-22,0.8246027924891671,28.0,184591.0,166155.19999999998,18435.800000000017,0.9001213487041692,122571.79999999999,0.7376901975370164,48918.95,6850.8,603.1807485125837,0.0,0.0,1994-10-16,0.8246027924891671
6836,9093,940803,189300.0,60,3155.0,C,1994-08-03,60,47,POPLATEK MESICNE,930616,1993-06-16,10887,11195,531205,58,1953-12-05,M,Pardubice,east Bohemia,162580,83,26,5,1,6,72.8,9538,1.51,1.81,111,6079.0,5410,413,40.65982203969884,False,,0,1611,False,True,False,True,False,True,True,189300.0,60.0,3155.0,0.016666666666666666,413.0,40.65982203969884,0.0,9538.0,1.51,6079.0,111.0,0.0,102.0,9.0,19163.7,19437.6,-273.8999999999978,1.0142397219888648,12354.6,0.6355704628934183,31481.977777777778,24071.0,-649.5368533969012,0.0,0.0,1994-08-31,7.629477020602219,19.0,38334.8,35415.2,2919.600000000006,0.9238153371000474,21249.199999999997,0.5999853174535946,31673.56315789474,24071.0,-149.57755812301718,0.0,0.0,1994-09-30,7.629477020602219,28.0,57518.49999999999,51112.799999999996,6405.699999999997,0.8886169038326133,29863.799999999996,0.5842610019212032,32882.84642857143,24071.0,-18.892981039535854,0.0,0.0,1994-10-31,7.629477020602219
6064,5215,940804,14628.0,12,1219.0,A,1994-08-04,12,55,POPLATEK MESICNE,930701,1993-07-01,6301,6301,495308,55,1949-03-08,F,Brno - venkov,south Moravia,157042,49,70,18,0,9,33.9,8743,1.88,2.43,111,3659.0,3894,399,45.4072553045859,True,0.0,0,1610,False,True,False,True,False,True,True,14628.0,12.0,1219.0,0.08333333333333333,399.0,45.4072553045859,1.0,8743.0,1.88,3659.0,111.0,0.0,102.0,9.0,15650.6,13392.6,2258.0,0.8556697078892893,5614.6,0.41920021502807314,37354.64444444445,29213.8,39.032515182186295,0.0,0.0,1994-08-31,23.96538146021329,18.0,31308.1,29585.199999999997,1722.9000000000015,0.9449393307377087,14029.2,0.4741805301120118,38292.34444444444,29213.8,31.284769282840028,0.0,0.0,1994-09-30,23.96538146021329,28.0,46954.7,46637.799999999996,316.90000000000146,0.9932297889287136,23303.8,0.4996655145501171,38082.67857142857,29213.8,-5.126213869231358,0.0,0.0,1994-10-31,23.96538146021329
6919,9403,940805,120888.0,36,3358.0,A,1994-08-05,36,1,POPLATEK TYDNE,930327,1993-03-27,11266,11574,445420,1,1944-04-20,F,Hl.m. Praha,Prague,1204953,0,0,0,1,1,100.0,12541,0.29,0.43,167,85677.0,99107,496,50.29158110882957,True,0.0,0,1609,False,True,False,True,False,True,True,120888.0,36.0,3358.0,0.027777777777777776,496.0,50.29158110882957,1.0,12541.0,0.29,85677.0,167.0,0.0,96.0,5.0,175.2,13313.0,-13137.8,75.5561861520999,6730.0,0.5054829502779029,42147.04,38731.4,-392.19822097378284,0.0,0.0,1994-08-31,11.53406789755807,11.0,3492.2,31926.0,-28433.8,9.13947097217451,18760.0,0.5875904406928305,32819.67272727272,20293.5,-505.9014631043258,0.0,0.0,1994-09-30,6.043329362715903,16.0,12990.0,38539.0,-25549.0,2.9665922561773534,18790.0,0.4875454073689673,29858.0,16997.6,-275.2054917317355,0.0,0.0,1994-10-31,5.061822513400833
6841,9104,940807,172080.0,48,3585.0,A,1994-08-07,48,10,POPLATEK MESICNE,940121,1994-01-21,10900,11208,575305,10,1957-03-05,F,Praha - vychod,central Bohemia,92084,55,29,4,3,5,46.7,10124,0.56,0.54,141,3810.0,4316,198,37.42368240930869,True,0.0,0,1607,False,True,False,True,False,True,True,172080.0,48.0,3585.0,0.020833333333333332,198.0,37.42368240930869,1.0,10124.0,0.56,3810.0,141.0,0.0,42.0,6.0,43782.899999999994,38199.799999999996,5583.0999999999985,0.8724622521063679,34614.6,0.9061223848715211,67888.78333333334,54624.3,-162.76347188264086,0.0,0.0,1994-08-31,15.236903765690377,12.0,44051.99999999999,68279.6,-24227.600000000013,1.5499421151794432,61109.2,0.8949716317665631,53530.99166666667,33727.4,-877.1451948051947,0.0,0.0,1994-09-30,9.40792189679219,20.0,93293.0,98920.40000000001,-5627.400000000009,1.060308272772097,88164.8,0.8912611426850003,53169.54,33727.4,-238.2134062213282,0.0,0.0,1994-10-31,9.40792189679219
6038,5120,940810,323472.0,48,6739.0,A,1994-08-10,48,1,POPLATEK MESICNE,930621,1993-06-21,6178,6178,406015,1,1940-10-15,F,Hl.m. Praha,Prague,1204953,0,0,0,1,1,100.0,12541,0.29,0.43,167,85677.0,99107,415,53.817932922655714,True,0.0,0,1604,False,True,False,True,False,True,True,323472.0,48.0,6739.0,0.020833333333333332,415.0,53.817932922655714,1.0,12541.0,0.29,85677.0,167.0,0.0,57.0,9.0,11505.4,61922.299999999996,-50416.899999999994,5.381552874921782,52175.6,0.8425842937957119,42070.61111111111,18763.0,-797.2492721979622,0.0,0.0,1994-09-05,2.7842409853093932,14.0,17285.100000000002,71683.6,-54398.5,4.146892590000058,52190.2,0.7280531662309616,31978.60714285714,9016.3,-863.622565423409,0.0,0.0,1994-09-30,1.3379284760350199,19.0,24137.000000000004,81444.90000000001,-57307.90000000001,3.374136216753666,52204.799999999996,0.6409751749320713,26321.173684210524,5034.8,-551.1455693312134,0.0,0.0,1994-10-31,0.7471138151060989
6729,8519,940811,74688.0,12,6224.0,A,1994-08-11,12,23,POPLATEK MESICNE,930402,1993-04-02,10202,10510,455126,23,1945-01-26,F,Cheb,west Bohemia,87419,21,11,4,3,9,85.5,8624,1.79,2.66,102,2879.0,3198,496,49.53867214236824,True,0.0,0,1603,False,True,False,True,False,True,True,74688.0,12.0,6224.0,0.08333333333333333,496.0,49.53867214236824,1.0,8624.0,1.79,2879.0,102.0,0.0,112.0,7.0,37751.8,35549.899999999994,2201.9000000000087,0.9416493611069905,15614.6,0.439218135124568,48040.48571428571,31135.1,-1114.0279533300927,0.0,0.0,1994-09-06,5.002426092544987,14.0,75522.40000000001,73599.8,1922.6000000000058,0.9745297483958614,33729.2,0.4582721926935576,48253.65714285715,30855.8,-299.52987800857227,0.0,0.0,1994-10-06,4.957551413881748,23.0,113264.5,128949.70000000001,-15685.200000000012,1.1384728800914665,69143.79999999999,0.5362033707455639,45613.22173913044,13248.0,-244.12487577511155,0.0,0.0,1994-11-06,2.12853470437018
7198,10788,940823,45768.0,12,3814.0,A,1994-08-23,12,67,POPLATEK TYDNE,931122,1993-11-22,12952,13260,775527,72,1977-05-27,F,Bruntal,north Moravia,106054,38,25,6,2,6,63.1,8110,5.77,6.55,109,3244.0,3079,274,17.240246406570844,True,0.0,0,1591,False,True,False,True,False,True,True,45768.0,12.0,3814.0,0.08333333333333333,274.0,17.240246406570844,1.0,8110.0,5.77,3244.0,109.0,0.0,27.0,7.0,279.6,27893.7,-27614.100000000002,99.40734141126158,24080.0,0.8632464231556533,40997.05714285715,26813.4,-1300.1509975062343,0.0,0.0,1994-09-18,7.0302569480859995,13.0,6198.9,37037.4,-30838.5,5.973870546299135,29410.0,0.7940407792993217,33274.37692307692,17889.0,-562.1479351910411,0.0,0.0,1994-10-18,4.690351337178815,19.0,12190.3,48181.1,-35990.8,3.9520887846251016,36740.0,0.7625238418416799,27855.000000000007,12636.8,-424.08547742804893,0.0,0.0,1994-11-17,3.3132669113791295
6686,8260,940825,224604.0,36,6239.0,A,1994-08-25,36,31,POPLATEK MESICNE,930324,1993-03-24,9890,10198,760524,31,1976-05-24,M,Tachov,west Bohemia,51313,34,12,3,1,4,59.2,8930,3.52,4.2,108,1328.0,1452,519,18.253251197809718,True,0.0,0,1589,False,True,False,True,False,True,True,224604.0,36.0,6239.0,0.027777777777777776,519.0,18.253251197809718,0.0,8930.0,3.52,1328.0,108.0,0.0,93.0,6.0,37629.6,35053.8,2575.7999999999956,0.9315238130670254,28814.6,0.8219872884740462,53956.9,40467.4,195.61282549553036,0.0,0.0,1994-09-24,6.486199711492227,13.0,75260.7,73885.6,1375.0999999999913,0.981715799669686,61407.2,0.8311006325910245,52570.27692307691,38544.7,-24.877518241872068,0.0,0.0,1994-10-22,6.178025324571245,19.0,112905.8,113841.40000000001,-935.6000000000058,1.0082776236683708,95123.79999999999,0.8355744432654264,52206.96842105263,38544.7,-17.889354080324072,0.0,0.0,1994-11-14,6.178025324571245
5836,4259,940827,79632.0,24,3318.0,A,1994-08-27,24,66,POPLATEK MESICNE,940408,1994-04-08,5133,5133,595810,66,1959-08-10,F,Zdar nad Sazavou,south Moravia,125832,151,41,2,3,5,48.3,8512,3.51,4.12,102,2247.0,2103,141,35.04722792607803,True,0.0,0,1587,False,True,False,True,False,True,True,79632.0,24.0,3318.0,0.041666666666666664,141.0,35.04722792607803,1.0,8512.0,3.51,2247.0,102.0,0.0,16.0,7.0,44494.8,49003.6,-4508.799999999996,1.1013084380997755,33914.6,0.6920697240667203,74437.25714285714,50643.6,-474.82099999999946,0.0,0.0,1994-09-13,15.263291139240506,16.0,88930.9,101702.2,-12771.300000000003,1.143596392295678,71524.2,0.7032640074255284,73262.6125,48381.1,-77.66457238772357,0.0,0.0,1994-10-25,14.581404460518383,23.0,133350.2,144005.8,-10655.599999999977,1.0798987935616626,98738.79999999999,0.685653733018163,71166.7391304348,44496.8,-128.64747011207967,0.0,0.0,1994-11-13,13.410729355033153
7061,10105,940827,121896.0,24,5079.0,A,1994-08-27,24,55,POPLATEK MESICNE,930428,1993-04-28,12124,12432,650307,55,1965-03-07,M,Brno - venkov,south Moravia,157042,49,70,18,0,9,33.9,8743,1.88,2.43,111,3659.0,3894,486,29.472963723477072,True,0.0,0,1587,False,True,False,True,False,True,True,121896.0,24.0,5079.0,0.041666666666666664,486.0,29.472963723477072,0.0,8743.0,1.88,3659.0,111.0,0.0,93.0,8.0,89387.1,63963.6,25423.500000000007,0.7155717595518866,58884.6,0.9205810714051209,52228.587499999994,27112.7,2224.9810071630127,0.0,0.0,1994-09-20,5.338196495373105,15.0,104924.6,115397.2,-10472.599999999991,1.0998002394077326,105239.2,0.9119656979051667,51792.16666666665,27112.7,60.11380008474968,0.0,0.0,1994-10-26,5.338196495373105,22.0,115761.40000000001,129031.8,-13270.399999999994,1.114626165317927,113794.8,0.8819059959948168,43730.12272727274,18034.8,-332.07147712151914,0.0,0.0,1994-11-19,3.5508564678086234
5595,3050,940902,82896.0,12,6908.0,A,1994-09-02,12,60,POPLATEK MESICNE,930508,1993-05-08,3687,3687,720206,49,1972-02-06,M,Prostejov,south Moravia,110643,49,41,4,1,4,51.9,8441,3.45,4.48,115,1879.0,2252,482,22.570841889117045,True,0.0,0,1581,False,True,False,True,False,True,True,82896.0,12.0,6908.0,0.08333333333333333,482.0,22.570841889117045,0.0,8441.0,3.45,1879.0,115.0,0.0,126.0,10.0,41720.7,51676.1,-9955.400000000001,1.2385904697076102,34892.6,0.6752042974547721,68404.95999999999,38130.6,-1726.827125506073,0.0,0.0,1994-10-02,5.519774174869716,19.0,83409.5,88567.20000000001,-5157.700000000012,1.061823151761469,55000.2,0.6209926361831898,65203.07894736842,38130.6,-665.1294967307658,0.0,0.0,1994-10-31,5.519774174869716,28.0,125090.4,132155.30000000002,-7064.900000000023,1.0564699092023915,81804.8,0.6190003806099292,64669.38928571429,38130.6,-308.64427142238975,0.0,0.0,1994-11-30,5.519774174869716
5723,3674,940910,23628.0,12,1969.0,A,1994-09-10,12,38,POPLATEK MESICNE,930312,1993-03-12,4428,4428,540309,38,1954-03-09,M,Louny,north Bohemia,85852,41,23,4,2,4,59.8,8965,7.08,8.23,104,2653.0,2822,547,40.506502395619435,True,0.0,0,1573,False,True,False,True,False,True,True,23628.0,12.0,1969.0,0.08333333333333333,547.0,40.506502395619435,0.0,8965.0,7.08,2653.0,104.0,0.0,110.0,7.0,36177.2,45286.3,-9109.100000000006,1.2517565826934454,33814.6,0.7466684920496474,69588.92857142857,52624.7,205.28010026995773,0.0,0.0,1994-10-10,26.726612493651597,16.0,140177.6,134172.6,6005.0,0.9571546584143371,111229.20000000001,0.8289946755546547,77964.61875,43515.6,643.337872060737,0.0,0.0,1994-11-02,22.100355510411376,23.0,183235.7,181542.90000000002,1692.7999999999884,0.9907562185959473,147127.8,0.8104254673387538,79814.85652173913,43515.6,334.8427581922371,0.0,0.0,1994-12-02,22.100355510411376
6120,5481,940911,209184.0,48,4358.0,A,1994-09-11,48,52,POPLATEK MESICNE,930816,1993-08-16,6616,6616,530618,1,1953-06-18,M,Usti nad Orlici,east Bohemia,139012,59,41,8,3,10,61.9,8363,2.52,3.49,108,2564.0,2799,391,41.23203285420944,True,0.0,0,1572,False,True,False,True,False,True,True,209184.0,48.0,4358.0,0.020833333333333332,391.0,41.23203285420944,0.0,8363.0,2.52,2564.0,108.0,0.0,68.0,5.0,36575.5,28472.6,8102.9000000000015,0.77843970855604,24114.6,0.8469108226567768,49756.34,39896.7,825.7084179357023,0.0,0.0,1994-10-10,9.154818724185406,10.0,73197.1,62045.2,11151.900000000009,0.8476340232874896,53329.2,0.8595079150697383,53316.229999999996,39896.7,388.93083956523066,0.0,0.0,1994-11-09,9.154818724185406,17.0,127993.90000000001,124834.8,3159.100000000006,0.9753107350370991,111760.79999999999,0.8952624167105909,50217.182352941185,29614.6,71.50901951614009,0.0,0.0,1994-12-09,6.795456631482331
6895,9307,940919,41904.0,12,3492.0,A,1994-09-19,12,68,POPLATEK MESICNE,930124,1993-01-24,11153,11461,740708,70,1974-07-08,M,Frydek - Mistek,north Moravia,228848,15,40,18,2,6,57.2,9893,4.09,4.72,96,5623.0,5887,603,20.199863107460644,True,0.0,0,1564,False,True,False,True,False,True,True,41904.0,12.0,3492.0,0.08333333333333333,603.0,20.199863107460644,0.0,9893.0,4.09,5623.0,96.0,0.0,143.0,7.0,1776.3,10895.1,-9118.800000000001,6.1301412254543415,14.6,0.001339928965409642,34733.9,28585.8,-672.987117472853,0.0,0.0,1994-10-16,8.186082474226804,15.0,12467.0,21790.2,-9323.2,1.7476900866217517,29.2,0.0013399904548625132,32717.53333333334,26781.4,-172.9251079208915,0.0,0.0,1994-11-15,7.669358533791524,22.0,21079.1,32685.3,-11606.2,1.5505286976816999,43.8,0.0013400109526009367,30684.831818181825,19198.4,-158.13823482021013,0.0,0.0,1994-12-15,5.497823596792669
5882,4427,940926,87816.0,12,7318.0,A,1994-09-26,12,32,POPLATEK MESICNE,930607,1993-06-07,5337,5337,610502,1,1961-05-02,M,Ceska Lipa,north Bohemia,105058,32,19,7,2,10,81.0,9272,2.8,3.22,118,4340.0,4505,476,33.40177960301163,True,0.0,0,1557,False,True,False,True,False,True,True,87816.0,12.0,7318.0,0.08333333333333333,476.0,33.40177960301163,0.0,9272.0,2.8,4340.0,118.0,0.0,84.0,7.0,12612.6,12937.6,-325.0,1.0256865605378322,614.6,0.04750127525389146,19321.528571428575,15340.5,-129.046195234435,0.0,0.0,1994-10-21,2.096269472533479,13.0,29209.699999999997,25275.2,3934.4999999999964,0.8652719722567417,629.2,0.02489298233120485,21511.138461538467,15340.5,127.66280502834609,0.0,0.0,1994-11-12,2.096269472533479,19.0,44183.4,38412.8,5770.5999999999985,0.8693747114366157,1443.8000000000002,0.03758545106185798,22462.68421052631,15340.5,79.03136811713753,0.0,0.0,1994-12-15,2.096269472533479
5754,3834,940928,23052.0,12,1921.0,A,1994-09-28,12,54,POPLATEK MESICNE,930119,1993-01-19,4620,4620,406101,54,1940-11-01,F,Brno - mesto,south Moravia,387570,0,0,0,1,1,100.0,9897,1.6,1.96,140,18721.0,18696,617,53.90554414784394,True,0.0,0,1555,False,True,False,True,False,True,True,23052.0,12.0,1921.0,0.08333333333333333,617.0,53.90554414784394,1.0,9897.0,1.6,18721.0,140.0,0.0,171.0,9.0,17087.3,8875.6,8211.699999999999,0.5193963120965808,14.6,0.0016447738999166347,29807.57777777778,22326.4,516.0250000000001,0.0,0.0,1994-10-13,11.622280062467466,20.0,34699.1,26151.2,8547.899999999998,0.7536347157500988,8429.2,0.3223132279502298,30780.669999999995,22162.6,72.60417660017492,0.0,0.0,1994-11-13,11.537011972930765,29.0,55654.299999999996,37126.8,18527.499999999993,0.6670847161007128,10543.800000000001,0.2839866622854034,32962.13103448275,22162.6,138.48701782187675,0.0,0.0,1994-12-13,11.537011972930765
6594,7824,940928,189696.0,24,7904.0,B,1994-09-28,24,60,POPLATEK MESICNE,940517,1994-05-17,9367,9675,705219,60,1970-02-19,F,Prostejov,south Moravia,110643,49,41,4,1,4,51.9,8441,3.45,4.48,115,1879.0,2252,134,24.605065023956193,True,1.0,1,1555,False,True,False,True,False,True,True,189696.0,24.0,7904.0,0.041666666666666664,134.0,24.605065023956193,1.0,8441.0,3.45,1879.0,115.0,0.0,5.0,1.0,2400.0,0.0,2400.0,0.0,0.0,0.0,24900.0,24900.0,0.0,0.0,0.0,1994-10-14,3.1503036437246963,2.0,2400.0,3100.0,-700.0,1.2911286963765098,3100.0,0.999677523379555,23350.0,21800.0,-103.33333333333333,0.0,0.0,1994-11-13,2.7580971659919027,3.0,2600.0,3100.0,-500.0,1.191849288735102,3100.0,0.999677523379555,22900.0,21800.0,-48.333333333333336,0.0,0.0,1994-12-13,2.7580971659919027
6738,8566,940929,230220.0,36,6395.0,B,1994-09-29,36,74,POPLATEK MESICNE,931008,1993-10-08,10258,10566,426109,74,1942-11-09,F,Ostrava - mesto,north Moravia,323870,0,0,0,1,1,100.0,10673,4.75,5.44,100,18782.0,18347,356,51.88774811772758,True,1.0,1,1554,False,True,False,True,False,True,True,230220.0,36.0,6395.0,0.027777777777777776,356.0,51.88774811772758,1.0,10673.0,4.75,18782.0,100.0,1.0,82.0,7.0,12548.2,15858.400000000001,-3310.2000000000007,1.2636980843400376,14.6,0.0009205896818290729,9810.414285714285,3015.3,-119.88790697674413,0.0,0.0,1994-10-12,0.4715089913995309,13.0,25486.2,25322.0,164.20000000000073,0.9935183150758027,29.2,0.001153101923152865,8893.215384615385,3015.3,-53.53423134598479,0.0,0.0,1994-11-07,0.4715089913995309,19.0,35833.0,34785.6,1047.4000000000015,0.9707428699000948,43.8,0.0012591055176418506,9244.494736842104,3015.3,6.5797616468039095,0.0,0.0,1994-12-07,0.4715089913995309
6624,7965,940930,71460.0,12,5955.0,A,1994-09-30,12,55,POPLATEK MESICNE,931108,1993-11-08,9536,9844,450803,55,1945-08-03,M,Brno - venkov,south Moravia,157042,49,70,18,0,9,33.9,8743,1.88,2.43,111,3659.0,3894,326,49.158110882956876,True,0.0,0,1553,False,True,False,True,False,True,True,71460.0,12.0,5955.0,0.08333333333333333,326.0,49.158110882956876,0.0,8743.0,1.88,3659.0,111.0,0.0,43.0,8.0,51672.7,49137.6,2535.0999999999985,0.9509208746422262,35914.6,0.7308836637592443,60751.05,33888.1,-626.2832884097035,0.0,0.0,1994-10-26,5.690696893366918,15.0,85968.1,98775.2,-12807.099999999991,1.1489616618063931,72329.2,0.7322533160822141,64074.62000000001,33888.1,46.13737517022239,0.0,0.0,1994-11-29,5.690696893366918,26.0,139609.6,174012.8,-34403.19999999998,1.2464153867972774,134343.8,0.7720295746659173,59863.565384615395,29927.8,-186.2082359515945,0.0,0.0,1994-12-29,5.0256591099916035
6216,5952,940930,141240.0,24,5885.0,A,1994-09-30,24,50,POPLATEK MESICNE,930907,1993-09-07,7195,7195,620911,50,1962-09-11,M,Svitavy,east Bohemia,102609,75,33,2,3,6,52.0,8187,4.83,5.45,94,2123.0,2134,388,32.05201916495551,True,0.0,0,1553,False,True,False,True,False,True,True,141240.0,24.0,5885.0,0.041666666666666664,388.0,32.05201916495551,0.0,8187.0,4.83,2123.0,94.0,0.0,102.0,11.0,35501.0,39870.899999999994,-4369.899999999994,1.1230606726381611,24305.6,0.6095922190816089,41842.6,22581.9,247.74884918231365,0.0,0.0,1994-10-16,3.837196261682243,20.0,70995.3,60450.8,10544.5,0.8514640903821749,29320.199999999997,0.48501781584667447,44896.67,22581.9,291.4365596110934,0.0,0.0,1994-11-14,3.837196261682243,31.0,124181.5,95758.70000000001,28422.79999999999,0.7711126769069717,49062.8,0.5123533177317806,51899.13870967741,22581.9,419.3530503702321,0.0,0.0,1994-12-14,3.837196261682243
6229,6040,941002,11736.0,24,489.0,A,1994-10-02,24,1,POPLATEK MESICNE,930422,1993-04-22,7299,7299,380916,1,1938-09-16,M,Hl.m. Praha,Prague,1204953,0,0,0,1,1,100.0,12541,0.29,0.43,167,85677.0,99107,528,56.04380561259411,True,0.0,0,1551,False,True,False,True,False,True,True,11736.0,24.0,489.0,0.041666666666666664,528.0,56.04380561259411,0.0,12541.0,0.29,85677.0,167.0,0.0,133.0,8.0,22214.0,18774.6,3439.4000000000015,0.8451316677920323,9314.6,0.4961013229936727,36728.825,25663.4,-319.87626303127513,0.0,0.0,1994-10-31,52.48139059304704,16.0,44411.7,40649.2,3762.5,0.9152607249728119,21729.199999999997,0.5345410354684601,37403.675,25663.4,-57.583355026221014,0.0,0.0,1994-11-30,52.48139059304704,25.0,77649.4,72523.8,5125.599999999991,0.9339784469880388,44143.799999999996,0.6086717922696787,39288.676,25663.4,39.79983156061051,0.0,0.0,1994-12-31,52.48139059304704
5887,4448,941003,192744.0,36,5354.0,A,1994-10-03,36,60,POPLATEK MESICNE,930602,1993-06-02,5366,5366,715920,60,1971-09-20,F,Prostejov,south Moravia,110643,49,41,4,1,4,51.9,8441,3.45,4.48,115,1879.0,2252,488,23.0362765229295,True,0.0,0,1550,False,True,False,True,False,True,True,192744.0,36.0,5354.0,0.027777777777777776,488.0,23.0362765229295,1.0,8441.0,3.45,1879.0,115.0,0.0,76.0,6.0,20233.4,11167.1,9066.300000000001,0.5518868856996006,5813.6,0.5205540781332546,40650.299999999996,37752.6,-293.7150544135428,0.0,0.0,1994-10-31,7.051288756070227,11.0,56777.700000000004,34035.2,22742.500000000007,0.5994360561266812,23328.199999999997,0.685393786615427,49314.07272727272,37752.6,292.8727921179445,0.0,0.0,1994-11-30,7.051288756070227,17.0,56959.00000000001,51903.299999999996,5055.700000000012,0.9112236657303369,35842.799999999996,0.6905555031086056,45833.64117647059,34074.9,-65.75907897652691,0.0,0.0,1995-01-01,6.364381770638775
6808,8982,941012,227880.0,36,6330.0,A,1994-10-12,36,64,POPLATEK MESICNE,930925,1993-09-25,10755,11063,556104,64,1955-11-04,F,Zlin,south Moravia,197099,29,41,10,2,10,74.7,9624,1.6,2.31,145,4484.0,4265,382,38.93771389459275,True,0.0,0,1541,False,True,False,True,False,True,True,227880.0,36.0,6330.0,0.027777777777777776,382.0,38.93771389459275,1.0,9624.0,1.6,4484.0,145.0,0.0,83.0,6.0,298.4,17689.8,-17391.399999999998,59.08416833667335,11359.6,0.6421190675379294,39858.56666666666,36041.4,-527.1342867896122,0.0,0.0,1994-10-31,5.693744075829384,12.0,3164.2000000000003,27934.6,-24770.399999999998,8.825540250221154,15274.2,0.5467647016709862,34764.3,28695.0,-327.1508562395714,0.0,0.0,1994-11-30,4.533175355450237,21.0,26961.6,57048.4,-30086.800000000003,2.1158345263438987,38057.8,0.6671025462143336,35136.06190476191,22616.1,-48.61085298697963,0.0,0.0,1995-01-08,3.5728436018957344
6297,6363,941025,17508.0,12,1459.0,A,1994-10-25,12,74,POPLATEK MESICNE,930801,1993-08-01,7683,7683,460401,12,1946-04-01,M,Ostrava - mesto,north Moravia,323870,0,0,0,1,1,100.0,10673,4.75,5.44,100,18782.0,18347,450,48.56673511293634,True,0.0,0,1528,False,True,False,True,False,True,True,17508.0,12.0,1459.0,0.08333333333333333,450.0,48.56673511293634,0.0,10673.0,4.75,18782.0,100.0,0.0,72.0,6.0,11886.6,19673.6,-7786.999999999998,1.654968202160234,18214.6,0.9257926463562156,43329.76666666667,39427.0,192.7616308293773,0.0,0.0,1994-11-24,27.023303632625087,12.0,29649.1,36267.2,-6618.0999999999985,1.2231729403948046,33349.2,0.9195162704518007,43881.833333333336,36887.8,88.53958468935697,0.0,0.0,1994-12-24,25.282933516106926,17.0,41560.5,49340.799999999996,-7780.299999999996,1.1871756312933843,44963.8,0.911271984402677,44421.56470588235,36887.8,55.82266072021634,0.0,0.0,1995-01-23,25.282933516106926
5161,1012,941028,98184.0,24,4091.0,A,1994-10-28,24,65,POPLATEK MESICNE,940709,1994-07-09,1216,1216,455612,65,1945-06-12,F,Znojmo,south Moravia,114200,101,41,4,1,4,43.7,8403,5.74,5.72,105,2157.0,2718,111,49.37713894592745,True,0.0,0,1525,False,True,False,True,False,True,True,98184.0,24.0,4091.0,0.041666666666666664,111.0,49.37713894592745,1.0,8403.0,5.74,2157.0,105.0,0.0,14.0,6.0,25099.9,44223.8,-19123.9,1.7618412088809565,40133.0,0.9074772525822615,63084.850000000006,48311.1,-617.555715495343,0.0,0.0,1994-11-15,11.809117575164995,14.0,62404.3,65829.2,-3424.899999999994,1.0548655322544718,57647.6,0.8757014257893794,60873.299999999996,39704.0,-4.203932513459476,0.0,0.0,1994-12-19,9.705206550965535,28.0,87469.1,124243.6,-36774.5,1.4204122322942354,111971.20000000001,0.9012158274886797,54299.44642857143,31527.3,-269.1948020746532,0.0,0.0,1995-01-24,7.706502077731606
5390,2167,941030,170256.0,24,7094.0,A,1994-10-30,24,16,POPLATEK MESICNE,930808,1993-08-08,2623,2623,655716,16,1965-07-16,F,Jindrichuv Hradec,south Bohemia,93931,74,21,10,1,8,56.9,8427,1.12,1.54,107,1874.0,1913,448,29.28952772073922,True,0.0,0,1523,False,True,False,True,False,True,True,170256.0,24.0,7094.0,0.041666666666666664,448.0,29.28952772073922,1.0,8427.0,1.12,1874.0,107.0,0.0,77.0,6.0,24562.9,20530.6,4032.300000000003,0.8358037608034554,7514.6,0.36600167546611084,47513.200000000004,35983.1,814.1036585365854,0.0,0.0,1994-11-12,5.07232872850296,14.0,61340.0,51421.2,9918.800000000003,0.8382843448916711,25389.2,0.49374005779604924,51731.185714285704,35983.1,257.2629157988694,0.0,0.0,1994-12-25,5.07232872850296,21.0,85951.6,82191.79999999999,3759.8000000000175,0.9562456516731312,43143.8,0.5249097244527502,51982.57142857143,35983.1,112.50130213530238,0.0,0.0,1995-01-12,5.07232872850296
6150,5622,941102,83016.0,12,6918.0,A,1994-11-02,12,70,POPLATEK MESICNE,930208,1993-02-08,6789,6789,790326,57,1979-03-26,M,Karvina,north Moravia,285387,0,2,8,5,7,89.9,10177,6.63,7.75,81,9878.0,10108,632,15.605749486652977,True,0.0,0,1520,False,True,False,True,False,True,True,83016.0,12.0,6918.0,0.08333333333333333,632.0,15.605749486652977,0.0,10177.0,6.63,9878.0,81.0,0.0,196.0,12.0,94003.4,107332.9,-13329.5,1.141785916403913,93514.6,0.8712494375029698,84228.73333333332,54076.1,-1520.613141210375,0.0,0.0,1994-12-02,7.816724486845909,21.0,133234.8,145465.80000000002,-12231.00000000003,1.0917921459547661,117829.20000000001,0.8100075068675464,72076.1761904762,40830.7,-879.5061270711648,0.0,0.0,1994-12-31,5.902095981497542,35.0,177868.3,196598.7,-18730.400000000023,1.1052986659305457,155143.80000000002,0.7891354869819233,67088.48857142859,39547.5,-409.90537227910414,0.0,0.0,1995-01-31,5.716608846487424
6223,5991,941103,61056.0,48,1272.0,A,1994-11-03,48,1,POPLATEK MESICNE,931121,1993-11-21,7241,7241,575906,57,1957-09-06,F,Hl.m. Praha,Prague,1204953,0,0,0,1,1,100.0,12541,0.29,0.43,167,85677.0,99107,347,37.158110882956876,True,0.0,0,1519,False,True,False,True,False,True,True,61056.0,48.0,1272.0,0.020833333333333332,347.0,37.158110882956876,1.0,12541.0,0.29,85677.0,167.0,0.0,64.0,7.0,16398.9,12999.6,3399.300000000001,0.7926633698985969,5514.6,0.4241804224420411,36157.614285714284,27312.3,161.89819905213255,0.0,0.0,1994-11-30,21.47193396226415,15.0,40945.200000000004,31719.199999999997,9226.000000000007,0.7746555235894904,16749.199999999997,0.5280294575696244,40253.34,27312.3,221.75069406207433,0.0,0.0,1994-12-31,21.47193396226415,29.0,57342.200000000004,71638.8,-14296.599999999999,1.2492989578537645,49183.799999999996,0.6865429551729624,37235.85862068966,19094.3,-92.24571007761864,0.0,0.0,1995-01-31,15.011242138364778
5032,290,941103,123696.0,48,2577.0,A,1994-11-03,48,56,POPLATEK MESICNE,931202,1993-12-02,352,352,400827,56,1940-08-27,M,Breclav,south Moravia,124605,11,42,14,1,8,46.0,8772,4.69,4.98,126,2854.0,3158,336,54.18480492813142,True,0.0,0,1519,False,True,False,True,False,True,True,123696.0,48.0,2577.0,0.020833333333333332,336.0,54.18480492813142,0.0,8772.0,4.69,2854.0,126.0,0.0,61.0,8.0,41388.9,28036.6,13352.300000000003,0.6773778143943329,19532.6,0.6966573458498587,35170.212499999994,16683.2,1218.812811022003,0.0,0.0,1994-11-30,6.473884361660846,16.0,42509.8,46392.2,-3882.399999999994,1.091303856902246,29384.199999999997,0.6333729943181328,30835.556249999998,16683.2,-127.03052562219445,0.0,0.0,1994-12-31,6.473884361660846,22.0,51180.5,54910.8,-3730.300000000003,1.0728642185164563,29398.799999999996,0.535382194719532,27478.568181818187,12800.8,-203.55856971165588,0.0,0.0,1995-01-31,4.96732634846721
6253,6148,941104,59760.0,24,2490.0,A,1994-11-04,24,74,POPLATEK MESICNE,931227,1993-12-27,7422,7422,581126,74,1958-11-26,M,Ostrava - mesto,north Moravia,323870,0,0,0,1,1,100.0,10673,4.75,5.44,100,18782.0,18347,312,35.93976728268309,True,0.0,0,1518,False,True,False,True,False,True,True,59760.0,24.0,2490.0,0.041666666666666664,312.0,35.93976728268309,0.0,10673.0,4.75,18782.0,100.0,0.0,54.0,6.0,23228.7,18951.6,4277.100000000002,0.8158349010103444,8614.6,0.4545339425725231,42330.933333333334,30796.1,410.6952526799389,0.0,0.0,1994-11-30,12.367911646586345,15.0,57994.7,65543.2,-7548.5,1.1301389585779635,44869.2,0.6845640041376658,42344.406666666655,30593.3,28.93424333280731,0.0,0.0,1995-01-03,12.286465863453815,26.0,81182.5,89054.8,-7872.300000000003,1.0969568939501253,58043.799999999996,0.6517688909649905,38149.15,20367.6,-133.17980223325583,0.0,0.0,1995-01-31,8.179759036144578
6460,7133,941106,48672.0,36,1352.0,A,1994-11-06,36,1,POPLATEK MESICNE,930917,1993-09-17,8610,8610,485502,55,1948-05-02,F,Hl.m. Praha,Prague,1204953,0,0,0,1,1,100.0,12541,0.29,0.43,167,85677.0,99107,415,46.51334702258727,True,0.0,0,1516,False,True,False,True,False,True,True,48672.0,36.0,1352.0,0.027777777777777776,415.0,46.51334702258727,1.0,12541.0,0.29,85677.0,167.0,0.0,97.0,9.0,6549.0,4264.6,2284.3999999999996,0.651083969465649,14.6,0.003422730682670667,26142.28888888889,25210.0,-54.80155902004458,0.0,0.0,1994-11-30,18.64644970414201,19.0,15076.9,13009.2,2067.699999999999,0.8627991961745337,4509.200000000001,0.3465895989300703,27722.568421052627,25084.5,44.31219285182428,0.0,0.0,1994-12-31,18.55362426035503,34.0,19510.7,29513.8,-10003.099999999999,1.5126206327485558,16763.8,0.567979454375432,24181.082352941175,13034.8,-137.9735147639327,0.0,0.0,1995-01-31,9.64112426035503
6645,8041,941106,140400.0,36,3900.0,A,1994-11-06,36,1,POPLATEK MESICNE,931010,1993-10-10,9625,9933,411015,74,1941-10-15,M,Hl.m. Praha,Prague,1204953,0,0,0,1,1,100.0,12541,0.29,0.43,167,85677.0,99107,392,53.059548254620125,True,0.0,0,1516,False,True,False,True,False,True,True,140400.0,36.0,3900.0,0.027777777777777776,392.0,53.059548254620125,0.0,12541.0,0.29,85677.0,167.0,0.0,45.0,5.0,6113.0,17415.1,-11302.099999999999,2.848397121360811,13514.6,0.7759831420352433,12913.36,10871.3,42.53162020905929,0.0,0.0,1994-12-04,2.7875128205128203,11.0,19842.9,42930.2,-23087.299999999996,2.163395300318989,35129.2,0.8182673673225999,9496.127272727272,1969.2,-149.97071666975708,0.0,0.0,1995-01-04,0.5049230769230769,21.0,61150.5,64083.299999999996,-2932.7999999999956,1.0479432229789947,52381.799999999996,0.817388970465465,9095.852380952381,173.0,-45.957818527853505,0.0,0.0,1995-02-02,0.04435897435897436
5176,1106,941112,192552.0,24,8023.0,B,1994-11-12,24,20,POPLATEK TYDNE,930829,1993-08-29,1327,1327,636231,20,1963-12-31,F,Strakonice,south Bohemia,70646,94,14,3,1,4,58.4,8547,2.65,3.64,120,1563.0,1542,440,30.86652977412731,True,1.0,1,1510,False,True,False,True,False,True,True,192552.0,24.0,8023.0,0.041666666666666664,440.0,30.86652977412731,1.0,8547.0,2.65,1563.0,120.0,0.0,51.0,6.0,12262.7,27178.8,-14916.099999999999,2.2161990263949702,19156.0,0.7047881147028308,11818.950000000003,3176.6,59.83214747736091,0.0,0.0,1994-12-08,0.39593668203913746,10.0,20126.3,29008.8,-8882.5,1.4412663397475072,20986.0,0.7234107094843811,12968.169999999998,3176.6,75.45066731168718,0.0,0.0,1995-01-02,0.39593668203913746,20.0,29756.8,54766.0,-25009.2,1.8403914267855823,38720.4,0.7070023919513576,7316.770000000002,-2783.8,-174.72493853367547,1.0,1.0,1995-01-31,-0.34697743986040136
5269,1527,941119,164052.0,36,4557.0,B,1994-11-19,36,31,POPLATEK PO OBRATU,931117,1993-11-17,1851,1851,755912,31,1975-09-12,F,Tachov,west Bohemia,51313,34,12,3,1,4,59.2,8930,3.52,4.2,108,1328.0,1452,367,19.186858316221766,True,1.0,1,1503,False,True,False,True,False,True,True,164052.0,36.0,4557.0,0.027777777777777776,367.0,19.186858316221766,1.0,8930.0,3.52,1328.0,108.0,1.0,65.0,7.0,44781.2,7857.2,36924.0,0.1754536400623462,3300.0,0.4199434985111094,25744.242857142857,17598.3,971.7056945183607,0.0,0.0,1994-12-17,3.8618169848584594,17.0,44937.0,50314.399999999994,-5377.399999999994,1.1196403934309491,41200.0,0.8188347901437731,34147.45294117647,15433.8,334.52186401895887,0.0,0.0,1995-01-12,3.386833443054641,23.0,57131.5,73648.1,-16516.600000000006,1.2890753949153284,59976.5,0.814354825788774,25251.930434782615,-3248.2,-380.2475933902765,1.0,1.0,1995-02-12,-0.7127935044985736
5351,1978,941204,205200.0,36,5700.0,A,1994-12-04,36,57,POPLATEK TYDNE,930611,1993-06-11,2403,2403,635125,1,1963-01-25,F,Hodonin,south Moravia,161954,21,37,20,3,8,48.0,8720,3.73,4.5,116,3729.0,3651,541,31.857631759069132,True,0.0,0,1488,False,True,False,True,False,True,True,205200.0,36.0,5700.0,0.027777777777777776,541.0,31.857631759069132,1.0,8720.0,3.73,3729.0,116.0,0.0,129.0,13.0,51624.9,65087.3,-13462.400000000001,1.260748965151213,46130.0,0.7087295258902138,72791.03846153845,41123.6,-1034.6011185326547,0.0,0.0,1995-01-03,7.214666666666666,25.0,88620.79999999999,106574.6,-17953.800000000017,1.202577695330043,68660.0,0.6442375177808053,61008.352,33868.2,-940.9451813046459,0.0,0.0,1995-02-01,5.94178947368421,33.0,123022.09999999999,133661.9,-10639.800000000003,1.086478067940086,76790.0,0.5745049673469602,59729.93939393939,33868.2,-447.956612303949,0.0,0.0,1995-03-03,5.94178947368421
5861,4337,941208,51408.0,24,2142.0,A,1994-12-08,24,29,POPLATEK MESICNE,931116,1993-11-16,5224,5224,490724,29,1949-07-24,M,Rokycany,west Bohemia,45714,52,10,5,1,6,55.6,8843,2.82,3.6,113,818.0,888,387,45.374401095140314,True,0.0,0,1484,False,True,False,True,False,True,True,51408.0,24.0,2142.0,0.041666666666666664,387.0,45.374401095140314,0.0,8843.0,2.82,818.0,113.0,0.0,64.0,8.0,52990.4,24656.6,28333.800000000003,0.4652943685201749,22514.6,0.9130896762053079,60036.075000000004,27256.8,1861.490616966581,0.0,0.0,1995-01-05,12.724929971988795,16.0,100518.5,80719.20000000001,19799.29999999999,0.8030203094921882,76435.2,0.946915394164038,62798.1125,27256.8,487.95483114245246,0.0,0.0,1995-01-31,12.724929971988795,22.0,121986.4,112200.80000000002,9785.599999999977,0.9197736815441596,105774.8,0.9427192790133491,60672.690909090896,27256.8,67.70562009439409,0.0,0.0,1995-03-08,12.724929971988795
5450,2345,941211,199680.0,60,3328.0,C,1994-12-11,60,5,POPLATEK MESICNE,931025,1993-10-25,2834,2834,490523,52,1949-05-23,M,Kolin,central Bohemia,95616,65,30,4,1,6,51.4,9307,3.85,4.43,118,2616.0,3040,412,45.5523613963039,False,,0,1481,False,True,False,True,False,True,True,199680.0,60.0,3328.0,0.016666666666666666,412.0,45.5523613963039,0.0,9307.0,3.85,2616.0,118.0,0.0,74.0,7.0,30067.4,25954.8,4112.600000000002,0.8631919224168895,19014.6,0.7325761486835312,29978.214285714286,16595.9,-593.2606147248034,0.0,0.0,1994-12-31,4.986748798076923,14.0,50149.200000000004,50909.6,-760.3999999999942,1.0151425118942694,37029.2,0.7273377253459986,28319.428571428572,16595.9,-219.11760635528464,0.0,0.0,1995-01-31,4.986748798076923,22.0,70221.30000000002,69692.4,528.9000000000233,0.9924539640541534,48871.799999999996,0.7012400026401352,27428.231818181815,15835.5,-102.67913800983159,0.0,0.0,1995-03-08,4.758263221153846
7142,10451,941219,482940.0,60,8049.0,D,1994-12-19,60,1,POPLATEK MESICNE,930829,1993-08-29,12551,12859,765521,1,1976-05-21,F,Hl.m. Praha,Prague,1204953,0,0,0,1,1,100.0,12541,0.29,0.43,167,85677.0,99107,477,18.579055441478438,False,,1,1473,False,True,False,True,False,True,True,482940.0,60.0,8049.0,0.016666666666666666,477.0,18.579055441478438,1.0,12541.0,0.29,85677.0,167.0,0.0,130.0,13.0,15169.9,24644.6,-9474.699999999999,1.6244652591474467,8814.6,0.35765410458661995,18650.246153846158,8964.7,-60.735199240986745,0.0,0.0,1995-01-13,1.1137656851782831,24.0,36221.8,43609.2,-7387.399999999994,1.2039157657607913,11949.2,0.2740001192381599,16475.7625,8964.7,-135.54982851414098,0.0,0.0,1995-02-13,1.1137656851782831,33.0,57478.40000000001,59453.799999999996,-1975.399999999987,1.0343496974568278,11963.800000000001,0.2012251323694639,17204.684848484852,8964.7,-1.0634320224418135,0.0,0.0,1995-03-13,1.1137656851782831
6306,6425,941220,36684.0,12,3057.0,A,1994-12-20,12,31,POPLATEK MESICNE,930329,1993-03-29,7753,7753,785923,70,1978-09-23,F,Tachov,west Bohemia,51313,34,12,3,1,4,59.2,8930,3.52,4.2,108,1328.0,1452,631,16.240930869267626,True,0.0,0,1472,False,True,False,True,False,True,True,36684.0,12.0,3057.0,0.08333333333333333,631.0,16.240930869267626,1.0,8930.0,3.52,1328.0,108.0,0.0,125.0,7.0,12512.4,15071.6,-2559.2000000000007,1.2044368437035498,12014.6,0.7971152953040617,34062.142857142855,28322.9,74.05357336220905,0.0,0.0,1995-01-18,9.264932940791626,13.0,25024.9,26143.2,-1118.2999999999993,1.0446457470061017,20029.2,0.7661049104581513,35548.723076923074,28322.9,96.61557837031273,0.0,0.0,1995-02-17,9.264932940791626,20.0,37535.600000000006,42074.8,-4539.199999999997,1.1209006676150743,32903.8,0.782012463221139,35890.715000000004,28322.9,41.83399379531394,0.0,0.0,1995-03-19,9.264932940791626
6272,6226,941220,398640.0,60,6644.0,C,1994-12-20,60,74,POPLATEK TYDNE,930726,1993-07-26,7521,7521,605209,74,1960-02-09,F,Ostrava - mesto,north Moravia,323870,0,0,0,1,1,100.0,10673,4.75,5.44,100,18782.0,18347,512,34.861054072553046,False,,0,1472,False,True,False,True,False,True,True,398640.0,60.0,6644.0,0.016666666666666666,512.0,34.861054072553046,1.0,10673.0,4.75,18782.0,100.0,0.0,86.0,5.0,40132.8,39473.7,659.1000000000058,0.9835525168311995,32830.0,0.8316719316422925,74263.42,59557.7,697.3015260323162,0.0,0.0,1995-01-17,8.964133052378084,10.0,80265.8,79547.4,718.4000000000087,0.9910373903033383,66260.0,0.8329520141197058,74533.12000000001,59557.7,129.05187964551178,0.0,0.0,1995-02-16,8.964133052378084,17.0,120388.8,124621.09999999999,-4232.299999999988,1.0351466652490493,104690.0,0.8400596683894751,67668.40000000001,44435.4,-200.88309150219814,0.0,0.0,1995-03-18,6.6880493678506925
5044,344,941221,100980.0,60,1683.0,C,1994-12-21,60,54,POPLATEK MESICNE,931201,1993-12-01,421,421,650731,54,1965-07-31,M,Brno - mesto,south Moravia,387570,0,0,0,1,1,100.0,9897,1.6,1.96,140,18721.0,18696,385,29.39082819986311,False,,0,1471,False,True,False,True,False,True,True,100980.0,60.0,1683.0,0.016666666666666666,385.0,29.39082819986311,0.0,9897.0,1.6,18721.0,140.0,0.0,70.0,9.0,14117.2,27836.6,-13719.399999999998,1.9716819424572536,21414.6,0.7692689024915941,38721.455555555556,33418.3,-140.19240880709805,0.0,0.0,1995-01-20,19.856387403446227,15.0,28208.0,40173.2,-11965.199999999997,1.4241270516501825,27329.199999999997,0.6802674353191849,36329.433333333334,27518.3,-140.64223125277795,0.0,0.0,1995-02-12,16.350742721330956,22.0,42290.2,50509.799999999996,-8219.599999999999,1.1943335729418887,31243.799999999996,0.6185568234912138,36654.09999999999,27518.3,-11.72972904851924,0.0,0.0,1995-03-19,16.350742721330956
5576,2962,941221,31248.0,12,2604.0,A,1994-12-21,12,1,POPLATEK MESICNE,930530,1993-05-30,3576,3576,395315,1,1939-03-15,F,Hl.m. Praha,Prague,1204953,0,0,0,1,1,100.0,12541,0.29,0.43,167,85677.0,99107,570,55.7700205338809,True,0.0,0,1471,False,True,False,True,False,True,True,31248.0,12.0,2604.0,0.08333333333333333,570.0,55.7700205338809,1.0,12541.0,0.29,85677.0,167.0,0.0,120.0,15.0,71894.4,69819.1,2075.2999999999884,0.9711205445689156,67214.6,0.9626826658798827,66635.62666666665,40822.3,811.5493416927897,0.0,0.0,1995-01-20,15.676766513056837,24.0,108513.79999999999,118749.2,-10235.400000000009,1.0943134024114685,113540.2,0.95612638968187,62989.5375,40822.3,-53.18583297658118,0.0,0.0,1995-02-19,15.676766513056837,30.0,126570.29999999999,137568.3,-10998.0,1.0868838354350472,129754.8,0.9431959019926686,60842.06666666665,40822.3,-152.6811610503093,0.0,0.0,1995-03-21,15.676766513056837
7192,10738,941221,115992.0,36,3222.0,A,1994-12-21,36,45,POPLATEK TYDNE,930417,1993-04-17,12893,13201,370517,31,1937-05-17,M,Jicin,east Bohemia,77917,85,19,6,1,5,53.5,8390,2.28,2.89,132,2080.0,2122,613,57.596167008898014,True,0.0,0,1471,False,True,False,True,False,True,True,115992.0,36.0,3222.0,0.027777777777777776,613.0,57.596167008898014,0.0,8390.0,2.28,2080.0,132.0,0.0,127.0,8.0,28716.2,18679.5,10036.7,0.6504638335213739,7230.0,0.38703460828136294,20002.762499999997,9536.7,1498.0559471365639,0.0,0.0,1995-01-12,2.9598696461824954,18.0,116635.09999999999,55459.0,61176.09999999999,0.4754874348507881,32560.0,0.5870897944464479,41631.961111111115,9536.7,1175.2669459962758,0.0,0.0,1995-02-17,2.9598696461824954,26.0,135637.2,109089.5,26547.70000000001,0.804268266609259,74741.0,0.685128402564843,47614.08076923077,9536.7,631.4574765135699,0.0,0.0,1995-03-19,2.9598696461824954
5739,3747,950102,76380.0,12,6365.0,A,1995-01-02,12,1,POPLATEK MESICNE,940501,1994-05-01,4520,4520,575628,1,1957-06-28,F,Hl.m. Praha,Prague,1204953,0,0,0,1,1,100.0,12541,0.29,0.43,167,85677.0,99107,246,37.51403148528405,True,0.0,0,1459,False,True,False,True,False,True,True,76380.0,12.0,6365.0,0.08333333333333333,246.0,37.51403148528405,1.0,12541.0,0.29,85677.0,167.0,0.0,45.0,13.0,14644.9,22055.6,-7410.699999999999,1.5059231593824893,9974.6,0.452227451193747,20096.707692307693,9689.6,-395.54864341085266,0.0,0.0,1995-01-31,1.5223252160251375,21.0,28083.5,34151.2,-6067.699999999997,1.2160159518595666,9989.2,0.292490674100058,19303.990476190473,9689.6,-122.20678644860438,0.0,0.0,1995-02-28,1.5223252160251375,29.0,40226.2,46246.799999999996,-6020.5999999999985,1.1496400445469732,10003.8,0.21630866765554255,19184.917241379306,9689.6,-52.61332353363419,0.0,0.0,1995-03-31,1.5223252160251375
6526,7523,950103,288468.0,36,8013.0,A,1995-01-03,36,63,POPLATEK MESICNE,940829,1994-08-29,9008,9316,586026,63,1958-10-26,F,Vyskov,south Moravia,86513,38,36,5,1,5,50.5,8288,3.79,4.52,110,1562.0,1460,127,36.18891170431211,True,0.0,0,1458,False,True,False,True,False,True,True,288468.0,36.0,8013.0,0.027777777777777776,127.0,36.18891170431211,1.0,8288.0,3.79,1562.0,110.0,0.0,17.0,15.0,20950.7,40787.6,-19836.899999999998,1.946744178276703,32774.6,0.8035235335363312,44196.90666666666,28700.6,-1524.1848947638603,0.0,0.0,1995-01-31,3.581754648695869,24.0,41849.59999999999,72715.2,-30865.600000000006,1.7374948029418935,56689.2,0.7795951933681903,39798.441666666666,17975.0,-540.454774740182,0.0,0.0,1995-03-03,2.243229751653563,31.0,62714.1,90442.8,-27728.700000000004,1.442121594320985,66403.79999999999,0.7341995802918496,37329.28387096775,17975.0,-333.0694387912682,0.0,0.0,1995-04-01,2.243229751653563
5624,3166,950103,177744.0,48,3703.0,D,1995-01-03,48,71,POPLATEK MESICNE,930810,1993-08-10,3829,3829,720313,59,1972-03-13,M,Novy Jicin,north Moravia,161227,5,35,11,4,10,69.7,8678,5.93,5.57,102,4980.0,4595,511,22.809034907597535,False,,1,1458,False,True,False,True,False,True,True,177744.0,48.0,3703.0,0.020833333333333332,511.0,22.809034907597535,0.0,8678.0,5.93,4980.0,102.0,1.0,95.0,9.0,41569.8,42723.6,-1153.7999999999956,1.0277310034928362,39020.799999999996,0.9133098964062858,13734.155555555557,-2048.2,-1644.6871657754007,1.0,1.0,1995-02-01,-0.5531190926275992,19.0,73447.0,68280.5,5166.5,0.9296441019496787,60874.899999999994,0.8915284520697406,15605.794736842105,-2048.2,-68.23147802289246,1.0,1.0,1995-03-04,-0.5531190926275992,23.0,88884.9,82739.1,6145.799999999988,0.9308461747026245,75333.5,0.9104835502978603,14426.391304347826,-2048.2,-99.46803095939839,1.0,1.0,1995-04-02,-0.5531190926275992
6244,6118,950108,270648.0,36,7518.0,B,1995-01-08,36,1,POPLATEK TYDNE,940307,1994-03-07,7390,7390,371104,1,1937-11-04,M,Hl.m. Praha,Prague,1204953,0,0,0,1,1,100.0,12541,0.29,0.43,167,85677.0,99107,307,57.177275838466805,True,1.0,1,1453,False,True,False,True,False,True,True,270648.0,36.0,7518.0,0.027777777777777776,307.0,57.177275838466805,0.0,12541.0,0.29,85677.0,167.0,0.0,72.0,9.0,7028.6,39448.0,-32419.4,5.611699100944577,31930.0,0.8093994778067886,31902.377777777772,18577.1,-549.899042690815,0.0,0.0,1995-02-07,2.471016227720138,15.0,13849.2,51596.0,-37746.8,3.725289165499415,36560.0,0.7085683276159467,24181.713333333333,11059.1,-575.5468202764978,0.0,0.0,1995-03-07,1.4710162277201384,23.0,23792.0,65451.700000000004,-41659.700000000004,2.750880511074686,42897.700000000004,0.6554000064168476,16281.534782608695,-568.3,-499.76083679585133,1.0,1.0,1995-04-01,-0.07559191274275072
5131,816,950108,48624.0,24,2026.0,A,1995-01-08,24,52,POPLATEK MESICNE,930805,1993-08-05,980,980,610930,40,1961-09-30,M,Usti nad Orlici,east Bohemia,139012,59,41,8,3,10,61.9,8363,2.52,3.49,108,2564.0,2799,521,33.27310061601643,True,0.0,0,1453,False,True,False,True,False,True,True,48624.0,24.0,2026.0,0.041666666666666664,521.0,33.27310061601643,0.0,8363.0,2.52,2564.0,108.0,0.0,117.0,10.0,16211.3,30554.3,-14343.0,1.884636973162352,24014.6,0.7859389369438362,31852.7,22368.0,-400.5060166232476,0.0,0.0,1995-02-07,11.040473840078974,17.0,37865.4,51622.6,-13757.199999999997,1.3632824879048444,38543.2,0.746619763054107,36736.51764705883,22368.0,124.31376424552285,0.0,0.0,1995-03-07,11.040473840078974,24.0,88247.8,74676.9,13570.900000000009,0.8462086736590185,55057.799999999996,0.7372703303119129,40645.424999999996,22368.0,251.8851238817661,0.0,0.0,1995-04-07,11.040473840078974
6960,9640,950111,76416.0,24,3184.0,A,1995-01-11,24,1,POPLATEK MESICNE,930313,1993-03-13,11558,11866,370902,1,1937-09-02,M,Hl.m. Praha,Prague,1204953,0,0,0,1,1,100.0,12541,0.29,0.43,167,85677.0,99107,669,57.35797399041752,True,0.0,0,1450,False,True,False,True,False,True,True,76416.0,24.0,3184.0,0.041666666666666664,669.0,57.35797399041752,0.0,12541.0,0.29,85677.0,167.0,0.0,153.0,9.0,21996.9,23282.9,-1286.0,1.0584146668545633,5414.6,0.2325469530448078,20263.288888888885,9078.5,-153.54104186952287,0.0,0.0,1995-02-10,2.851287688442211,17.0,44295.200000000004,44350.100000000006,-54.900000000001455,1.001216808665303,5429.200000000001,0.1224141002139744,20481.352941176472,7792.5,-15.09824750379347,0.0,0.0,1995-03-12,2.447393216080402,24.0,66503.8,63283.700000000004,3220.0999999999985,0.9515659020100805,9678.800000000001,0.15294060017666197,21922.63333333333,7792.5,44.794255572765366,0.0,0.0,1995-04-10,2.447393216080402
6358,6715,950114,137880.0,60,2298.0,D,1995-01-14,60,48,POPLATEK TYDNE,930915,1993-09-15,8105,8105,630312,72,1963-03-12,M,Rychnov nad Kneznou,east Bohemia,78955,50,24,8,1,9,59.0,9060,1.78,2.44,124,1655.0,1717,486,31.84394250513347,False,,1,1447,False,True,False,True,False,True,True,137880.0,60.0,2298.0,0.016666666666666666,486.0,31.84394250513347,0.0,9060.0,1.78,1655.0,124.0,0.0,89.0,10.0,19152.9,30328.2,-11175.3,1.5833955486872124,28030.0,0.9241918679028791,9545.92,1566.8,14.794856459330171,0.0,0.0,1995-02-12,0.681810269799826,16.0,35474.4,35406.399999999994,68.00000000000728,0.9980549902185738,30810.0,0.8701570858069219,10988.75,1566.8,140.44453513836353,0.0,0.0,1995-03-12,0.681810269799826,22.0,59732.5,58202.59999999999,1529.9000000000087,0.9743711652590253,51308.0,0.8815262286181612,15427.990909090908,1566.8,260.37490636218047,0.0,0.0,1995-04-12,0.681810269799826
5418,2245,950116,347952.0,48,7249.0,C,1995-01-16,48,29,POPLATEK MESICNE,930330,1993-03-30,2719,2719,646030,29,1964-10-30,F,Rokycany,west Bohemia,45714,52,10,5,1,6,55.6,8843,2.82,3.6,113,818.0,888,657,30.21218343600274,False,,0,1445,False,True,False,True,False,True,True,347952.0,48.0,7249.0,0.020833333333333332,657.0,30.21218343600274,1.0,8843.0,2.82,818.0,113.0,0.0,120.0,6.0,26033.4,18963.4,7070.0,0.7283978121254955,11714.6,0.617715298137563,49955.799999999996,44933.3,436.8325457570716,0.0,0.0,1995-02-14,6.198551524348186,14.0,73413.20000000001,64405.8,9007.400000000009,0.8772934936292978,49908.2,0.7748902289820329,60562.32857142856,44933.3,482.3549293772763,0.0,0.0,1995-03-17,6.198551524348186,19.0,98408.0,86069.20000000001,12338.799999999988,0.8746069973274804,64322.8,0.7473295054502022,63213.389473684205,44933.3,368.8589092668387,0.0,0.0,1995-04-12,6.198551524348186
6598,7857,950118,68112.0,12,5676.0,A,1995-01-18,12,75,POPLATEK MESICNE,930804,1993-08-04,9407,9715,776130,35,1977-11-30,F,Prerov,north Moravia,138032,67,30,4,2,5,64.6,8819,5.38,5.66,99,4063.0,4505,532,17.13347022587269,True,0.0,0,1443,False,True,False,True,False,True,True,68112.0,12.0,5676.0,0.08333333333333333,532.0,17.13347022587269,1.0,8819.0,5.38,4063.0,99.0,0.0,147.0,10.0,38246.8,29226.6,9020.200000000004,0.764138068071889,14214.6,0.48634167704498493,37281.799999999996,17182.3,1079.2674278846155,0.0,0.0,1995-02-12,3.0271846370683577,18.0,76533.8,53553.2,22980.600000000006,0.6997235244620748,23529.199999999997,0.43935302926754577,43919.266666666656,17182.3,647.65173495539,0.0,0.0,1995-03-12,3.0271846370683577,27.0,114865.8,87022.79999999999,27843.000000000015,0.7575974955339575,41986.8,0.48247490916278085,49411.07037037038,17182.3,444.4927241101195,0.0,0.0,1995-04-13,3.0271846370683577
5464,2419,950130,95808.0,12,7984.0,A,1995-01-30,12,24,POPLATEK MESICNE,931127,1993-11-27,2922,2922,400907,43,1940-09-07,M,Karlovy Vary,west Bohemia,122603,25,21,6,2,8,80.0,8991,1.39,2.01,128,5198.0,5273,429,54.39561943874059,True,0.0,0,1431,False,True,False,True,False,True,True,95808.0,12.0,7984.0,0.08333333333333333,429.0,54.39561943874059,0.0,8991.0,1.39,5198.0,128.0,0.0,90.0,9.0,6578.4,58757.5,-52179.1,8.930525579840108,50773.2,0.8640996621765361,45353.822222222225,20106.2,-1867.554789596109,0.0,0.0,1995-02-28,2.5183116232464933,17.0,54450.8,71256.40000000001,-16805.600000000006,1.3086142239558656,55287.799999999996,0.7758885392955678,38983.85882352941,7837.0,-431.8822173620457,0.0,0.0,1995-03-31,0.9815881763527055,22.0,67966.1,102555.30000000002,-34589.20000000001,1.5088962159633117,78602.4,0.766431706292056,40227.718181818185,7837.0,-127.36461072173782,0.0,0.0,1995-04-30,0.9815881763527055
6591,7819,950202,20832.0,48,434.0,C,1995-02-02,48,38,POPLATEK MESICNE,930801,1993-08-01,9362,9670,480504,38,1948-05-04,M,Louny,north Bohemia,85852,41,23,4,2,4,59.8,8965,7.08,8.23,104,2653.0,2822,550,46.74880219028063,False,,0,1428,False,True,False,True,False,True,True,20832.0,48.0,434.0,0.020833333333333332,550.0,46.74880219028063,0.0,8965.0,7.08,2653.0,104.0,0.0,151.0,9.0,8914.0,6351.6,2562.3999999999996,0.7124621424565339,214.6,0.033781443818279126,17854.32222222222,12169.5,248.22103835722595,0.0,0.0,1995-02-28,28.04032258064516,18.0,18639.5,12503.2,6136.299999999999,0.6707545398460342,229.2,0.01832984117336575,19272.18888888889,12169.5,140.43796259971234,0.0,0.0,1995-03-31,28.04032258064516,28.0,27878.8,19554.8,8324.0,0.7013967101629136,1143.8,0.05848904161425255,21023.978571428568,12169.5,119.70955431984534,0.0,0.0,1995-04-30,28.04032258064516
5724,3678,950205,316140.0,60,5269.0,D,1995-02-05,60,1,POPLATEK MESICNE,930324,1993-03-24,4433,4433,680222,1,1968-02-22,M,Hl.m. Praha,Prague,1204953,0,0,0,1,1,100.0,12541,0.29,0.43,167,85677.0,99107,683,26.954140999315538,False,,1,1425,False,True,False,True,False,True,True,316140.0,60.0,5269.0,0.016666666666666666,683.0,26.954140999315538,0.0,12541.0,0.29,85677.0,167.0,0.0,139.0,7.0,13367.4,14003.6,-636.2000000000007,1.0475150354567488,8734.6,0.6236950716193251,16911.542857142857,12123.8,-404.6096401900881,0.0,0.0,1995-02-28,2.300967925602581,14.0,26123.5,31987.199999999997,-5863.699999999997,1.2244138643801794,21449.2,0.6705347596926368,15267.078571428576,6948.1,-145.85623226271449,0.0,0.0,1995-04-01,1.3186752704498008,19.0,39285.2,37270.799999999996,2014.4000000000015,0.9486995433511003,21463.8,0.5758723753615335,14979.75789473684,6948.1,-66.61269704493849,0.0,0.0,1995-04-30,1.3186752704498008
6315,6472,950206,43164.0,12,3597.0,A,1995-02-06,12,61,POPLATEK MESICNE,940208,1994-02-08,7814,7814,765106,61,1976-01-06,F,Trebic,south Moravia,117897,139,28,5,1,6,53.8,8814,4.76,5.74,107,2112.0,2059,363,19.085557837097877,True,0.0,0,1424,False,True,False,True,False,True,True,43164.0,12.0,3597.0,0.08333333333333333,363.0,19.085557837097877,1.0,8814.0,4.76,2112.0,107.0,0.0,69.0,8.0,40938.5,44560.6,-3622.0999999999985,1.0884500299222022,40963.6,0.9192578363433987,41253.600000000006,22626.9,-496.92251521298186,0.0,0.0,1995-03-05,6.290492076730609,14.0,79614.4,72487.2,7127.199999999997,0.9104670704411458,65293.2,0.9007424656702746,46107.74285714286,22626.9,69.51300783384947,0.0,0.0,1995-04-04,6.290492076730609,20.0,118336.0,103248.8,15087.199999999997,0.8724980352721465,92457.8,0.895476795112436,51839.045,22626.9,250.44297812851394,0.0,0.0,1995-05-04,6.290492076730609
5876,4413,950208,221280.0,48,4610.0,C,1995-02-08,48,74,POPLATEK TYDNE,940115,1994-01-15,5318,5318,680328,74,1968-03-28,M,Ostrava - mesto,north Moravia,323870,0,0,0,1,1,100.0,10673,4.75,5.44,100,18782.0,18347,389,26.86652977412731,False,,0,1422,False,True,False,True,False,True,True,221280.0,48.0,4610.0,0.020833333333333332,389.0,26.86652977412731,0.0,10673.0,4.75,18782.0,100.0,0.0,71.0,10.0,67041.2,45869.0,21172.199999999997,0.6841810083797967,25655.0,0.5592980161325485,34090.48,19034.9,-153.74255457803835,0.0,0.0,1995-03-10,4.129045553145336,16.0,67143.2,85402.0,-18258.800000000003,1.2719192424662145,52776.0,0.6179642401320796,30566.012500000004,13055.9,-316.6878659960481,0.0,0.0,1995-04-09,2.8320824295010847,22.0,100705.59999999999,112544.0,-11838.400000000009,1.1175434380666214,67506.0,0.5998134079701453,30392.400000000012,13055.9,-137.01216170742012,0.0,0.0,1995-05-09,2.8320824295010847
6986,9750,950211,151728.0,48,3161.0,D,1995-02-11,48,74,POPLATEK MESICNE,940516,1994-05-16,11695,12003,760623,74,1976-06-23,M,Ostrava - mesto,north Moravia,323870,0,0,0,1,1,100.0,10673,4.75,5.44,100,18782.0,18347,271,18.636550308008214,False,,1,1419,False,True,False,True,False,True,True,151728.0,48.0,3161.0,0.020833333333333332,271.0,18.636550308008214,0.0,10673.0,4.75,18782.0,100.0,1.0,57.0,12.0,115307.7,97536.0,17771.699999999997,0.8458685250982797,91214.6,0.9351794703548397,72635.75833333335,23328.1,3233.514105214795,0.0,0.0,1995-03-12,7.379974691553305,18.0,162309.7,132611.30000000002,29698.399999999994,0.8170213054345771,123129.20000000001,0.9284900420247594,75067.95,23328.1,783.9442762535479,0.0,0.0,1995-04-12,7.379974691553305,28.0,241583.0,221786.60000000003,19796.399999999965,0.9180516921650442,209143.8,0.9429914025851759,78163.06785714286,23328.1,290.1719121321933,0.0,0.0,1995-05-12,7.379974691553305
6294,6353,950212,79920.0,60,1332.0,C,1995-02-12,60,26,POPLATEK MESICNE,931126,1993-11-26,7672,7672,530405,26,1953-04-05,M,Plzen - mesto,west Bohemia,170449,0,0,0,1,1,100.0,10787,2.64,3.09,131,6041.0,6261,443,41.856262833675565,False,,0,1418,False,True,False,True,False,True,True,79920.0,60.0,1332.0,0.016666666666666666,443.0,41.856262833675565,0.0,10787.0,2.64,6041.0,131.0,0.0,95.0,9.0,49027.1,20248.6,28778.5,0.41299989189872743,11014.6,0.5439416087231354,49091.88888888889,36959.1,-11.438375690607772,0.0,0.0,1995-03-12,27.747072072072072,16.0,73656.7,40965.2,32691.5,0.5561563828357388,23829.199999999997,0.5816795309303767,50060.14375,36959.1,83.88936027202278,0.0,0.0,1995-04-12,27.747072072072072,23.0,98294.2,65081.799999999996,33212.4,0.6621055758572137,40043.799999999996,0.6152746962331062,50597.217391304344,36959.1,63.3324691990602,0.0,0.0,1995-05-12,27.747072072072072
5132,817,950217,538500.0,60,8975.0,C,1995-02-17,60,5,POPLATEK MESICNE,940318,1994-03-18,981,981,600628,5,1960-06-28,M,Kolin,central Bohemia,95616,65,30,4,1,6,51.4,9307,3.85,4.43,118,2616.0,3040,336,34.639288158795345,False,,0,1413,False,True,False,True,False,True,True,538500.0,60.0,8975.0,0.016666666666666666,336.0,34.639288158795345,0.0,9307.0,3.85,2616.0,118.0,0.0,58.0,6.0,21483.7,18394.6,3089.100000000002,0.8561720666334647,4814.6,0.2617256300419666,30758.2,23352.1,336.476025236593,0.0,0.0,1995-03-14,2.6019052924791084,13.0,42979.2,42829.2,150.0,0.9964867543659639,15669.2,0.3658446610102218,31471.13846153846,23352.1,52.92734965864031,0.0,0.0,1995-04-15,2.6019052924791084,19.0,64474.6,63723.799999999996,750.8000000000029,0.9883397750466842,22983.800000000003,0.36067276790197855,31033.9052631579,23352.1,-0.6003708933614208,0.0,0.0,1995-05-14,2.6019052924791084
5877,4414,950223,97224.0,24,4051.0,A,1995-02-23,24,24,POPLATEK MESICNE,930910,1993-09-10,5320,5320,515407,17,1951-04-07,F,Karlovy Vary,west Bohemia,122603,25,21,6,2,8,80.0,8991,1.39,2.01,128,5198.0,5273,531,43.88227241615332,True,0.0,0,1407,False,True,False,True,False,True,True,97224.0,24.0,4051.0,0.041666666666666664,531.0,43.88227241615332,1.0,8991.0,1.39,5198.0,128.0,0.0,112.0,7.0,16126.0,11290.6,4835.4,0.7001054132820735,14.6,0.001292996563817351,26318.22857142857,19553.0,644.9992405063291,0.0,0.0,1995-03-12,4.82670945445569,14.0,30568.6,22581.2,7987.399999999998,0.7386815660002094,29.2,0.0012930538211511722,28137.035714285717,19553.0,146.85486562374652,0.0,0.0,1995-04-12,4.82670945445569,21.0,43125.3,33871.8,9253.5,0.7854093673697953,43.8,0.0012930729080560211,29346.290476190476,19553.0,99.97209042701648,0.0,0.0,1995-05-12,4.82670945445569
6227,6030,950304,28248.0,24,1177.0,A,1995-03-04,24,47,POPLATEK MESICNE,930824,1993-08-24,7286,7286,705210,47,1970-02-10,F,Pardubice,east Bohemia,162580,83,26,5,1,6,72.8,9538,1.51,1.81,111,6079.0,5410,557,25.059548254620122,True,0.0,0,1398,False,True,False,True,False,True,True,28248.0,24.0,1177.0,0.041666666666666664,557.0,25.059548254620122,1.0,9538.0,1.51,6079.0,111.0,0.0,94.0,5.0,20198.2,15891.6,4306.6,0.7867440294665136,14714.6,0.9258774523992298,44066.06,37889.1,-637.9579470198674,0.0,0.0,1995-03-31,32.19124893797791,10.0,40409.299999999996,33283.2,7126.0999999999985,0.8236315988745444,30929.199999999997,0.9292457081738482,45771.92,37889.1,-113.42573511242901,0.0,0.0,1995-04-30,32.19124893797791,15.0,60621.1,55674.799999999996,4946.300000000003,0.9183911477827392,52143.799999999996,0.9365613067077617,46280.44666666667,37889.1,-53.087614937136394,0.0,0.0,1995-05-31,32.19124893797791
7241,11021,950304,168984.0,24,7041.0,B,1995-03-04,24,1,POPLATEK MESICNE,930810,1993-08-10,13240,13548,760318,1,1976-03-18,M,Hl.m. Praha,Prague,1204953,0,0,0,1,1,100.0,12541,0.29,0.43,167,85677.0,99107,571,18.9596167008898,True,1.0,1,1398,False,True,False,True,False,True,True,168984.0,24.0,7041.0,0.041666666666666664,571.0,18.9596167008898,0.0,12541.0,0.29,85677.0,167.0,1.0,160.0,9.0,74582.6,44107.3,30475.300000000003,0.5913806788623772,37066.6,0.8403543097330887,69217.66666666667,43267.3,455.9599421092374,0.0,0.0,1995-04-02,6.145050418974578,15.0,102048.2,70862.6,31185.59999999999,0.6943964283894436,56781.2,0.8012745612698197,68425.26,43267.3,65.73965630267848,0.0,0.0,1995-05-02,6.145050418974578,21.0,144574.5,107417.90000000001,37156.59999999999,0.7429882656466691,86295.79999999999,0.8033576958989525,73729.94761904763,43267.3,238.4371142218173,0.0,0.0,1995-06-01,6.145050418974578
6737,8564,950311,76680.0,24,3195.0,A,1995-03-11,24,68,POPLATEK MESICNE,930912,1993-09-12,10255,10563,490107,68,1949-01-07,M,Frydek - Mistek,north Moravia,228848,15,40,18,2,6,57.2,9893,4.09,4.72,96,5623.0,5887,545,46.171115674195754,True,0.0,0,1391,False,True,False,True,False,True,True,76680.0,24.0,3195.0,0.041666666666666664,545.0,46.171115674195754,0.0,9893.0,4.09,5623.0,96.0,0.0,143.0,8.0,38751.1,25362.6,13388.5,0.6544832409082346,9514.6,0.37512813638442494,54535.675,40579.6,-595.1709494030698,0.0,0.0,1995-04-08,12.700970266040688,16.0,77546.30000000002,60325.2,17221.10000000002,0.7779148983910463,28629.2,0.47457323683573643,60044.368749999994,40579.6,17.592903090720892,0.0,0.0,1995-05-08,12.700970266040688,24.0,116390.5,98787.8,17602.699999999997,0.8487544193519286,51243.8,0.5187207456715741,62875.708333333336,40579.6,78.01676136363636,0.0,0.0,1995-06-08,12.700970266040688
7004,9869,950315,331560.0,60,5526.0,C,1995-03-15,60,12,POPLATEK MESICNE,930821,1993-08-21,11836,12144,801123,2,1980-11-23,M,Pribram,central Bohemia,107870,84,29,6,1,6,58.0,8754,3.83,4.31,137,3804.0,3868,571,14.30527036276523,False,,0,1387,False,True,False,True,False,True,True,331560.0,60.0,5526.0,0.016666666666666666,571.0,14.30527036276523,0.0,8754.0,3.83,3804.0,137.0,0.0,119.0,10.0,22376.9,30025.6,-7648.699999999997,1.3417523538848595,16114.6,0.5366774793016859,41790.9,30059.4,-276.47033354714546,0.0,0.0,1995-04-13,5.439630836047774,17.0,44755.8,50751.2,-5995.399999999994,1.1339327208379508,22929.2,0.45178731168304037,40384.794117647056,26612.7,-120.53291330756491,0.0,0.0,1995-05-13,4.815906623235613,25.0,83712.0,69956.8,13755.199999999997,0.8356742680348334,28223.799999999996,0.4034403597597408,39794.420000000006,26612.7,-58.73711752670096,0.0,0.0,1995-06-13,4.815906623235613
6169,5700,950316,103680.0,60,1728.0,D,1995-03-16,60,42,POPLATEK MESICNE,930720,1993-07-20,6895,6895,710624,42,1971-06-24,M,Havlickuv Brod,east Bohemia,95907,87,25,5,2,7,59.1,8388,2.41,2.94,87,1658.0,1668,604,23.72621492128679,False,,1,1386,False,True,False,True,False,True,True,103680.0,60.0,1728.0,0.016666666666666666,604.0,23.72621492128679,0.0,8388.0,2.41,1658.0,87.0,0.0,109.0,5.0,9737.8,3842.6,5895.199999999999,0.39456606563436974,2114.6,0.5501613071079197,32579.22,28235.9,353.70609756097565,0.0,0.0,1995-04-12,16.34021990740741,10.0,19494.3,11385.2,8109.0999999999985,0.5839971685483168,7929.2,0.696386854262177,34426.12000000001,28235.9,132.37028704422025,0.0,0.0,1995-05-12,16.34021990740741,17.0,41673.2,41447.8,225.39999999999418,0.9945673822172952,36263.8,0.8749059080118121,32029.58823529412,10158.6,-83.44344325153378,0.0,0.0,1995-06-12,5.878819444444445
5208,1247,950316,99696.0,48,2077.0,D,1995-03-16,48,25,POPLATEK MESICNE,930608,1993-06-08,1505,1505,715625,65,1971-06-25,F,Klatovy,west Bohemia,88757,60,33,3,2,10,61.7,8554,2.47,2.68,113,1822.0,2218,646,23.72347707049966,False,,1,1386,False,True,False,True,False,True,True,99696.0,48.0,2077.0,0.020833333333333332,646.0,23.72347707049966,1.0,8554.0,2.47,1822.0,113.0,1.0,108.0,6.0,25089.6,17291.6,7798.0,0.6891664607462555,15214.6,0.87983299214693,44823.56666666667,40764.8,-285.02018131651556,0.0,0.0,1995-04-12,19.626769378911895,16.0,121410.0,61323.2,60086.8,0.5050876773933168,57169.2,0.9322453452307572,42430.8125,7424.8,190.05563881021524,0.0,0.0,1995-05-15,3.5747713047664904,25.0,179451.5,203476.80000000002,-24025.300000000017,1.1338755380950392,197245.80000000002,0.9693725802028526,43380.864,7424.8,9.285332194114247,0.0,0.0,1995-06-12,3.5747713047664904
6694,8316,950319,134784.0,24,5616.0,A,1995-03-19,24,70,POPLATEK MESICNE,940604,1994-06-04,9961,10269,405511,70,1940-05-11,F,Karvina,north Moravia,285387,0,2,8,5,7,89.9,10177,6.63,7.75,81,9878.0,10108,288,54.85284052019165,True,0.0,0,1383,False,True,False,True,False,True,True,134784.0,24.0,5616.0,0.041666666666666664,288.0,54.85284052019165,1.0,10177.0,6.63,9878.0,81.0,0.0,55.0,6.0,29098.0,5630.8,23467.2,0.193504931440943,14.6,0.0025924216058808903,29493.933333333334,22918.7,1469.5203463203463,0.0,0.0,1995-04-12,4.0809650997151,12.0,29346.800000000003,18924.6,10422.200000000004,0.6448387954122625,7692.200000000001,0.4064441814262164,30781.291666666668,22918.7,112.52855541718557,0.0,0.0,1995-05-12,4.0809650997151,20.0,134203.2,46255.399999999994,87947.80000000002,0.3446643249615138,29406.8,0.6357347307615812,48510.755,22918.7,819.5338366949886,0.0,0.0,1995-06-12,4.0809650997151
5599,3064,950321,15420.0,12,1285.0,A,1995-03-21,12,40,POPLATEK MESICNE,930523,1993-05-23,3705,3705,655604,1,1965-06-04,F,Teplice,north Bohemia,128118,9,16,6,3,8,85.3,9317,6.49,7.07,97,6949.0,6872,667,29.793292265571527,True,0.0,0,1381,False,True,False,True,False,True,True,15420.0,12.0,1285.0,0.08333333333333333,667.0,29.793292265571527,1.0,9317.0,6.49,6949.0,97.0,0.0,151.0,7.0,9380.9,7968.6,1412.2999999999993,0.8493588718703036,514.6,0.0645703673961052,30270.442857142858,24525.5,-149.34611111111101,0.0,0.0,1995-04-13,19.085992217898834,14.0,18770.1,15837.2,2932.899999999998,0.8437012215586728,929.2,0.05866828301195843,30987.88571428571,24525.5,25.179470517448816,0.0,0.0,1995-05-13,19.085992217898834,22.0,37891.3,26065.800000000003,11825.5,0.687891735260198,3703.8,0.1420887872696303,31689.572727272716,24525.5,35.96542968750001,0.0,0.0,1995-06-13,19.085992217898834
6546,7607,950327,31728.0,24,1322.0,A,1995-03-27,24,1,POPLATEK MESICNE,930905,1993-09-05,9110,9418,500410,1,1950-04-10,M,Hl.m. Praha,Prague,1204953,0,0,0,1,1,100.0,12541,0.29,0.43,167,85677.0,99107,568,44.96098562628337,True,0.0,0,1375,False,True,False,True,False,True,True,31728.0,24.0,1322.0,0.041666666666666664,568.0,44.96098562628337,0.0,12541.0,0.29,85677.0,167.0,0.0,117.0,7.0,14971.1,13596.6,1374.5,0.9081291201635041,6254.6,0.4599782314526093,26697.64285714286,19332.2,-128.20361077111394,0.0,0.0,1995-04-14,14.623449319213314,13.0,29938.6,24553.2,5385.399999999998,0.8200911167817874,9869.2,0.40193531045605235,28080.1,19332.2,79.08394013130709,0.0,0.0,1995-05-14,14.623449319213314,21.0,52346.1,69469.8,-17123.700000000004,1.3270993044504855,47443.8,0.6829315338242831,28268.890476190478,15678.9,14.192678417698415,0.0,0.0,1995-06-20,11.859984871406958
5414,2228,950329,185952.0,48,3874.0,C,1995-03-29,48,34,POPLATEK MESICNE,940319,1994-03-19,2700,2700,450222,34,1945-02-22,M,Chomutov,north Bohemia,125236,28,11,1,4,5,87.7,9675,6.43,7.68,100,5323.0,5190,375,50.09445585215606,False,,0,1373,False,True,False,True,False,True,True,185952.0,48.0,3874.0,0.020833333333333332,375.0,50.09445585215606,0.0,9675.0,6.43,5323.0,100.0,0.0,34.0,12.0,126165.1,111413.3,14751.800000000003,0.8830684312188456,102914.6,0.9237108701486255,81716.49166666665,42547.1,1151.4718828451885,0.0,0.0,1995-04-28,10.982731027361899,20.0,126544.0,183987.60000000003,-57443.600000000035,1.453930222450512,166990.2,0.907611667244601,77285.625,24941.7,-325.56826324237574,0.0,0.0,1995-05-16,6.4382292204439855,25.0,128474.70000000001,192500.9,-64026.19999999998,1.498344823184462,167004.80000000002,0.8675488397776854,66569.748,18359.1,-907.0494967087312,0.0,0.0,1995-06-13,4.739055240061951
5453,2361,950401,156672.0,36,4352.0,A,1995-04-01,36,28,POPLATEK MESICNE,940225,1994-02-25,2853,2853,565425,28,1956-04-25,F,Plzen - sever,west Bohemia,72541,66,26,10,0,8,36.9,8594,1.62,2.01,112,1580.0,1525,400,38.93223819301848,True,0.0,0,1370,False,True,False,True,False,True,True,156672.0,36.0,4352.0,0.027777777777777776,400.0,38.93223819301848,1.0,8594.0,1.62,1580.0,112.0,0.0,75.0,7.0,11215.3,10059.6,1155.699999999999,0.8968733004645026,1094.6,0.10880066795220959,21833.35714285714,14306.5,322.3523316062176,0.0,0.0,1995-04-30,3.2873391544117645,13.0,21134.899999999998,19039.199999999997,2095.7000000000007,0.9007991143031524,1109.1999999999998,0.05825569059148538,22040.25384615385,14306.5,96.94841861009283,0.0,0.0,1995-05-31,3.2873391544117645,20.0,31612.9,36138.799999999996,-4525.899999999994,1.1431300788577174,9243.800000000001,0.2557789473101678,21560.605000000003,14306.5,2.377433968480593,0.0,0.0,1995-06-30,3.2873391544117645
5740,3752,950402,18564.0,12,1547.0,A,1995-04-02,12,1,POPLATEK MESICNE,941125,1994-11-25,4527,4527,635204,1,1963-02-04,F,Hl.m. Praha,Prague,1204953,0,0,0,1,1,100.0,12541,0.29,0.43,167,85677.0,99107,128,32.15605749486653,True,0.0,0,1369,False,True,False,True,False,True,True,18564.0,12.0,1547.0,0.08333333333333333,128.0,32.15605749486653,1.0,12541.0,0.29,85677.0,167.0,0.0,13.0,6.0,17271.9,15579.6,1692.300000000001,0.9019678224270389,10814.6,0.6941067738084541,51565.399999999994,44769.7,-734.2086866597724,0.0,0.0,1995-04-30,28.93968972204266,12.0,34546.200000000004,35259.2,-712.9999999999927,1.0206094849944423,25729.199999999997,0.7296952371228751,51386.93333333333,42362.0,-229.2060378359264,0.0,0.0,1995-05-31,27.383322559793147,18.0,60362.8,58138.799999999996,2224.0000000000073,0.9631401601622163,43843.799999999996,0.7541099212587591,52838.022222222215,42362.0,-47.62869714890985,0.0,0.0,1995-06-30,27.383322559793147
5804,4079,950405,158976.0,48,3312.0,C,1995-04-05,48,52,POPLATEK MESICNE,931103,1993-11-03,4916,4916,390109,52,1939-01-09,M,Usti nad Orlici,east Bohemia,139012,59,41,8,3,10,61.9,8363,2.52,3.49,108,2564.0,2799,518,56.23545516769336,False,,0,1366,False,True,False,True,False,True,True,158976.0,48.0,3312.0,0.020833333333333332,518.0,56.23545516769336,0.0,8363.0,2.52,2564.0,108.0,0.0,156.0,9.0,27841.2,20974.6,6866.600000000002,0.7533384574494831,12114.6,0.5775567802589676,34513.62222222223,25635.4,-771.5881745797701,0.0,0.0,1995-04-30,7.740157004830919,19.0,120615.0,85949.20000000001,34665.79999999999,0.7125853949724748,68229.20000000001,0.7938224692903565,53729.757894736846,25635.4,666.3569625034793,0.0,0.0,1995-05-31,7.740157004830919,32.0,236583.0,164423.80000000002,72159.19999999998,0.6949912081966659,137843.80000000002,0.8383394719044815,60470.35625000001,23925.2,395.52521067678407,0.0,0.0,1995-06-30,7.223792270531401
6745,8625,950410,47304.0,24,1971.0,A,1995-04-10,24,64,POPLATEK MESICNE,931110,1993-11-10,10328,10636,710803,64,1971-08-03,M,Zlin,south Moravia,197099,29,41,10,2,10,74.7,9624,1.6,2.31,145,4484.0,4265,516,23.685147159479808,True,0.0,0,1361,False,True,False,True,False,True,True,47304.0,24.0,1971.0,0.041666666666666664,516.0,23.685147159479808,0.0,9624.0,1.6,4484.0,145.0,0.0,167.0,10.0,69446.6,23736.4,45710.200000000004,0.34178862912469254,13614.6,0.5735505994759325,62189.0,39204.4,836.9566288137912,0.0,0.0,1995-05-07,19.890613901572806,21.0,142818.59999999998,129472.80000000002,13345.79999999996,0.9065478407725553,109229.20000000001,0.8436394081273586,81220.80952380951,39204.4,944.5159748213674,0.0,0.0,1995-06-06,19.890613901572806,28.0,156944.69999999995,156009.2,935.4999999999418,0.994032968090238,125643.79999999999,0.8053563164459758,77021.93214285713,39204.4,30.853315065409536,0.0,0.0,1995-07-09,19.890613901572806
6950,9591,950411,104712.0,24,4363.0,A,1995-04-11,24,74,POPLATEK MESICNE,930520,1993-05-20,11496,11804,441212,74,1944-12-12,M,Ostrava - mesto,north Moravia,323870,0,0,0,1,1,100.0,10673,4.75,5.44,100,18782.0,18347,691,50.327173169062284,True,0.0,0,1360,False,True,False,True,False,True,True,104712.0,24.0,4363.0,0.041666666666666664,691.0,50.327173169062284,0.0,10673.0,4.75,18782.0,100.0,0.0,191.0,5.0,7884.2,8523.3,-639.0999999999995,1.0809237558971236,14.6,0.0017127506070879722,19788.0,17438.6,212.6016819571866,0.0,0.0,1995-05-10,3.9969287187714873,10.0,14054.9,17046.6,-2991.699999999999,1.2127718609267282,29.2,0.001712851075811258,19123.05,16799.5,24.955741170253358,0.0,0.0,1995-06-10,3.850446940178776,15.0,17817.9,25569.9,-7752.0,1.4349875693785812,43.8,0.0017128845680050367,17795.173333333332,14049.4,-45.331598386937635,0.0,0.0,1995-07-10,3.220123768049507
6996,9828,950413,126600.0,24,5275.0,A,1995-04-13,24,11,POPLATEK MESICNE,930520,1993-05-20,11787,12095,390227,47,1939-02-27,M,Praha - zapad,central Bohemia,75637,35,36,9,0,7,36.5,9622,0.45,0.59,154,3475.0,3529,693,56.12320328542094,True,0.0,0,1358,False,True,False,True,False,True,True,126600.0,24.0,5275.0,0.041666666666666664,693.0,56.12320328542094,0.0,9622.0,0.45,3475.0,154.0,0.0,132.0,6.0,31822.6,36389.299999999996,-4566.699999999997,1.1434689978506516,31114.6,0.8550245532463322,49301.26666666666,42520.6,353.9421276595745,0.0,0.0,1995-05-12,8.060777251184835,12.0,79472.4,79093.6,378.79999999998836,0.9952210425123376,68544.2,0.8666103627807713,49184.424999999996,35739.0,104.00093980515715,0.0,0.0,1995-06-12,6.775165876777251,18.0,111311.2,115416.90000000001,-4105.700000000012,1.0368755626067943,99592.79999999999,0.8628886853772246,52038.73333333333,35739.0,152.54005339435545,0.0,0.0,1995-07-12,6.775165876777251
5352,1993,950415,68400.0,12,5700.0,B,1995-04-15,12,68,POPLATEK MESICNE,941030,1994-10-30,2422,2422,765609,68,1976-06-09,F,Frydek - Mistek,north Moravia,228848,15,40,18,2,6,57.2,9893,4.09,4.72,96,5623.0,5887,167,18.847364818617386,True,1.0,1,1356,False,True,False,True,False,True,True,68400.0,12.0,5700.0,0.08333333333333333,167.0,18.847364818617386,1.0,9893.0,4.09,5623.0,96.0,0.0,14.0,5.0,56608.9,25000.3,31608.600000000002,0.44162416821086065,19300.0,0.7719598580873794,53183.58,43219.1,-69.90558086560368,0.0,0.0,1995-05-12,7.582298245614035,10.0,56811.6,62715.200000000004,-5903.600000000006,1.1038959667397725,51314.6,0.8182032712441123,41565.8,18042.4,-642.6686550976137,0.0,0.0,1995-06-12,3.1653333333333338,15.0,104997.8,89730.09999999999,15267.700000000012,0.8545821476054963,72629.20000000001,0.8094094466689924,43705.54,18042.4,-153.47333355464082,0.0,0.0,1995-07-12,3.1653333333333338
6151,5628,950425,225420.0,60,3757.0,C,1995-04-25,60,61,POPLATEK MESICNE,940617,1994-06-17,6798,6798,485803,61,1948-08-03,F,Trebic,south Moravia,117897,139,28,5,1,6,53.8,8814,4.76,5.74,107,2112.0,2059,312,46.724161533196444,False,,0,1346,False,True,False,True,False,True,True,225420.0,60.0,3757.0,0.016666666666666666,312.0,46.724161533196444,1.0,8814.0,4.76,2112.0,107.0,0.0,51.0,5.0,13949.5,15471.6,-1522.1000000000004,1.1090355184401992,11714.6,0.7571190362317904,36971.32,30881.4,396.2854271356785,0.0,0.0,1995-05-13,8.21969656640937,10.0,34809.2,33743.2,1066.0,0.9693480646477182,26229.2,0.777295061077163,38003.57,30881.4,135.91818521284537,0.0,0.0,1995-06-12,8.21969656640937,15.0,48762.899999999994,49814.8,-1051.9000000000087,1.0215507783421753,38543.8,0.773726408087394,37406.68666666666,30881.4,11.446439671058005,0.0,0.0,1995-07-12,8.21969656640937
5310,1762,950428,248148.0,36,6893.0,A,1995-04-28,36,28,POPLATEK MESICNE,931211,1993-12-11,2136,2136,405724,28,1940-07-24,F,Plzen - sever,west Bohemia,72541,66,26,10,0,8,36.9,8594,1.62,2.01,112,1580.0,1525,503,54.75975359342916,True,0.0,0,1343,False,True,False,True,False,True,True,248148.0,36.0,6893.0,0.027777777777777776,503.0,54.75975359342916,1.0,8594.0,1.62,1580.0,112.0,0.0,120.0,9.0,19072.5,22064.6,-2992.0999999999985,1.1568196712716596,8994.6,0.40762997607135093,37659.23333333333,28981.5,16.898757763975183,0.0,0.0,1995-05-20,4.2044828086464525,18.0,47592.5,71609.2,-24016.699999999997,1.5046004181243235,45469.2,0.6349542383626914,36071.827777777784,17091.8,-116.30413874509705,0.0,0.0,1995-06-12,2.479587987813724,26.0,76300.5,84693.79999999999,-8393.299999999988,1.1099886633945595,45483.799999999996,0.5370317894368958,32779.19615384615,17091.8,-190.25631828199,0.0,0.0,1995-07-12,2.479587987813724
5045,347,950501,187224.0,24,7801.0,B,1995-05-01,24,65,POPLATEK MESICNE,931213,1993-12-13,424,424,471008,1,1947-10-08,M,Znojmo,south Moravia,114200,101,41,4,1,4,43.7,8403,5.74,5.72,105,2157.0,2718,504,47.56194387405886,True,1.0,1,1340,False,True,False,True,False,True,True,187224.0,24.0,7801.0,0.041666666666666664,504.0,47.56194387405886,0.0,8403.0,5.74,2157.0,105.0,1.0,88.0,5.0,144.7,25671.8,-25527.1,176.19629375428966,17870.6,0.696090804275342,28212.5,25174.9,-345.5993377483444,0.0,0.0,1995-05-31,3.2271375464684016,10.0,1585.8,47332.6,-45746.799999999996,29.828963952609023,31730.199999999997,0.6703525613940203,18062.68,5058.9,-562.7097483763586,0.0,0.0,1995-06-30,0.6484937828483527,13.0,27209.8,55133.8,-27924.000000000004,2.0261734311376367,31730.199999999997,0.5755022236409671,16654.2,2584.2,-339.3609084515298,0.0,0.0,1995-07-15,0.33126522240738365
6929,9472,950508,36396.0,12,3033.0,A,1995-05-08,12,1,POPLATEK TYDNE,930706,1993-07-06,11354,11662,720403,76,1972-04-03,M,Hl.m. Praha,Prague,1204953,0,0,0,1,1,100.0,12541,0.29,0.43,167,85677.0,99107,671,23.093771389459274,True,0.0,0,1333,False,True,False,True,False,True,True,36396.0,12.0,3033.0,0.08333333333333333,671.0,23.093771389459274,0.0,12541.0,0.29,85677.0,167.0,0.0,158.0,10.0,85776.3,71764.0,14012.300000000003,0.8366316029998613,63612.0,0.8863930885529158,64223.78000000001,28047.6,1470.6900100908176,0.0,0.0,1995-06-06,9.24747774480712,16.0,135485.8,92146.0,43339.79999999999,0.6801105347532012,75842.0,0.8230544673185236,63418.25,28047.6,181.84546197194794,0.0,0.0,1995-07-06,9.24747774480712,22.0,135768.09999999998,139335.0,-3566.9000000000233,1.026264444560655,114879.0,0.8244746512028478,61129.5,28047.6,-108.64930441487044,0.0,0.0,1995-08-06,9.24747774480712
5151,960,950524,189060.0,60,3151.0,C,1995-05-24,60,4,POPLATEK PO OBRATU,941102,1994-11-02,1157,1157,586230,4,1958-12-30,F,Kladno,central Bohemia,149893,63,29,6,2,6,67.4,9753,4.64,5.05,109,5244.0,5892,203,36.39698836413415,False,,0,1317,False,True,False,True,False,True,True,189060.0,60.0,3151.0,0.016666666666666666,203.0,36.39698836413415,1.0,9753.0,4.64,5244.0,109.0,0.0,30.0,7.0,60259.2,43429.0,16830.199999999997,0.7206912688640263,34338.0,0.7906516233018651,57758.37142857142,31699.8,1737.0066592674802,0.0,0.0,1995-06-13,10.06023484608061,16.0,100560.9,115775.0,-15214.100000000006,1.151280952328864,97593.0,0.8429467247097844,54795.29375,19660.5,-186.05286893721274,0.0,0.0,1995-07-13,6.239447794350999,23.0,140788.8,151068.0,-10279.200000000012,1.0730038681779506,123795.0,0.8194599818625926,53325.78260869566,19660.5,-84.04775422536426,0.0,0.0,1995-08-20,6.239447794350999
5212,1256,950529,71064.0,36,1974.0,A,1995-05-29,36,38,POPLATEK MESICNE,940421,1994-04-21,1516,1516,466017,38,1946-10-17,F,Louny,north Bohemia,85852,41,23,4,2,4,59.8,8965,7.08,8.23,104,2653.0,2822,403,48.61327857631759,True,0.0,0,1312,False,True,False,True,False,True,True,71064.0,36.0,1974.0,0.027777777777777776,403.0,48.61327857631759,1.0,8965.0,7.08,2653.0,104.0,0.0,86.0,8.0,23046.5,27436.6,-4390.0999999999985,1.1904371406877101,18834.6,0.6864521678280899,40744.225000000006,27006.9,282.6288793103449,0.0,0.0,1995-06-15,13.68130699088146,16.0,38454.1,44433.2,-5979.0999999999985,1.1554566234387635,27229.199999999997,0.6127982499966242,37025.425,25417.8,-193.60133032818425,0.0,0.0,1995-07-23,12.876291793313069,23.0,53850.799999999996,56049.799999999996,-2199.0,1.0408157201801982,30243.800000000003,0.5395783824673333,35628.986956521745,25417.8,-123.37938885740813,0.0,0.0,1995-08-14,12.876291793313069
5138,854,950530,87216.0,48,1817.0,C,1995-05-30,48,62,POPLATEK MESICNE,930921,1993-09-21,1029,1029,545316,1,1954-03-16,F,Uherske Hradiste,south Moravia,145688,22,41,13,2,5,40.7,8544,1.29,1.86,109,2719.0,2906,616,41.204654346338124,False,,0,1311,False,True,False,True,False,True,True,87216.0,48.0,1817.0,0.020833333333333332,616.0,41.204654346338124,1.0,8544.0,1.29,2719.0,109.0,0.0,148.0,8.0,15720.5,15761.6,-41.100000000000364,1.0025506472028751,9614.6,0.60996282339208,32193.524999999998,25788.2,477.89816091954015,0.0,0.0,1995-06-14,14.192735277930655,16.0,26246.5,26323.2,-76.70000000000073,1.0028840841984952,14029.2,0.5329392726084743,31201.2875,25755.6,-16.209677819083037,0.0,0.0,1995-07-14,14.174793615850302,25.0,36768.5,42084.8,-5316.300000000003,1.1445573097268118,23643.800000000003,0.5617999420232003,30090.888,21479.0,-56.21685486664356,0.0,0.0,1995-08-21,11.821133736929005
5713,3629,950530,158760.0,60,2646.0,C,1995-05-30,60,48,POPLATEK MESICNE,930727,1993-07-27,4377,4377,780131,48,1978-01-31,M,Rychnov nad Kneznou,east Bohemia,78955,50,24,8,1,9,59.0,9060,1.78,2.44,124,1655.0,1717,672,17.32511978097194,False,,0,1311,False,True,False,True,False,True,True,158760.0,60.0,2646.0,0.016666666666666666,672.0,17.32511978097194,0.0,9060.0,1.78,1655.0,124.0,0.0,166.0,8.0,23916.9,14464.1,9452.800000000001,0.6047395465320952,814.6,0.056314854373630326,21422.3,8270.6,546.177157622739,0.0,0.0,1995-06-17,3.1256991685563116,17.0,39895.2,34628.2,5267.0,0.8679573493214893,7329.2,0.2116479733866217,21953.311764705886,8270.6,37.86946469980169,0.0,0.0,1995-07-17,3.1256991685563116,25.0,55870.5,50592.3,5278.199999999997,0.9055117546512981,9643.8,0.1906141722322916,22454.884000000005,8270.6,35.054489574327974,0.0,0.0,1995-08-16,3.1256991685563116
6704,8377,950601,417060.0,60,6951.0,C,1995-06-01,60,29,POPLATEK MESICNE,931120,1993-11-20,10042,10350,615914,29,1961-09-14,F,Rokycany,west Bohemia,45714,52,10,5,1,6,55.6,8843,2.82,3.6,113,818.0,888,558,33.711156741957566,False,,0,1309,False,True,False,True,False,True,True,417060.0,60.0,6951.0,0.016666666666666666,558.0,33.711156741957566,1.0,8843.0,2.82,818.0,113.0,0.0,74.0,15.0,111495.5,121755.40000000001,-10259.900000000009,1.0920109599852912,108614.6,0.8920648113774717,83082.79333333335,62819.8,-244.18032018742662,0.0,0.0,1995-06-30,9.037519781326429,24.0,131049.09999999999,151810.80000000002,-20761.700000000026,1.1584180401235866,125529.20000000001,0.826873800323822,75377.24583333333,50495.9,-542.0590437989607,0.0,0.0,1995-07-31,7.264551863041289,32.0,212343.09999999998,224751.6,-12408.50000000003,1.0584311031010516,185329.2,0.8245920180678666,72988.41875000001,39876.1,-279.0221853974547,0.0,0.0,1995-08-26,5.736742914688534
6474,7190,950606,63360.0,60,1056.0,C,1995-06-06,60,49,POPLATEK MESICNE,930906,1993-09-06,8677,8677,550814,49,1955-08-14,M,Semily,east Bohemia,75685,31,28,5,1,9,60.8,8208,1.89,2.26,155,1660.0,2123,638,39.81108829568789,False,,0,1304,False,True,False,True,False,True,True,63360.0,60.0,1056.0,0.016666666666666666,638.0,39.81108829568789,0.0,8208.0,1.89,1660.0,155.0,0.0,119.0,9.0,20349.5,18664.6,1684.9000000000015,0.9171568266135967,12214.6,0.6543909651980114,28106.3,19227.9,-497.24889624724057,0.0,0.0,1995-07-06,18.20823863636364,14.0,21344.7,25129.199999999997,-3784.4999999999964,1.1772488135783785,12229.2,0.48663361214793366,26112.557142857146,19227.9,-253.53985833408052,0.0,0.0,1995-07-31,18.20823863636364,20.0,31633.6,31593.799999999996,39.80000000000291,0.998710272929008,12243.800000000001,0.38752579538405063,26242.670000000002,19227.9,-72.55690843297097,0.0,0.0,1995-08-31,18.20823863636364
6676,8159,950613,29784.0,24,1241.0,A,1995-06-13,24,26,POPLATEK MESICNE,950208,1995-02-08,9768,10076,696225,26,1969-12-25,F,Plzen - mesto,west Bohemia,170449,0,0,0,1,1,100.0,10787,2.64,3.09,131,6041.0,6261,125,25.464750171115675,True,0.0,0,1297,False,True,False,True,False,True,True,29784.0,24.0,1241.0,0.041666666666666664,125.0,25.464750171115675,1.0,10787.0,2.64,6041.0,131.0,0.0,12.0,6.0,11646.1,17927.0,-6280.9,1.5391814271363686,12100.0,0.6749219098616689,38905.73333333333,31639.4,-746.2608695652174,0.0,0.0,1995-07-12,25.49508460918614,13.0,23285.9,30568.6,-7282.699999999997,1.3126951204325177,18914.6,0.6187388778394222,36382.807692307695,30637.5,-173.39917879161536,0.0,0.0,1995-08-12,24.68775181305399,18.0,34910.7,41317.2,-6406.5,1.1834771724092497,26629.199999999997,0.644490805504596,35711.561111111114,30637.5,-91.91587514218574,0.0,0.0,1995-09-08,24.68775181305399
6965,9656,950613,139536.0,24,5814.0,A,1995-06-13,24,61,POPLATEK MESICNE,931114,1993-11-14,11578,11886,415913,61,1941-09-13,F,Trebic,south Moravia,117897,139,28,5,1,6,53.8,8814,4.76,5.74,107,2112.0,2059,576,53.74674880219028,True,0.0,0,1297,False,True,False,True,False,True,True,139536.0,24.0,5814.0,0.041666666666666664,576.0,53.74674880219028,1.0,8814.0,4.76,2112.0,107.0,0.0,165.0,6.0,3357.6,22849.1,-19491.5,6.803162031798964,6314.6,0.276348900004814,25031.666666666668,16981.3,-710.202294455067,0.0,0.0,1995-07-12,2.9207602339181284,12.0,19155.0,39398.2,-20243.199999999997,2.056702860722489,6329.200000000001,0.1606428556925014,21565.608333333337,12743.2,-244.0967008780669,0.0,0.0,1995-08-12,2.1918128654970763,19.0,96604.9,76433.8,20171.09999999999,0.7911918423201897,32643.800000000003,0.42708033513530486,41209.87368421053,12743.2,820.3722828130876,0.0,0.0,1995-09-05,2.1918128654970763
6725,8489,950623,265320.0,36,7370.0,A,1995-06-23,36,19,POPLATEK MESICNE,930918,1993-09-18,10167,10475,485828,51,1948-08-28,F,Prachatice,south Bohemia,51428,50,11,3,1,4,52.7,8402,3.13,3.98,120,999.0,1099,643,46.81724845995893,True,0.0,0,1287,False,True,False,True,False,True,True,265320.0,36.0,7370.0,0.027777777777777776,643.0,46.81724845995893,1.0,8402.0,3.13,999.0,120.0,0.0,148.0,7.0,17857.5,20019.6,-2162.0999999999985,1.1210124030573676,8814.6,0.440276515189355,40361.17142857143,33127.6,432.92314335060456,0.0,0.0,1995-07-12,4.494925373134328,16.0,35693.600000000006,44779.2,-9085.599999999991,1.2545090854078766,22369.2,0.4995332758674593,37118.9125,26204.1,-143.3335632289607,0.0,0.0,1995-08-12,3.55550881953867,23.0,53509.4,60998.799999999996,-7489.399999999994,1.1399428896065062,27383.800000000003,0.44891622595483927,35608.92608695651,26204.1,-112.49867936735255,0.0,0.0,1995-09-12,3.55550881953867
7166,10630,950624,198240.0,24,8260.0,A,1995-06-24,24,41,POPLATEK MESICNE,950115,1995-01-15,12763,13071,560218,41,1956-02-18,M,Usti nad Labem,north Bohemia,118650,8,8,5,1,3,85.6,9832,3.32,4.48,114,6445.0,5471,160,39.34565366187543,True,0.0,0,1286,False,True,False,True,False,True,True,198240.0,24.0,8260.0,0.041666666666666664,160.0,39.34565366187543,0.0,9832.0,3.32,6445.0,114.0,0.0,16.0,7.0,13132.6,19997.6,-6864.999999999998,1.5226289821526464,4434.6,0.2217455221865531,32517.614285714288,25312.1,-332.43503893214677,0.0,0.0,1995-07-14,3.064418886198547,13.0,26232.4,40675.2,-14442.799999999996,1.5505119427904883,9549.2,0.23476135922234628,29813.176923076928,20334.4,-198.15491755496328,0.0,0.0,1995-08-14,2.46179176755448,19.0,45303.5,56252.799999999996,-10949.299999999996,1.2416603207186923,9563.800000000001,0.17001162588127383,27966.826315789473,18727.8,-135.34803519549092,0.0,0.0,1995-09-14,2.2672881355932204
7138,10440,950703,60000.0,60,1000.0,C,1995-07-03,60,72,POPLATEK MESICNE,930913,1993-09-13,12536,12844,461015,45,1946-10-15,M,Olomouc,north Moravia,226122,32,50,7,4,4,62.6,8994,3.8,4.79,110,9672.0,9208,658,48.714579055441476,False,,0,1277,False,True,False,True,False,True,True,60000.0,60.0,1000.0,0.016666666666666666,658.0,48.714579055441476,0.0,8994.0,3.8,9672.0,110.0,0.0,137.0,7.0,8047.7,5924.6,2123.0999999999995,0.7360940276069428,14.6,0.0024638855137032534,21123.0,18934.6,-168.72598425196844,0.0,0.0,1995-07-31,18.9346,15.0,20111.2,15329.2,4782.0,0.7621841469356908,3509.2,0.22890764634512267,23097.81333333334,18934.6,24.578778277017417,0.0,0.0,1995-08-31,18.9346,22.0,29282.8,21253.8,8029.0,0.7257869538789364,3523.7999999999997,0.16578843367145302,24035.668181818186,18934.6,45.513543720078886,0.0,0.0,1995-09-30,18.9346
5970,4774,950709,465072.0,48,9689.0,C,1995-07-09,48,66,POPLATEK MESICNE,940114,1994-01-14,5760,5760,480508,66,1948-05-08,M,Zdar nad Sazavou,south Moravia,125832,151,41,2,3,5,48.3,8512,3.51,4.12,102,2247.0,2103,541,47.167693360711844,False,,0,1271,False,True,False,True,False,True,True,465072.0,48.0,9689.0,0.020833333333333332,541.0,47.167693360711844,0.0,8512.0,3.51,2247.0,102.0,0.0,103.0,6.0,23544.9,21003.6,2541.300000000003,0.8920279114410575,11314.6,0.5386724812660084,30121.966666666664,22463.4,527.4212041256894,0.0,0.0,1995-08-07,2.318443595830323,12.0,51198.3,37807.2,13391.100000000006,0.7384319707496,18429.199999999997,0.48743923275903106,29775.3,22463.4,119.37846406763738,0.0,0.0,1995-09-07,2.318443595830323,19.0,74785.5,64110.799999999996,10674.700000000004,0.8572509744405741,35043.8,0.5466045252200064,32025.431578947366,22463.4,109.43110121969846,0.0,0.0,1995-10-07,2.318443595830323
6157,5650,950710,98592.0,24,4108.0,A,1995-07-10,24,10,POPLATEK PO OBRATU,950108,1995-01-08,6829,6829,636224,10,1963-12-24,F,Praha - vychod,central Bohemia,92084,55,29,4,3,5,46.7,10124,0.56,0.54,141,3810.0,4316,183,31.54277891854894,True,0.0,0,1270,False,True,False,True,False,True,True,98592.0,24.0,4108.0,0.041666666666666664,183.0,31.54277891854894,1.0,10124.0,0.56,3810.0,141.0,0.0,26.0,7.0,24912.7,29038.3,-4125.5999999999985,1.1655554975776379,14400.0,0.4958797216186341,56799.18571428571,39746.3,-684.5771551724137,0.0,0.0,1995-08-06,9.675340798442065,13.0,49796.299999999996,56476.6,-6680.300000000003,1.1341297620553725,27200.0,0.4816068671473292,56177.269230769234,37191.5,-219.0000631253353,0.0,0.0,1995-09-05,9.053432327166504,19.0,74690.79999999999,79414.9,-4724.100000000006,1.0632345183808665,35500.0,0.4470137592094279,55503.15789473684,37191.5,-120.33580575778807,0.0,0.0,1995-10-05,9.053432327166504
6153,5632,950725,285600.0,60,4760.0,C,1995-07-25,60,5,POPLATEK TYDNE,941115,1994-11-15,6803,6803,806207,5,1980-12-07,F,Kolin,central Bohemia,95616,65,30,4,1,6,51.4,9307,3.85,4.43,118,2616.0,3040,252,14.628336755646817,False,,0,1255,False,True,False,True,False,True,True,285600.0,60.0,4760.0,0.016666666666666666,252.0,14.628336755646817,1.0,9307.0,3.85,2616.0,118.0,0.0,49.0,5.0,2634.6,8835.0,-6200.4,3.352177872211261,4075.0,0.4611815301041195,25926.0,21994.0,-344.1836734693878,0.0,0.0,1995-08-12,4.620588235294117,12.0,19492.5,26910.0,-7417.5,1.3804601533844616,17390.0,0.6462041544349895,29007.125000000004,20776.9,54.305593607305994,0.0,0.0,1995-09-12,4.364894957983194,16.0,21404.399999999998,31700.0,-10295.600000000002,1.4809347174077572,17420.0,0.5495094791962398,26899.39375,17898.7,-114.43884025373583,0.0,0.0,1995-10-12,3.760231092436975
5693,3489,950801,44088.0,24,1837.0,A,1995-08-01,24,9,POPLATEK MESICNE,941208,1994-12-08,4217,4217,515625,9,1951-06-25,F,Nymburk,central Bohemia,81344,61,23,4,2,6,55.3,8899,3.39,3.97,149,2987.0,2487,236,44.101300479123886,True,0.0,0,1248,False,True,False,True,False,True,True,44088.0,24.0,1837.0,0.041666666666666664,236.0,44.101300479123886,1.0,8899.0,3.39,2987.0,149.0,0.0,32.0,6.0,16404.5,12224.6,4179.9,0.7451525403066045,7014.6,0.5737632508833922,47768.666666666664,37368.6,102.86302622083235,0.0,0.0,1995-08-31,20.342188350571583,12.0,32820.4,26249.2,6571.200000000001,0.7997586940228022,15829.2,0.6030125484758212,48960.51666666667,37368.6,89.30269465295531,0.0,0.0,1995-09-30,20.342188350571583,16.0,49023.4,44559.2,4464.200000000004,0.9089188240957563,28929.2,0.6492161166242522,48681.9625,37368.6,33.83849494971698,0.0,0.0,1995-10-12,20.342188350571583
5922,4580,950805,20220.0,12,1685.0,A,1995-08-05,12,9,POPLATEK MESICNE,940827,1994-08-27,5521,5521,735515,9,1973-05-15,F,Nymburk,central Bohemia,81344,61,23,4,2,6,55.3,8899,3.39,3.97,149,2987.0,2487,343,22.223134839151268,True,0.0,0,1244,False,True,False,True,False,True,True,20220.0,12.0,1685.0,0.08333333333333333,343.0,22.223134839151268,1.0,8899.0,3.39,2987.0,149.0,0.0,51.0,6.0,40939.9,10422.4,30517.5,0.2545718340339367,14.6,0.001400694591016367,42007.0,20895.5,1999.431988873435,0.0,0.0,1995-08-31,12.400890207715134,15.0,100548.79999999999,38785.799999999996,61762.99999999999,0.38573721678213185,17970.199999999997,0.46330710447884327,57722.3,20895.5,1111.7423587459605,0.0,0.0,1995-10-04,12.400890207715134,26.0,153657.09999999998,107479.20000000001,46177.899999999965,0.6994697969062486,76255.8,0.7094869566673675,66474.76923076923,20895.5,664.1987432366956,0.0,0.0,1995-11-01,12.400890207715134
5959,4727,950811,107640.0,24,4485.0,A,1995-08-11,24,2,POPLATEK MESICNE,950213,1995-02-13,5701,5701,596122,2,1959-11-22,F,Benesov,central Bohemia,88884,80,26,6,2,5,46.7,8507,1.67,1.85,132,2159.0,2674,179,35.71800136892539,True,0.0,0,1238,False,True,False,True,False,True,True,107640.0,24.0,4485.0,0.041666666666666664,179.0,35.71800136892539,1.0,8507.0,1.67,2159.0,132.0,0.0,23.0,8.0,35877.1,34140.6,1736.5,0.9515721289588913,24214.6,0.7092403402301005,43172.787500000006,31199.4,91.78611111111094,0.0,0.0,1995-09-05,6.9563879598662215,16.0,71762.0,69881.20000000001,1880.7999999999884,0.9737775734013351,50029.2,0.7159076274072652,41947.98125,31199.4,-11.895438542150648,0.0,0.0,1995-10-05,6.9563879598662215,23.0,107673.6,103721.8,3951.800000000003,0.963289392298648,73943.79999999999,0.7128982248840177,41664.30869565218,31199.4,5.50237798830505,0.0,0.0,1995-11-05,6.9563879598662215
5980,4825,950818,21396.0,12,1783.0,A,1995-08-18,12,15,POPLATEK MESICNE,940604,1994-06-04,5826,5826,680909,15,1968-09-09,M,Cesky Krumlov,south Bohemia,58796,22,16,7,1,5,51.9,9045,3.13,3.6,124,1845.0,1879,440,26.937713894592743,True,0.0,0,1231,False,True,False,True,False,True,True,21396.0,12.0,1783.0,0.08333333333333333,440.0,26.937713894592743,0.0,9045.0,3.13,1845.0,124.0,0.0,78.0,5.0,10817.1,3897.8,6919.3,0.36030356532108226,2114.6,0.5423720119010977,26690.68,22682.0,784.1416666666667,0.0,0.0,1995-09-12,12.721256309590578,10.0,21633.0,8395.6,13237.4,0.3880743274475363,4829.200000000001,0.575137555677298,29849.85,22682.0,275.6899527186762,0.0,0.0,1995-10-12,12.721256309590578,16.0,32472.1,20393.399999999998,12078.7,0.6280090290117051,15043.800000000001,0.73764366688895,30860.74375,22682.0,119.63885227781931,0.0,0.0,1995-11-12,12.721256309590578
6764,8776,950826,33984.0,48,708.0,C,1995-08-26,48,64,POPLATEK MESICNE,940824,1994-08-24,10510,10818,720804,64,1972-08-04,M,Zlin,south Moravia,197099,29,41,10,2,10,74.7,9624,1.6,2.31,145,4484.0,4265,367,23.058179329226558,False,,0,1223,False,True,False,True,False,True,True,33984.0,48.0,708.0,0.020833333333333332,367.0,23.058179329226558,0.0,9624.0,1.6,4484.0,145.0,0.0,70.0,7.0,13847.8,14322.6,-474.8000000000011,1.0342123505285656,13614.6,0.9505012706302884,49216.74285714286,43990.7,241.5563507109003,0.0,0.0,1995-09-18,62.13375706214689,13.0,27630.0,27345.2,284.7999999999993,0.9896565451847563,25929.2,0.94818292852389,48989.16923076924,43990.7,34.64288758899026,0.0,0.0,1995-10-18,62.13375706214689,19.0,41403.3,41267.8,135.5,0.9967032409677256,39143.8,0.9485083162098243,49095.484210526316,43990.7,21.2333756313395,0.0,0.0,1995-11-17,62.13375706214689
5237,1375,950829,45336.0,24,1889.0,A,1995-08-29,24,19,POPLATEK MESICNE,940427,1994-04-27,1663,1663,570429,19,1957-04-29,M,Prachatice,south Bohemia,51428,50,11,3,1,4,52.7,8402,3.13,3.98,120,999.0,1099,489,38.332648870636554,True,0.0,0,1220,False,True,False,True,False,True,True,45336.0,24.0,1889.0,0.041666666666666664,489.0,38.332648870636554,0.0,8402.0,3.13,999.0,120.0,0.0,90.0,7.0,20482.0,19033.6,1448.4000000000015,0.9292388810232876,11214.6,0.5891691971462495,49316.12857142858,40015.9,178.69526881720435,0.0,0.0,1995-09-19,21.183642138697724,14.0,40962.3,41767.2,-804.8999999999942,1.019624883737394,26129.2,0.6255763954395929,48595.264285714286,39034.6,-43.28445366898776,0.0,0.0,1995-10-21,20.664160931709898,21.0,61441.4,62300.799999999996,-859.3999999999942,1.0139708084319623,38843.8,0.6234779733490847,47547.666666666664,38408.1,-54.27771108415322,0.0,0.0,1995-11-18,20.332503970354683
6726,8492,950903,85860.0,60,1431.0,C,1995-09-03,60,2,POPLATEK MESICNE,940629,1994-06-29,10171,10479,556020,2,1955-10-20,F,Benesov,central Bohemia,88884,80,26,6,2,5,46.7,8507,1.67,1.85,132,2159.0,2674,431,39.87132101300479,False,,0,1215,False,True,False,True,False,True,True,85860.0,60.0,1431.0,0.016666666666666666,431.0,39.87132101300479,1.0,8507.0,1.67,2159.0,132.0,0.0,96.0,8.0,11403.199999999999,13628.6,-2225.4000000000015,1.1950509461426493,7794.6,0.5718876562775137,39091.025,34963.8,-195.86103868347948,0.0,0.0,1995-09-30,24.433123689727466,16.0,22847.399999999998,26537.199999999997,-3689.7999999999993,1.161446753383169,14869.2,0.5602942173922875,38211.375,32738.4,-85.47576883410586,0.0,0.0,1995-10-31,22.877987421383647,23.0,34239.4,37585.799999999996,-3346.399999999994,1.0977032978586696,20083.800000000003,0.5343312013792078,37816.578260869566,31274.0,-47.81870589268276,0.0,0.0,1995-11-30,21.85464709993012
6933,9493,950909,188688.0,48,3931.0,C,1995-09-09,48,64,POPLATEK MESICNE,950402,1995-04-02,11377,11685,655723,64,1965-07-23,F,Zlin,south Moravia,197099,29,41,10,2,10,74.7,9624,1.6,2.31,145,4484.0,4265,160,30.130047912388775,False,,0,1209,False,True,False,True,False,True,True,188688.0,48.0,3931.0,0.020833333333333332,160.0,30.130047912388775,1.0,9624.0,1.6,4484.0,145.0,0.0,22.0,7.0,23727.7,15648.4,8079.300000000001,0.6594714417561856,4914.6,0.314043988906923,37325.68571428571,31659.0,-379.3856352368304,0.0,0.0,1995-10-01,8.053675909437802,14.0,51640.6,49987.8,1652.7999999999956,0.9679754306605528,28520.199999999997,0.5705317991230034,36142.33571428571,20919.1,-283.1308146042462,0.0,0.0,1995-10-31,5.321572119053675,20.0,75368.40000000001,66936.20000000001,8432.199999999997,0.8881084365803629,34734.799999999996,0.5189162379065749,36541.524999999994,20919.1,-91.60086755922356,0.0,0.0,1995-11-30,5.321572119053675
5145,915,950916,309552.0,48,6449.0,C,1995-09-16,48,72,POPLATEK MESICNE,950118,1995-01-18,1102,1102,350129,72,1935-01-29,M,Olomouc,north Moravia,226122,32,50,7,4,4,62.6,8994,3.8,4.79,110,9672.0,9208,241,60.629705681040384,False,,0,1202,False,True,False,True,False,True,True,309552.0,48.0,6449.0,0.020833333333333332,241.0,60.629705681040384,0.0,8994.0,3.8,9672.0,110.0,0.0,35.0,10.0,38882.8,60534.6,-21651.799999999996,1.5568077194101397,39794.6,0.657375164366092,38001.59999999999,27619.4,277.3851599727705,0.0,0.0,1995-10-15,4.282741510311676,17.0,77702.6,96617.20000000001,-18914.600000000006,1.2434069978739724,55137.2,0.5706709501936487,36170.22352941177,18130.8,-17.066101065913415,0.0,0.0,1995-11-14,2.811412622111955,25.0,135865.90000000002,143571.8,-7705.899999999965,1.056709176407204,81351.79999999999,0.5666240402081731,42989.736,18130.8,305.4051458742145,0.0,0.0,1995-12-14,2.811412622111955
7008,9897,950922,36168.0,12,3014.0,A,1995-09-22,12,1,POPLATEK MESICNE,950304,1995-03-04,11873,12181,610819,1,1961-08-19,M,Hl.m. Praha,Prague,1204953,0,0,0,1,1,100.0,12541,0.29,0.43,167,85677.0,99107,202,34.091718001368925,True,0.0,0,1196,False,True,False,True,False,True,True,36168.0,12.0,3014.0,0.08333333333333333,202.0,34.091718001368925,0.0,12541.0,0.29,85677.0,167.0,0.0,36.0,8.0,18212.7,16427.1,1785.6000000000022,0.9019090025640039,614.6,0.03741150833023905,33582.85,27148.2,551.4712703583061,0.0,0.0,1995-10-13,9.007365627073657,16.0,36530.600000000006,32254.2,4276.400000000005,0.8829123279571657,629.2,0.019506932215580745,34782.15,27148.2,122.79432687309726,0.0,0.0,1995-11-13,9.007365627073657,26.0,66694.40000000001,59781.3,6913.100000000006,0.8963331803992478,12343.800000000001,0.20647917527428689,33866.13076923077,21714.4,15.652051650063516,0.0,0.0,1995-12-13,7.204512276045123
7227,10942,951002,314520.0,60,5242.0,C,1995-10-02,60,44,POPLATEK TYDNE,940605,1994-06-05,13143,13451,556118,44,1955-11-18,F,Chrudim,east Bohemia,105606,77,26,7,2,7,53.0,8254,2.79,3.76,97,2166.0,2325,484,39.87132101300479,False,,0,1186,False,True,False,True,False,True,True,314520.0,60.0,5242.0,0.016666666666666666,484.0,39.87132101300479,1.0,8254.0,2.79,2166.0,97.0,0.0,130.0,8.0,78635.0,65817.0,12818.0,0.8369830611933465,50103.0,0.76123552827494,56471.75,25242.0,1402.2237093690248,0.0,0.0,1995-10-31,4.8153376573826785,15.0,115499.9,110861.0,4638.899999999994,0.9598280186561318,79433.0,0.7165034006241995,58155.85333333334,25242.0,357.1949433506687,0.0,0.0,1995-11-30,4.8153376573826785,25.0,193508.5,180357.0,13151.5,0.9320317607145903,133215.0,0.7386143115359451,62012.16,25242.0,295.3852403342684,0.0,0.0,1995-12-31,4.8153376573826785
6600,7861,951008,21852.0,36,607.0,A,1995-10-08,36,34,POPLATEK MESICNE,950422,1995-04-22,9413,9721,541205,34,1954-12-05,M,Chomutov,north Bohemia,125236,28,11,1,4,5,87.7,9675,6.43,7.68,100,5323.0,5190,169,40.84052019164955,True,0.0,0,1180,False,True,False,True,False,True,True,21852.0,36.0,607.0,0.027777777777777776,169.0,40.84052019164955,0.0,9675.0,6.43,5323.0,100.0,0.0,18.0,11.0,18654.2,24298.6,-5644.399999999998,1.3025108280801063,14734.6,0.6063721213517919,35747.34545454545,28921.4,179.26239740408465,0.0,0.0,1995-11-05,47.64645799011532,21.0,37300.5,43717.2,-6416.699999999997,1.1719957642454055,24589.199999999997,0.5624476762538256,35410.89523809523,27717.0,48.45080864182422,0.0,0.0,1995-12-07,45.66227347611203,32.0,65211.9,65055.8,156.09999999999854,0.9975909674312905,36363.799999999996,0.5589546365637411,36854.5625,26944.6,97.14731358444165,0.0,0.0,1996-01-06,44.38978583196046
6712,8405,951014,266220.0,60,4437.0,C,1995-10-14,60,20,POPLATEK MESICNE,940510,1994-05-10,10074,10382,655217,20,1965-02-17,F,Strakonice,south Bohemia,70646,94,14,3,1,4,58.4,8547,2.65,3.64,120,1563.0,1542,522,30.652977412731005,False,,0,1174,False,True,False,True,False,True,True,266220.0,60.0,4437.0,0.016666666666666666,522.0,30.652977412731005,1.0,8547.0,2.65,1563.0,120.0,0.0,144.0,9.0,22445.8,21200.6,1245.2000000000007,0.9444820642586025,8914.6,0.4204682665459211,41782.86666666667,29563.8,580.7257653061225,0.0,0.0,1995-11-12,6.663015551048005,19.0,55957.1,47301.2,8655.900000000001,0.8452967488174187,22729.2,0.4805104202341541,45125.52631578947,29111.5,266.239384860522,0.0,0.0,1995-12-12,6.561077304485012,33.0,78438.5,86721.79999999999,-8283.299999999988,1.1055883834037696,49863.8,0.5749791289026647,44580.260606060605,29111.5,24.02178028604438,0.0,0.0,1996-01-12,6.561077304485012
7057,10093,951020,231696.0,36,6436.0,A,1995-10-20,36,1,POPLATEK TYDNE,940701,1994-07-01,12108,12416,730530,1,1973-05-30,M,Hl.m. Praha,Prague,1204953,0,0,0,1,1,100.0,12541,0.29,0.43,167,85677.0,99107,476,22.390143737166323,True,0.0,0,1168,False,True,False,True,False,True,True,231696.0,36.0,6436.0,0.027777777777777776,476.0,22.390143737166323,0.0,12541.0,0.29,85677.0,167.0,0.0,126.0,11.0,40543.3,54150.0,-13606.699999999997,1.335576147571915,37539.0,0.6932281952318516,38343.88181818182,21849.0,340.8690193809661,0.0,0.0,1995-11-19,3.394810441267868,20.0,101262.20000000001,76491.0,24771.20000000001,0.7553681890360959,43269.0,0.565666997855985,43836.99500000001,20928.9,605.5079348722176,0.0,0.0,1995-12-12,3.2518489745183348,31.0,141844.40000000002,132132.0,9712.400000000023,0.9315212195813186,82299.0,0.6228497044644411,47357.632258064536,20928.9,322.0628934549978,0.0,0.0,1996-01-15,3.2518489745183348
7176,10663,951028,260028.0,36,7223.0,A,1995-10-28,36,11,POPLATEK MESICNE,931208,1993-12-08,12805,13113,761125,11,1976-11-25,M,Praha - zapad,central Bohemia,75637,35,36,9,0,7,36.5,9622,0.45,0.59,154,3475.0,3529,689,18.921286789869953,True,0.0,0,1160,False,True,False,True,False,True,True,260028.0,36.0,7223.0,0.027777777777777776,689.0,18.921286789869953,0.0,9622.0,0.45,3475.0,154.0,0.0,161.0,9.0,43604.0,74883.79999999999,-31279.79999999999,1.7173214080954016,53561.6,0.7152532957289064,55450.16666666667,38571.2,29.063883712262182,0.0,0.0,1995-11-25,5.340052609718953,17.0,108840.7,105720.6,3120.0999999999913,0.9713244096701908,63076.2,0.5966254767237725,52491.882352941175,19968.3,15.936818889465536,0.0,0.0,1995-12-14,2.764543818358023,27.0,152441.2,171757.40000000002,-19316.20000000001,1.1267050724799301,107790.8,0.6275722177197738,55351.155555555546,19968.3,136.44612131295096,0.0,0.0,1996-01-23,2.764543818358023
7304,11349,951029,419880.0,60,6998.0,C,1995-10-29,60,1,POPLATEK TYDNE,950526,1995-05-26,13647,13955,456030,1,1945-10-30,F,Hl.m. Praha,Prague,1204953,0,0,0,1,1,100.0,12541,0.29,0.43,167,85677.0,99107,156,49.9958932238193,False,,0,1159,False,True,False,True,False,True,True,419880.0,60.0,6998.0,0.016666666666666666,156.0,49.9958932238193,1.0,12541.0,0.29,85677.0,167.0,0.0,18.0,7.0,42132.4,34658.0,7474.4000000000015,0.8225778123768791,16774.0,0.4839724169768314,41410.9,24818.9,322.73927392739256,0.0,0.0,1995-11-22,3.5465704486996286,15.0,105264.0,94072.0,11192.0,0.893668360803686,58304.0,0.6197740052937613,46131.08666666667,24198.5,294.6759808272679,0.0,0.0,1995-12-27,3.4579165475850244,25.0,147473.7,141086.0,6387.700000000012,0.9566793490680096,87434.0,0.6197169122598113,48395.051999999996,24198.5,151.14198624661574,0.0,0.0,1996-01-22,3.4579165475850244
6362,6738,951031,37908.0,12,3159.0,A,1995-10-31,12,62,POPLATEK MESICNE,940728,1994-07-28,8130,8130,765508,62,1976-05-08,F,Uherske Hradiste,south Moravia,145688,22,41,13,2,5,40.7,8544,1.29,1.86,109,2719.0,2906,460,19.479808350444902,True,0.0,0,1157,False,True,False,True,False,True,True,37908.0,12.0,3159.0,0.08333333333333333,460.0,19.479808350444902,1.0,8544.0,1.29,2719.0,109.0,0.0,76.0,8.0,19366.100000000002,22788.199999999997,-3422.099999999995,1.1766449287709566,19629.199999999997,0.8613378266898355,50428.125,42507.3,-298.32776927003584,0.0,0.0,1995-11-30,13.45593542260209,12.0,47797.100000000006,53047.2,-5250.099999999991,1.1098181726888723,46729.2,0.8808819149377358,52569.833333333336,40863.5,-26.77919843759747,0.0,0.0,1995-12-27,12.935580880025325,22.0,66958.90000000001,86620.79999999999,-19661.89999999998,1.2936220036170898,77143.8,0.8905818165865869,45520.34545454545,26451.6,-261.4489865444262,0.0,0.0,1996-01-21,8.373409306742639
5880,4423,951031,73836.0,36,2051.0,A,1995-10-31,36,39,POPLATEK MESICNE,950426,1995-04-26,5333,5333,675529,39,1967-05-29,F,Most,north Bohemia,119895,17,4,3,2,4,89.9,10446,7.34,9.4,90,4947.0,4743,188,28.424366872005475,True,0.0,0,1157,False,True,False,True,False,True,True,73836.0,36.0,2051.0,0.027777777777777776,188.0,28.424366872005475,1.0,10446.0,7.34,4947.0,90.0,0.0,19.0,11.0,57125.9,33672.2,23453.700000000004,0.5894280977963096,26329.199999999997,0.7819037097751327,73624.34545454546,57121.8,825.2272086466165,0.0,0.0,1995-11-30,27.85070697220868,17.0,57125.9,83310.2,-26184.299999999996,1.4583357402554662,68624.2,0.8237091771574531,70908.11764705881,41268.7,-85.30364152424674,0.0,0.0,1995-12-22,20.121257922964407,28.0,61884.3,108967.79999999999,-47083.499999999985,1.760802646185766,86938.79999999999,0.7978320399967697,55022.3642857143,20369.6,-675.4923589279143,0.0,0.0,1996-01-27,9.931545587518283
6535,7546,951102,41952.0,12,3496.0,A,1995-11-02,12,43,POPLATEK MESICNE,940903,1994-09-03,9038,9346,721210,43,1972-12-10,M,Hradec Kralove,east Bohemia,161854,73,21,6,1,6,76.3,9425,1.72,2.5,125,4085.0,3891,425,22.89390828199863,True,0.0,0,1155,False,True,False,True,False,True,True,41952.0,12.0,3496.0,0.08333333333333333,425.0,22.89390828199863,0.0,9425.0,1.72,4085.0,125.0,0.0,105.0,8.0,21121.2,14818.4,6302.800000000001,0.7015557091590837,7214.6,0.48683482462177957,38226.3,30844.0,-652.0507602778301,0.0,0.0,1995-11-30,8.822654462242562,18.0,52738.7,49405.799999999996,3332.9000000000015,0.9367857610111547,34198.2,0.6921759757766137,40308.455555555556,27864.8,-172.60469017993574,0.0,0.0,1995-12-31,7.970480549199085,30.0,73837.0,77224.2,-3387.199999999997,1.0458598553590293,54412.799999999996,0.7045990169012187,36786.00000000001,21176.8,-222.51145423728815,0.0,0.0,1996-01-31,6.057437070938215
5449,2343,951104,99336.0,24,4139.0,A,1995-11-04,24,68,POPLATEK MESICNE,941209,1994-12-09,2831,2831,805709,68,1980-07-09,F,Frydek - Mistek,north Moravia,228848,15,40,18,2,6,57.2,9893,4.09,4.72,96,5623.0,5887,330,15.321013004791238,True,0.0,0,1153,False,True,False,True,False,True,True,99336.0,24.0,4139.0,0.041666666666666664,330.0,15.321013004791238,1.0,9893.0,4.09,5623.0,96.0,0.0,52.0,7.0,11376.2,12776.6,-1400.3999999999996,1.123000386738389,3914.6,0.30636426245930376,32075.585714285717,28324.1,-121.58057259713695,0.0,0.0,1995-12-04,6.843223000724812,16.0,31587.100000000002,28453.199999999997,3133.900000000005,0.9007569306162763,10729.2,0.37706911457710995,33936.556249999994,28324.1,-11.435789954801672,0.0,0.0,1996-01-03,6.843223000724812,24.0,51854.2,52929.8,-1075.6000000000058,1.0207230904518738,26343.8,0.49770266083263426,32584.416666666668,20740.0,-91.42205812030878,0.0,0.0,1996-02-02,5.010872191350567
6342,6609,951112,60156.0,36,1671.0,B,1995-11-12,36,16,POPLATEK MESICNE,950327,1995-03-27,7980,7980,760808,16,1976-08-08,M,Jindrichuv Hradec,south Bohemia,93931,74,21,10,1,8,56.9,8427,1.12,1.54,107,1874.0,1913,230,19.260780287474333,True,1.0,1,1145,False,True,False,True,False,True,True,60156.0,36.0,1671.0,0.027777777777777776,230.0,19.260780287474333,0.0,8427.0,1.12,1874.0,107.0,0.0,56.0,11.0,34580.2,37466.6,-2886.4000000000015,1.0834384000555215,23114.6,0.616922354247403,63826.49090909091,43128.8,240.14471986847087,0.0,0.0,1995-12-12,25.810173548773193,19.0,48449.899999999994,73581.2,-25131.300000000003,1.5186756076770505,59229.2,0.8049392380222391,54379.14736842106,36126.4,-444.5466960898747,0.0,0.0,1996-01-06,21.619628964691803,28.0,48584.7,93671.8,-45087.100000000006,1.9279705757043741,72143.8,0.770168074403669,45999.79642857143,21505.5,-569.1485219887436,0.0,0.0,1996-01-31,12.86983842010772
5409,2218,951118,182040.0,60,3034.0,C,1995-11-18,60,19,POPLATEK MESICNE,941121,1994-11-21,2686,2686,515324,19,1951-03-24,F,Prachatice,south Bohemia,51428,50,11,3,1,4,52.7,8402,3.13,3.98,120,999.0,1099,362,44.65434633812457,False,,0,1139,False,True,False,True,False,True,True,182040.0,60.0,3034.0,0.016666666666666666,362.0,44.65434633812457,1.0,8402.0,3.13,999.0,120.0,0.0,59.0,6.0,61762.9,38648.6,23114.300000000003,0.6257474026089673,35614.6,0.9214739609206822,67395.56666666667,38938.8,1315.2072900158475,0.0,0.0,1995-12-18,12.834146341463416,18.0,103031.9,96997.2,6034.699999999997,0.9414196824509453,90929.2,0.9374318286318715,62457.77777777778,38938.8,-37.1633901855178,0.0,0.0,1996-01-16,12.834146341463416,25.0,144306.7,131070.80000000002,13235.899999999994,0.9082730859129485,121968.8,0.930549515609002,58561.48,33157.2,-186.35309686562195,0.0,0.0,1996-02-14,10.928543177323665
6955,9627,951122,244368.0,48,5091.0,C,1995-11-22,48,65,POPLATEK PO OBRATU,940722,1994-07-22,11543,11851,700402,65,1970-04-02,M,Znojmo,south Moravia,114200,101,41,4,1,4,43.7,8403,5.74,5.72,105,2157.0,2718,488,25.639972621492127,False,,0,1135,False,True,False,True,False,True,True,244368.0,48.0,5091.0,0.020833333333333332,488.0,25.639972621492127,0.0,8403.0,5.74,2157.0,105.0,0.0,144.0,5.0,322.7,34391.3,-34068.600000000006,106.24436206363919,29300.0,0.851934880772731,72542.01999999999,52125.5,-1622.5720518867925,0.0,0.0,1995-12-21,10.238754665095266,12.0,7289.7,65574.6,-58284.90000000001,8.99428038459956,55392.0,0.8447044327463263,49146.99999999999,21209.2,-1502.1092059725108,0.0,0.0,1996-01-13,4.166018463956001,16.0,8909.4,70765.90000000001,-61856.50000000001,7.941944244927277,55492.0,0.7841519128293029,43717.99375,21209.2,-791.625546122364,0.0,0.0,1996-02-12,4.166018463956001
6985,9731,951122,113796.0,36,3161.0,A,1995-11-22,36,54,POPLATEK PO OBRATU,941201,1994-12-01,11670,11978,711009,54,1971-10-09,M,Brno - mesto,south Moravia,387570,0,0,0,1,1,100.0,9897,1.6,1.96,140,18721.0,18696,356,24.12046543463381,True,0.0,0,1135,False,True,False,True,False,True,True,113796.0,36.0,3161.0,0.027777777777777776,356.0,24.12046543463381,0.0,9897.0,1.6,18721.0,140.0,0.0,72.0,9.0,28579.0,41357.7,-12778.699999999997,1.4470853743876837,31910.0,0.7715426258562286,33481.26666666667,21275.4,-190.94159192825109,0.0,0.0,1995-12-12,6.730591584941474,17.0,50347.0,58705.399999999994,-8358.399999999994,1.165992690871534,39810.0,0.6781202730877725,32302.405882352934,21275.4,-51.22001522263094,0.0,0.0,1996-01-12,6.730591584941474,24.0,70425.1,68253.1,2172.0,0.9691449618820296,39910.0,0.5847267783180791,33124.862499999996,21275.4,40.51752918868248,0.0,0.0,1996-02-12,6.730591584941474
5125,789,951123,73056.0,48,1522.0,C,1995-11-23,48,39,POPLATEK MESICNE,950206,1995-02-06,944,944,701218,39,1970-12-18,M,Most,north Bohemia,119895,17,4,3,2,4,89.9,10446,7.34,9.4,90,4947.0,4743,290,24.930869267624914,False,,0,1134,False,True,False,True,False,True,True,73056.0,48.0,1522.0,0.020833333333333332,290.0,24.930869267624914,0.0,10446.0,7.34,4947.0,90.0,0.0,51.0,8.0,9624.8,8050.6,1574.199999999999,0.8363564586839537,2734.6,0.33963435838839484,22748.850000000002,18823.9,113.58198830409358,0.0,0.0,1995-12-23,12.367871222076216,18.0,15610.699999999999,20821.2,-5210.500000000002,1.3336920386633104,10189.2,0.4893431049552881,19566.45,12165.2,-179.27045491514397,0.0,0.0,1996-01-12,7.992904073587385,26.0,21369.5,27951.800000000003,-6582.300000000003,1.3079619101097308,12003.8,0.4294310408975129,18049.87307692308,10793.4,-132.791865096648,0.0,0.0,1996-02-12,7.091590013140604
5805,4081,951128,137904.0,24,5746.0,B,1995-11-28,24,11,POPLATEK MESICNE,950722,1995-07-22,4918,4918,680506,11,1968-05-06,M,Praha - zapad,central Bohemia,75637,35,36,9,0,7,36.5,9622,0.45,0.59,154,3475.0,3529,129,27.561943874058862,True,1.0,1,1129,False,True,False,True,False,True,True,137904.0,24.0,5746.0,0.041666666666666664,129.0,27.561943874058862,0.0,9622.0,0.45,3475.0,154.0,0.0,12.0,3.0,17953.7,14000.0,3953.7000000000007,0.7797401237558967,14000.0,0.9999285765302478,42507.73333333334,35296.4,388.946996466431,0.0,0.0,1995-12-19,6.142777584406544,9.0,29985.100000000002,36960.6,-6975.499999999996,1.2325911005432515,31214.6,0.844514306739968,36618.77777777778,25906.2,-277.1225865602417,0.0,0.0,1996-01-18,4.508562478245736,15.0,42003.100000000006,55121.2,-13118.099999999991,1.3122814201470807,43629.2,0.7914996135858148,31063.946666666663,13363.6,-326.74746522046695,0.0,0.0,1996-02-17,2.3257222415593457
6185,5774,951128,31176.0,24,1299.0,A,1995-11-28,24,1,POPLATEK MESICNE,950608,1995-06-08,6987,6987,680129,1,1968-01-29,M,Hl.m. Praha,Prague,1204953,0,0,0,1,1,100.0,12541,0.29,0.43,167,85677.0,99107,173,27.83025325119781,True,0.0,0,1129,False,True,False,True,False,True,True,31176.0,24.0,1299.0,0.041666666666666664,173.0,27.83025325119781,0.0,12541.0,0.29,85677.0,167.0,0.0,23.0,8.0,29628.4,24609.6,5018.800000000003,0.8305804369983867,14754.6,0.5995221571192901,40740.475000000006,26247.9,-937.7883054892601,0.0,0.0,1995-12-14,20.206235565819863,15.0,49451.4,50379.2,-927.7999999999956,1.0187412542161756,30669.2,0.6087550267763924,42216.76666666668,26247.9,-16.35312820512818,0.0,0.0,1996-01-14,20.206235565819863,23.0,69267.4,73988.79999999999,-4721.399999999994,1.0681465141392035,44423.8,0.6004043800631981,41187.50869565216,26247.9,-62.96583656203277,0.0,0.0,1996-02-14,20.206235565819863
7243,11042,951204,217152.0,36,6032.0,A,1995-12-04,36,72,POPLATEK MESICNE,950129,1995-01-29,13268,13576,740707,72,1974-07-07,M,Olomouc,north Moravia,226122,32,50,7,4,4,62.6,8994,3.8,4.79,110,9672.0,9208,309,21.409993155373034,True,0.0,0,1123,False,True,False,True,False,True,True,217152.0,36.0,6032.0,0.027777777777777776,309.0,21.409993155373034,0.0,8994.0,3.8,9672.0,110.0,0.0,57.0,9.0,54550.8,74583.40000000001,-20032.600000000006,1.367203282018192,60115.6,0.8060076906162682,54707.78888888889,22246.7,-2639.1789225727157,0.0,0.0,1996-01-02,3.6881133952254643,19.0,94470.6,110965.8,-16495.199999999997,1.1745942696005995,82030.20000000001,0.7392319144104363,44846.04736842105,22069.8,-1148.6055433230183,0.0,0.0,1996-01-31,3.658786472148541,26.0,130839.70000000001,137548.2,-6708.5,1.0512646294310561,94144.80000000002,0.6844445478417905,44644.873076923075,22069.8,-411.15987574447774,0.0,0.0,1996-02-29,3.658786472148541
6403,6924,951205,194880.0,48,4060.0,C,1995-12-05,48,74,POPLATEK MESICNE,940601,1994-06-01,8359,8359,791206,74,1979-12-06,M,Ostrava - mesto,north Moravia,323870,0,0,0,1,1,100.0,10673,4.75,5.44,100,18782.0,18347,552,15.997262149212867,False,,0,1122,False,True,False,True,False,True,True,194880.0,48.0,4060.0,0.020833333333333332,552.0,15.997262149212867,0.0,10673.0,4.75,18782.0,100.0,0.0,113.0,8.0,36727.3,35059.1,1668.2000000000044,0.9545527563214196,26414.6,0.7534091460092812,49095.0,32498.5,-1452.9801273393787,0.0,0.0,1995-12-31,8.004556650246306,16.0,61174.4,80118.20000000001,-18943.80000000001,1.3096473419054067,62829.2,0.7841965471447542,37078.1375,11987.7,-980.8023240645838,0.0,0.0,1996-01-31,2.9526354679802957,23.0,85622.59999999999,94547.3,-8924.700000000012,1.104220098197226,68613.8,0.7257010438051239,33911.36521739129,11987.7,-467.837796331937,0.0,0.0,1996-02-29,2.9526354679802957
6578,7765,951211,27984.0,12,2332.0,A,1995-12-11,12,52,POPLATEK TYDNE,940710,1994-07-10,9298,9606,490216,52,1949-02-16,M,Usti nad Orlici,east Bohemia,139012,59,41,8,3,10,61.9,8363,2.52,3.49,108,2564.0,2799,519,46.8145106091718,True,0.0,0,1116,False,True,False,True,False,True,True,27984.0,12.0,2332.0,0.08333333333333333,519.0,46.8145106091718,0.0,8363.0,2.52,2564.0,108.0,0.0,76.0,9.0,65464.0,50779.0,14685.0,0.7756663866188039,40230.0,0.7922410397794407,43839.38888888889,16048.5,838.2780399274047,0.0,0.0,1996-01-07,6.881861063464837,16.0,70080.8,71858.0,-1777.199999999997,1.0253446686586245,50760.0,0.7063833340291404,34947.63125,16048.5,-420.0158728900863,0.0,0.0,1996-02-07,6.881861063464837,21.0,76156.5,82437.0,-6280.5,1.0824541246758363,50790.0,0.6160993716489969,30214.966666666664,12100.0,-402.95018030143814,0.0,0.0,1996-03-07,5.188679245283019
5413,2227,951212,92976.0,24,3874.0,A,1995-12-12,24,31,POPLATEK TYDNE,940522,1994-05-22,2698,2698,706007,31,1970-10-07,F,Tachov,west Bohemia,51313,34,12,3,1,4,59.2,8930,3.52,4.2,108,1328.0,1452,569,25.180013689253936,True,0.0,0,1115,False,True,False,True,False,True,True,92976.0,24.0,3874.0,0.041666666666666664,569.0,25.180013689253936,1.0,8930.0,3.52,1328.0,108.0,0.0,109.0,8.0,30143.3,33429.7,-3286.399999999998,1.108989095782619,16170.0,0.48368714983533106,33273.75,17658.1,61.65654761904776,0.0,0.0,1996-01-11,4.55810531750129,13.0,41876.0,41533.4,342.59999999999854,0.9917950187453733,20400.0,0.4911591355599214,29812.138461538467,17658.1,-238.33360055379384,0.0,0.0,1996-01-31,4.55810531750129,21.0,91999.6,92298.1,-298.5,1.003233674562992,40519.0,0.438996696609176,30717.900000000005,17658.1,-31.90804519548042,0.0,0.0,1996-03-11,4.55810531750129
6949,9583,951212,104712.0,24,4363.0,A,1995-12-12,24,31,POPLATEK TYDNE,940522,1994-05-22,11486,11794,706007,31,1970-10-07,F,Tachov,west Bohemia,51313,34,12,3,1,4,59.2,8930,3.52,4.2,108,1328.0,1452,569,25.180013689253936,True,0.0,0,1115,False,True,False,True,False,True,True,104712.0,24.0,4363.0,0.041666666666666664,569.0,25.180013689253936,1.0,8930.0,3.52,1328.0,108.0,0.0,108.0,8.0,27778.1,33918.7,-6140.5999999999985,1.221015079682207,16170.0,0.4767141218819742,39285.649999999994,23974.7,20.249404761904795,0.0,0.0,1996-01-11,5.495003438001375,13.0,40336.4,42511.4,-2175.0,1.053895392365398,20400.0,0.4798599937900471,35876.53076923077,23974.7,-246.57431780626138,0.0,0.0,1996-01-31,5.495003438001375,21.0,92689.79999999999,93765.1,-1075.3000000000175,1.011590147026458,40519.0,0.4321284558065228,37485.528571428564,23974.7,-5.692597740225948,0.0,0.0,1996-03-11,5.495003438001375
6545,7606,951212,191880.0,60,3198.0,C,1995-12-12,60,21,POPLATEK MESICNE,950315,1995-03-15,9109,9417,490308,21,1949-03-08,M,Tabor,south Bohemia,103347,87,16,7,1,7,67.0,9104,1.51,2.07,123,2299.0,2354,272,46.76249144421629,False,,0,1115,False,True,False,True,False,True,True,191880.0,60.0,3198.0,0.016666666666666666,272.0,46.76249144421629,0.0,9104.0,1.51,2299.0,123.0,0.0,87.0,11.0,19108.1,63813.4,-44705.3,3.3394246720149043,50491.6,0.7912258048340186,72087.66363636362,33815.7,-1296.7242386831279,0.0,0.0,1996-01-10,10.574015009380862,21.0,104784.5,87949.8,16834.699999999997,0.8393317777745967,61306.2,0.6970510785575571,53274.89523809524,9835.6,-950.102768718802,0.0,0.0,1996-02-10,3.075547217010632,28.0,105057.1,128886.2,-23829.09999999999,1.2268087848533333,88920.8,0.6899117988442608,59463.50000000001,9835.6,-26.404936953053525,0.0,0.0,1996-03-09,3.075547217010632
6178,5742,951216,232560.0,48,4845.0,C,1995-12-16,48,74,POPLATEK PO OBRATU,950705,1995-07-05,6946,6946,705129,74,1970-01-29,F,Ostrava - mesto,north Moravia,323870,0,0,0,1,1,100.0,10673,4.75,5.44,100,18782.0,18347,164,25.87816563997262,False,,0,1111,False,True,False,True,False,True,True,232560.0,48.0,4845.0,0.020833333333333332,164.0,25.87816563997262,1.0,10673.0,4.75,18782.0,100.0,0.0,27.0,7.0,27421.8,19045.0,8376.8,0.6944950916755401,14200.0,0.7455633728866954,32492.614285714284,22394.3,594.5854752851714,0.0,0.0,1996-01-15,4.622146542827657,19.0,194931.0,129149.0,65782.0,0.6625336014610224,119459.0,0.924963221060782,68928.57368421053,22394.3,1871.6137602269007,0.0,0.0,1996-02-13,4.622146542827657,25.0,195330.4,215576.0,-20245.600000000006,1.1036423227397132,201041.0,0.9325716565310771,64663.331999999995,20997.9,457.20816402926664,0.0,0.0,1996-03-12,4.333931888544892
5160,1011,951218,204000.0,60,3400.0,C,1995-12-18,60,45,POPLATEK MESICNE,941217,1994-12-17,1215,1215,440506,45,1944-05-06,M,Jicin,east Bohemia,77917,85,19,6,1,5,53.5,8390,2.28,2.89,132,2080.0,2122,366,51.61670088980151,False,,0,1109,False,True,False,True,False,True,True,204000.0,60.0,3400.0,0.016666666666666666,366.0,51.61670088980151,0.0,8390.0,2.28,2080.0,132.0,0.0,65.0,11.0,26524.3,42900.1,-16375.8,1.6173276079818135,32414.6,0.7555657081053866,29193.936363636367,21616.9,98.98262236192188,0.0,0.0,1996-01-12,6.357911764705883,17.0,47044.399999999994,56000.2,-8955.800000000003,1.1903437955676857,35029.2,0.6255080248280394,30081.782352941183,21616.9,121.16270783847979,0.0,0.0,1996-02-12,6.357911764705883,24.0,67579.7,79600.3,-12020.600000000006,1.1778555120026872,48143.799999999996,0.6048117304616883,31947.754166666666,21616.9,129.6340242707469,0.0,0.0,1996-03-14,6.357911764705883
6785,8899,951225,125340.0,60,2089.0,C,1995-12-25,60,1,POPLATEK TYDNE,940905,1994-09-05,10655,10963,440615,1,1944-06-15,M,Hl.m. Praha,Prague,1204953,0,0,0,1,1,100.0,12541,0.29,0.43,167,85677.0,99107,476,51.526351813826146,False,,0,1102,False,True,False,True,False,True,True,125340.0,60.0,2089.0,0.016666666666666666,476.0,51.526351813826146,0.0,12541.0,0.29,85677.0,167.0,0.0,127.0,7.0,16061.900000000001,13931.8,2130.100000000002,0.8673278175173846,8130.0,0.5835151584749656,30416.928571428572,21137.1,-908.2026737967917,0.0,0.0,1996-01-12,10.118286261369075,16.0,32672.0,33863.6,-1191.5999999999985,1.0364398739019987,22260.0,0.6573235768324446,27411.90625,17815.4,-258.83959507944644,0.0,0.0,1996-02-12,8.528195308760173,23.0,96576.1,39695.4,56880.700000000004,0.411022902944901,22290.0,0.5615118751322538,30633.404347826083,17815.4,137.34246397828792,0.0,0.0,1996-03-23,8.528195308760173
6540,7562,951231,309600.0,48,6450.0,C,1995-12-31,48,72,POPLATEK TYDNE,950117,1995-01-17,9058,9366,750626,72,1975-06-26,M,Olomouc,north Moravia,226122,32,50,7,4,4,62.6,8994,3.8,4.79,110,9672.0,9208,348,20.514715947980836,False,,0,1096,False,True,False,True,False,True,True,309600.0,48.0,6450.0,0.020833333333333332,348.0,20.514715947980836,0.0,8994.0,3.8,9672.0,110.0,0.0,56.0,11.0,38908.2,52380.2,-13472.0,1.3462163190196663,45930.0,0.8768413094774462,42950.49999999999,22016.1,-682.3212189616255,0.0,0.0,1996-01-29,3.413348837209302,18.0,77912.9,74290.4,3622.5,0.9534935358132502,61390.0,0.8263405993156678,41130.22222222222,22016.1,-155.83698913653384,0.0,0.0,1996-02-29,3.413348837209302,21.0,116613.9,96040.59999999999,20573.300000000003,0.8235705728856261,76690.0,0.7985081464698631,45027.55238095238,22016.1,194.83755181572224,0.0,0.0,1996-03-12,3.413348837209302
6589,7815,960101,189696.0,24,7904.0,A,1996-01-01,24,19,POPLATEK TYDNE,950409,1995-04-09,9355,9663,450924,19,1945-09-24,M,Prachatice,south Bohemia,51428,50,11,3,1,4,52.7,8402,3.13,3.98,120,999.0,1099,267,50.26967830253251,True,0.0,0,1095,False,True,False,True,False,True,True,189696.0,24.0,7904.0,0.041666666666666664,267.0,50.26967830253251,0.0,8402.0,3.98,1099.0,120.0,0.0,89.0,17.0,43534.4,89473.8,-45939.4,2.055196460811202,77630.0,0.8676185920504991,48534.26470588235,22288.2,-256.6931946855894,0.0,0.0,1996-01-31,2.8198633603238865,24.0,43652.5,109547.6,-65895.1,2.5094803394916787,85860.0,0.7837617276715539,42688.854166666664,22288.2,-566.5563136291215,0.0,0.0,1996-02-29,2.8198633603238865,31.0,46524.3,121421.40000000001,-74897.1,2.609792951361947,85890.0,0.7073653625690153,37458.064516129016,13693.1,-494.26008553654736,0.0,0.0,1996-03-31,1.7324266194331985
5900,4503,960101,135360.0,48,2820.0,C,1996-01-01,48,50,POPLATEK MESICNE,950103,1995-01-03,5433,5433,750924,50,1975-09-24,M,Svitavy,east Bohemia,102609,75,33,2,3,6,52.0,8187,4.83,5.45,94,2123.0,2134,363,20.27104722792608,False,,0,1095,False,True,False,True,False,True,True,135360.0,48.0,2820.0,0.020833333333333332,363.0,20.27104722792608,0.0,8187.0,5.45,2134.0,94.0,0.0,77.0,7.0,18299.2,30834.399999999998,-12535.199999999997,1.6849214762680187,28014.6,0.9085207261783534,47472.47142857143,42125.1,-268.08515258215965,0.0,0.0,1996-01-31,14.937978723404255,15.0,73841.9,72568.8,1273.0999999999913,0.9827458022369112,66929.20000000001,0.9222734525932276,59308.02000000001,42125.1,457.4276644096096,0.0,0.0,1996-02-29,14.937978723404255,22.0,133169.69999999998,132803.2,366.4999999999709,0.9972403839583334,124343.80000000002,0.9362941834670891,63854.9090909091,42125.1,303.5520392420083,0.0,0.0,1996-03-31,14.937978723404255
5999,4907,960103,98832.0,48,2059.0,C,1996-01-03,48,42,POPLATEK MESICNE,940206,1994-02-06,5928,5928,705910,42,1970-09-10,F,Havlickuv Brod,east Bohemia,95907,87,25,5,2,7,59.1,8388,2.41,2.94,87,1658.0,1668,696,25.31416837782341,False,,0,1093,False,True,False,True,False,True,True,98832.0,48.0,2059.0,0.020833333333333332,696.0,25.31416837782341,1.0,8388.0,2.94,1668.0,87.0,0.0,177.0,15.0,15610.2,25049.6,-9439.399999999998,1.6045915752792865,17474.6,0.6975721140411806,20549.253333333334,10759.8,-159.2867145983119,0.0,0.0,1996-01-31,5.2257406508013595,23.0,31219.2,39639.2,-8419.999999999996,1.2696651526896048,24489.199999999997,0.6177869940111301,19890.582608695655,10480.4,-65.02089839002764,0.0,0.0,1996-02-29,5.0900437105390965,31.0,46833.399999999994,52328.799999999996,-5495.4000000000015,1.117315477512256,29603.799999999996,0.5657159018379585,20019.14838709678,10480.4,-9.734608516707846,0.0,0.0,1996-03-31,5.0900437105390965
6043,5126,960111,20352.0,48,424.0,C,1996-01-11,48,58,POPLATEK MESICNE,950403,1995-04-03,6185,6185,485305,58,1948-03-05,F,Jihlava,south Moravia,109164,98,16,6,1,4,63.6,8757,3.38,3.95,96,2212.0,2471,283,47.85215605749487,False,,0,1085,False,True,False,True,False,True,True,20352.0,48.0,424.0,0.020833333333333332,283.0,47.85215605749487,1.0,8757.0,3.95,2471.0,96.0,0.0,48.0,11.0,10274.1,13886.6,-3612.5,1.3514807641774775,9254.6,0.6663930412742303,24068.50909090909,17669.0,-262.08952007835455,0.0,0.0,1996-02-05,41.67216981132076,18.0,29508.399999999998,18533.2,10975.199999999997,0.6280439453191188,9269.2,0.500113304054127,25376.11111111111,17669.0,51.14364269399558,0.0,0.0,1996-03-11,41.67216981132076,24.0,29633.0,31379.800000000003,-1746.800000000003,1.0589120604710807,17483.8,0.5571495946566052,25345.95,17669.0,7.482413099251582,0.0,0.0,1996-04-05,41.67216981132076
5482,2496,960112,165120.0,60,2752.0,C,1996-01-12,60,51,POPLATEK MESICNE,940521,1994-05-21,3013,3013,505318,51,1950-03-18,F,Trutnov,east Bohemia,121947,37,28,7,3,11,70.5,8541,2.51,2.97,131,3496.0,3839,601,45.82067077344285,False,,0,1084,False,True,False,True,False,True,True,165120.0,60.0,2752.0,0.016666666666666666,601.0,45.82067077344285,1.0,8541.0,2.97,3839.0,131.0,0.0,116.0,8.0,12049.2,13508.6,-1459.3999999999996,1.1210270368956532,5774.6,0.42744418783679755,21361.362500000003,16724.4,-222.36276339980208,0.0,0.0,1996-02-10,6.07718023255814,17.0,32076.2,25569.199999999997,6507.000000000004,0.7971144613619642,7349.200000000001,0.2874126913360084,23000.78823529412,16724.4,52.8318585957006,0.0,0.0,1996-03-12,6.07718023255814,23.0,37771.6,38365.799999999996,-594.1999999999971,1.0157045053822082,15163.8,0.3952323362907514,22711.9347826087,16551.2,3.2563970588235227,0.0,0.0,1996-04-10,6.014244186046512
7263,11138,960119,89880.0,24,3745.0,A,1996-01-19,24,70,POPLATEK TYDNE,950818,1995-08-18,13382,13690,630516,70,1963-05-16,M,Karvina,north Moravia,285387,0,2,8,5,7,89.9,10177,6.63,7.75,81,9878.0,10108,154,32.67898699520876,True,0.0,0,1077,False,True,False,True,False,True,True,89880.0,24.0,3745.0,0.041666666666666664,154.0,32.67898699520876,0.0,10177.0,7.75,10108.0,81.0,0.0,29.0,12.0,99159.8,82874.7,16285.100000000006,0.835760703826512,79130.0,0.9548033983423369,60257.75,31776.5,2179.398475327084,0.0,0.0,1996-02-14,8.485046728971962,23.0,197559.5,175449.40000000002,22110.099999999977,0.8880793478453437,167960.0,0.9573075923451869,73032.04782608699,31776.5,1058.7496742322717,0.0,0.0,1996-03-15,8.485046728971962,36.0,357296.2,343146.10000000003,14150.099999999977,0.9603940361133533,331912.0,0.9672586479675916,87594.92777777779,31776.5,842.0865513076034,0.0,0.0,1996-04-14,8.485046728971962
6013,4995,960203,128988.0,36,3583.0,D,1996-02-03,36,20,POPLATEK TYDNE,940801,1994-08-01,6034,6034,390815,20,1939-08-15,M,Strakonice,south Bohemia,70646,94,14,3,1,4,58.4,8547,2.65,3.64,120,1563.0,1542,551,56.47091033538672,False,,1,1062,False,True,False,True,False,True,True,128988.0,36.0,3583.0,0.027777777777777776,551.0,56.47091033538672,0.0,8547.0,3.64,1542.0,120.0,1.0,82.0,5.0,12536.3,17113.0,-4576.700000000001,1.3649669386550534,13530.0,0.7905808110319037,8005.720000000001,5097.2,-124.97113402061855,0.0,0.0,1996-02-29,1.422606754116662,15.0,161664.3,105526.0,56138.29999999999,0.6527436623691046,98360.0,0.9320837321254276,56659.37333333333,5097.2,2032.6844712525665,0.0,0.0,1996-04-02,1.422606754116662,22.0,225119.8,172439.0,52680.79999999999,0.7659843070920146,161690.0,0.9376594757596846,64626.140909090915,5097.2,1066.0893093112984,0.0,0.0,1996-04-30,1.422606754116662
5750,3804,960208,63252.0,12,5271.0,A,1996-02-08,12,7,POPLATEK MESICNE,940407,1994-04-07,4584,4584,495624,7,1949-06-24,F,Melnik,central Bohemia,94725,38,28,1,3,6,63.4,9920,2.26,2.87,130,4289.0,4846,672,46.625598904859686,True,0.0,0,1057,False,True,False,True,False,True,True,63252.0,12.0,5271.0,0.08333333333333333,672.0,46.625598904859686,1.0,9920.0,2.87,4846.0,130.0,0.0,164.0,10.0,31929.6,30829.3,1100.2999999999993,0.9655095738883704,19814.6,0.642698903351573,34335.87999999999,19537.6,-57.89608527497405,0.0,0.0,1996-03-09,3.7066211345095805,16.0,63696.5,53372.6,10323.900000000001,0.8379072962047176,32629.199999999997,0.6113359413642699,35996.16875,19537.6,82.83363502372077,0.0,0.0,1996-04-07,3.7066211345095805,25.0,95472.3,88058.90000000001,7413.399999999994,0.9223405915580587,56943.799999999996,0.6466484745042862,37949.708000000006,19537.6,73.98968259768628,0.0,0.0,1996-05-07,3.7066211345095805
6027,5066,960210,61656.0,24,2569.0,B,1996-02-10,24,13,POPLATEK TYDNE,950827,1995-08-27,6115,6115,536225,13,1953-12-25,F,Rakovnik,central Bohemia,53921,61,22,1,1,2,41.3,8598,2.77,3.26,123,1597.0,1875,167,42.12731006160164,True,1.0,1,1055,False,True,False,True,False,True,True,61656.0,24.0,2569.0,0.041666666666666664,167.0,42.12731006160164,1.0,8598.0,3.26,1875.0,123.0,0.0,12.0,3.0,21851.5,24600.0,-2748.5,1.125729321587919,24600.0,0.9999593512458843,64964.666666666664,56673.5,-1616.283163265306,0.0,0.0,1996-02-29,22.060529388867263,8.0,56582.6,36515.0,20067.6,0.6453283283495571,35100.0,0.9612224778179428,66107.55,46447.0,108.06924298570681,0.0,0.0,1996-04-09,18.079797586609576,18.0,93847.3,87546.8,6300.5,0.9328544043951782,76924.0,0.8786514338452822,71269.06666666665,46447.0,91.85263403046245,0.0,0.0,1996-05-09,18.079797586609576
6303,6400,960212,72408.0,24,3017.0,B,1996-02-12,24,31,POPLATEK PO OBRATU,951009,1995-10-09,7727,7727,585613,31,1958-06-13,F,Tachov,west Bohemia,51313,34,12,3,1,4,59.2,8930,3.52,4.2,108,1328.0,1452,126,37.667351129363446,True,1.0,1,1053,False,True,False,True,False,True,True,72408.0,24.0,3017.0,0.041666666666666664,126.0,37.667351129363446,1.0,8930.0,4.2,1452.0,108.0,0.0,13.0,2.0,209.0,7000.0,-6791.0,33.333333333333336,7000.0,0.999857163262391,33072.8,29572.8,-1000.0000000000006,0.0,0.0,1996-03-07,9.80205502154458,4.0,418.0,8300.0,-7882.0,19.809069212410503,8300.0,0.9998795325864354,31102.300000000003,28481.8,-152.76329992289905,0.0,0.0,1996-04-06,9.440437520715943,6.0,627.0,9000.0,-8373.0,14.331210191082803,9000.0,0.9998889012331963,30181.8,27990.8,-85.27955207166858,0.0,0.0,1996-05-06,9.277693072588663
7213,10884,960213,113544.0,36,3154.0,C,1996-02-13,36,65,POPLATEK MESICNE,950220,1995-02-20,13072,13380,420918,65,1942-09-18,M,Znojmo,south Moravia,114200,101,41,4,1,4,43.7,8403,5.74,5.72,105,2157.0,2718,358,53.40451745379877,False,,0,1052,False,True,False,True,False,True,True,113544.0,36.0,3154.0,0.027777777777777776,358.0,53.40451745379877,0.0,8403.0,5.72,2718.0,105.0,0.0,71.0,8.0,39962.2,8902.6,31059.6,0.22276994835248431,14.6,0.0016397861539152701,33398.325,25522.4,15.575777003484326,0.0,0.0,1996-03-14,8.092073557387446,15.0,40105.799999999996,31805.2,8300.599999999995,0.7930126562079249,14029.2,0.44108381384761464,31841.5,21687.3,-147.4532334146944,0.0,0.0,1996-04-12,6.876125554850983,23.0,59172.49999999999,53907.8,5264.69999999999,0.9110125309471302,27243.800000000003,0.5053683257649957,31702.091304347836,18651.4,-83.79115673874028,0.0,0.0,1996-05-12,5.913570069752695
6659,8092,960220,56100.0,60,935.0,C,1996-02-20,60,54,POPLATEK MESICNE,950111,1995-01-11,9687,9995,580707,54,1958-07-07,M,Brno - mesto,south Moravia,387570,0,0,0,1,1,100.0,9897,1.6,1.96,140,18721.0,18696,405,37.62354551676933,False,,0,1045,False,True,False,True,False,True,True,56100.0,60.0,935.0,0.016666666666666666,405.0,37.62354551676933,0.0,9897.0,1.96,18696.0,140.0,0.0,68.0,6.0,9389.6,7665.6,1724.0,0.8163056673694972,514.6,0.06712232280280699,17561.466666666664,14958.2,264.9764705882353,0.0,0.0,1996-03-12,15.99807486631016,12.0,18787.0,16131.2,2655.7999999999993,0.8585905897381307,1829.2,0.11338813057115582,18160.7,14958.2,57.70650361311839,0.0,0.0,1996-04-12,15.99807486631016,18.0,28189.1,27096.800000000003,1092.2999999999956,0.96121688110365,5643.8,0.20827521053369644,18410.444444444445,14326.5,30.268524006542858,0.0,0.0,1996-05-12,15.322459893048128
6175,5735,960221,290700.0,60,4845.0,D,1996-02-21,60,52,POPLATEK MESICNE,950125,1995-01-25,6936,6936,595227,52,1959-02-27,F,Usti nad Orlici,east Bohemia,139012,59,41,8,3,10,61.9,8363,2.52,3.49,108,2564.0,2799,392,36.982888432580424,False,,1,1044,False,True,False,True,False,True,True,290700.0,60.0,4845.0,0.016666666666666666,392.0,36.982888432580424,1.0,8363.0,3.49,2799.0,108.0,1.0,100.0,5.0,12101.7,4886.4,7215.300000000001,0.40374461896932085,41.4,0.008470761550108442,12030.74,6690.1,209.60943396226412,0.0,1.0,1996-03-20,1.380825593395253,9.0,23061.5,9746.0,13315.5,0.4225907859078591,56.0,0.005745357545911563,15191.055555555555,6690.1,214.9455435029963,0.0,1.0,1996-04-19,1.380825593395253,15.0,57414.7,38812.6,18602.1,0.6759928033621466,24277.6,0.6254920955541357,14658.726666666664,683.3,88.40061879828643,0.0,1.0,1996-05-19,0.14103199174406603
5610,3112,960224,123216.0,48,2567.0,C,1996-02-24,48,38,POPLATEK MESICNE,940812,1994-08-12,3763,3763,775812,38,1977-08-12,F,Louny,north Bohemia,85852,41,23,4,2,4,59.8,8965,7.08,8.23,104,2653.0,2822,561,18.535249828884325,False,,0,1041,False,True,False,True,False,True,True,123216.0,48.0,2567.0,0.020833333333333332,561.0,18.535249828884325,1.0,8965.0,8.23,2822.0,104.0,0.0,128.0,12.0,120372.3,102517.90000000001,17854.399999999994,0.8516664409798519,96898.6,0.9451779135359432,83104.8,62977.8,-231.59771573604044,0.0,0.0,1996-03-22,24.533619010518116,19.0,120699.7,152981.8,-32282.09999999999,1.267447496161994,141743.2,0.9265303027529894,77127.73157894738,45298.6,-565.9871441222468,0.0,0.0,1996-04-13,17.64651343981301,27.0,162470.3,183215.69999999998,-20745.399999999994,1.1276803964761777,166357.8,0.9079838246186074,73491.72962962964,45298.6,-346.9180131067345,0.0,0.0,1996-05-13,17.64651343981301
5563,2912,960229,380160.0,60,6336.0,C,1996-02-29,60,74,POPLATEK MESICNE,940730,1994-07-30,3519,3519,491215,74,1949-12-15,M,Ostrava - mesto,north Moravia,323870,0,0,0,1,1,100.0,10673,4.75,5.44,100,18782.0,18347,579,46.20670773442848,False,,0,1036,False,True,False,True,False,True,True,380160.0,60.0,6336.0,0.016666666666666666,579.0,46.20670773442848,0.0,10673.0,5.44,18347.0,100.0,0.0,109.0,6.0,43554.3,46669.6,-3115.2999999999956,1.0715022052425307,40333.6,0.8642185872904998,32841.566666666666,18307.3,274.80596562184013,0.0,0.0,1996-03-29,2.889409722222222,12.0,101749.0,53020.2,48728.8,0.5210830466830466,40348.2,0.7609823994930329,34182.950000000004,15242.4,346.4228439085361,0.0,0.0,1996-04-29,2.4056818181818183,19.0,181721.8,114670.79999999999,67051.0,0.6310204333193193,95662.79999999999,0.8342312582518108,50272.78421052631,15242.4,738.7130337249213,0.0,0.0,1996-05-23,2.4056818181818183
5989,4852,960304,213300.0,36,5925.0,C,1996-03-04,36,47,POPLATEK MESICNE,950413,1995-04-13,5860,5860,640422,47,1964-04-22,M,Pardubice,east Bohemia,162580,83,26,5,1,6,72.8,9538,1.51,1.81,111,6079.0,5410,326,31.865845311430526,False,,0,1032,False,True,False,True,False,True,True,213300.0,36.0,5925.0,0.027777777777777776,326.0,31.865845311430526,0.0,9538.0,1.81,5410.0,111.0,0.0,59.0,6.0,15433.7,10733.6,4700.1,0.6954200599946873,14.6,0.0013600879399325544,31159.333333333332,22532.7,135.40020725388607,0.0,0.0,1996-03-31,3.802987341772152,12.0,27475.5,21467.199999999997,6008.300000000003,0.7812931050170144,29.2,0.0013601512935411447,32094.05,22532.7,76.67894030990159,0.0,0.0,1996-04-30,3.802987341772152,18.0,38504.5,32200.799999999996,6303.700000000004,0.8362649491631065,43.8,0.0013601724127222702,32562.466666666667,22532.7,46.66707171280722,0.0,0.0,1996-05-31,3.802987341772152
6698,8327,960310,247728.0,48,5161.0,C,1996-03-10,48,1,POPLATEK TYDNE,950808,1995-08-08,9974,10282,790619,1,1979-06-19,M,Hl.m. Praha,Prague,1204953,0,0,0,1,1,100.0,12541,0.29,0.43,167,85677.0,99107,215,16.725530458590008,False,,0,1026,False,True,False,True,False,True,True,247728.0,48.0,5161.0,0.020833333333333332,215.0,16.725530458590008,0.0,12541.0,0.43,99107.0,167.0,0.0,50.0,8.0,10278.6,28034.2,-17755.6,2.7271683723102065,16230.0,0.5789150781874215,48870.4875,34796.1,-474.83202729473913,0.0,0.0,1996-04-09,6.742123619453594,17.0,79703.8,62668.4,17035.4,0.7862562856942116,39060.0,0.6232706871296039,48162.629411764705,29635.0,59.80542351774074,0.0,0.0,1996-05-09,5.7421042433636895,26.0,106931.40000000001,120763.59999999999,-13832.199999999983,1.129345268599601,87890.0,0.7277794982966863,53749.47307692309,29635.0,248.87514088538595,0.0,0.0,1996-06-05,5.7421042433636895
5312,1772,960313,202788.0,36,5633.0,C,1996-03-13,36,31,POPLATEK TYDNE,950220,1995-02-20,2148,2148,535720,31,1953-07-20,F,Tachov,west Bohemia,51313,34,12,3,1,4,59.2,8930,3.52,4.2,108,1328.0,1452,387,42.64750171115674,False,,0,1023,False,True,False,True,False,True,True,202788.0,36.0,5633.0,0.027777777777777776,387.0,42.64750171115674,1.0,8930.0,4.2,1452.0,108.0,0.0,79.0,7.0,48476.9,48531.0,-54.099999999998545,1.0010953444765553,30904.0,0.6367757355971317,72068.51428571428,50997.5,1327.478613333334,0.0,0.0,1996-04-12,9.05334635185514,16.0,96929.20000000001,109401.0,-12471.799999999988,1.1286575288197072,74147.0,0.677748121606552,71740.61875,50997.5,281.9020012459118,0.0,0.0,1996-05-12,9.05334635185514,23.0,169457.1,154706.0,14751.100000000006,0.912945441970611,119452.0,0.7721176158803416,63217.386956521725,23876.9,-289.51449067225803,0.0,0.0,1996-06-08,4.2387537724125695
7189,10728,960321,154656.0,48,3222.0,C,1996-03-21,48,71,POPLATEK MESICNE,941223,1994-12-23,12882,13190,561128,71,1956-11-28,M,Novy Jicin,north Moravia,161227,5,35,11,4,10,69.7,8678,5.93,5.57,102,4980.0,4595,454,39.31006160164271,False,,0,1015,False,True,False,True,False,True,True,154656.0,48.0,3222.0,0.020833333333333332,454.0,39.31006160164271,0.0,8678.0,5.57,4595.0,102.0,0.0,89.0,6.0,19477.6,15103.1,4374.499999999998,0.7753688663456306,8014.6,0.5306241351685966,41996.26666666667,33447.5,619.5085395051875,0.0,0.0,1996-04-16,10.380974549968963,13.0,38984.2,37306.2,1678.0,0.9569323743369279,23129.2,0.6199661191405413,42942.73076923078,33447.5,94.27097307194218,0.0,0.0,1996-05-16,10.380974549968963,20.0,68148.6,58309.299999999996,9839.30000000001,0.8556073696690808,37043.8,0.6352874192038114,43399.26500000001,32747.3,77.81595340159201,0.0,0.0,1996-06-15,10.163656114214772
6816,9017,960326,100224.0,48,2088.0,D,1996-03-26,48,70,POPLATEK MESICNE,951122,1995-11-22,10797,11105,575201,70,1957-02-01,F,Karvina,north Moravia,285387,0,2,8,5,7,89.9,10177,6.63,7.75,81,9878.0,10108,125,39.14579055441479,False,,1,1010,False,True,False,True,False,True,True,100224.0,48.0,2088.0,0.020833333333333332,125.0,39.14579055441479,1.0,10177.0,7.75,10108.0,81.0,0.0,18.0,6.0,12842.1,15188.0,-2345.8999999999996,1.1825805296229104,13100.0,0.862466258476529,35017.700000000004,29041.2,141.67858869018858,0.0,0.0,1996-04-20,13.908620689655173,14.0,25731.1,34990.6,-9259.5,1.3598035138989821,30814.6,0.8806284936956298,30889.228571428564,19987.6,-211.77117537313433,0.0,0.0,1996-05-20,9.572605363984673,22.0,44823.2,50893.2,-6070.0,1.1353956121916287,44629.2,0.8769014936869034,28027.122727272726,11313.1,-176.03711159349058,0.0,0.0,1996-06-19,5.418151340996169
6137,5574,960410,44628.0,12,3719.0,A,1996-04-10,12,13,POPLATEK TYDNE,940714,1994-07-14,6731,6731,431126,13,1943-11-26,M,Rakovnik,central Bohemia,53921,61,22,1,1,2,41.3,8598,2.77,3.26,123,1597.0,1875,636,52.37234770704997,True,0.0,0,995,False,True,False,True,False,True,True,44628.0,12.0,3719.0,0.08333333333333333,636.0,52.37234770704997,0.0,8598.0,3.26,1875.0,123.0,0.0,146.0,9.0,47899.3,57669.0,-9769.699999999997,1.2039381799278919,42072.0,0.7295300849661869,44718.61111111111,22960.0,-820.9052014652012,0.0,0.0,1996-05-08,6.173702608228019,17.0,119659.3,100615.0,19044.300000000003,0.8408386072908057,69421.0,0.6899598473403833,46774.73529411765,22960.0,-26.653022589882227,0.0,0.0,1996-06-08,6.173702608228019,24.0,167708.5,155442.0,12266.5,0.926852682763946,108651.0,0.698976473691321,55510.125,22960.0,343.61959089864405,0.0,0.0,1996-07-08,6.173702608228019
5128,808,960411,215616.0,48,4492.0,D,1996-04-11,48,69,POPLATEK MESICNE,950613,1995-06-13,968,968,570217,69,1957-02-17,M,Jesenik,north Moravia,42821,4,13,5,1,3,48.4,8173,7.01,7.01,124,1358.0,1358,303,39.14579055441479,False,,1,994,False,True,False,True,False,True,True,215616.0,48.0,4492.0,0.020833333333333332,303.0,39.14579055441479,0.0,8173.0,7.01,1358.0,124.0,1.0,61.0,9.0,15442.6,14147.900000000001,1294.699999999999,0.9161011681214225,9647.900000000001,0.6818833972959029,-115.29999999999967,-4384.8,213.99004524886877,1.0,1.0,1996-05-08,-0.9761353517364203,18.0,38607.3,38185.9,421.40000000000146,0.9890593473424107,33685.9,0.8821323542890362,4824.283333333333,-4384.8,321.36707553714524,1.0,1.0,1996-06-07,-0.9761353517364203,26.0,54088.3,50112.600000000006,3975.699999999997,0.9264789893749781,45612.600000000006,0.9101840618115641,3354.173076923077,-4384.8,38.3263489183531,1.0,1.0,1996-07-07,-0.9761353517364203
5470,2456,960415,200976.0,48,4187.0,C,1996-04-15,48,65,POPLATEK MESICNE,950909,1995-09-09,2966,2966,550220,65,1955-02-20,M,Znojmo,south Moravia,114200,101,41,4,1,4,43.7,8403,5.74,5.72,105,2157.0,2718,219,41.14989733059548,False,,0,990,False,True,False,True,False,True,True,200976.0,48.0,4187.0,0.020833333333333332,219.0,41.14989733059548,0.0,8403.0,5.72,2718.0,105.0,0.0,35.0,7.0,25297.3,23555.9,1741.3999999999978,0.9311258068723987,9814.6,0.4166337676010001,39277.200000000004,24048.7,-328.11920529801336,0.0,0.0,1996-05-14,5.743658944351565,15.0,66064.5,55308.8,10755.699999999997,0.8371812822123499,27826.199999999997,0.5030971003330331,36884.04,20501.0,-161.30127917414717,0.0,0.0,1996-06-14,4.89634583233819,23.0,96924.4,108964.70000000001,-12040.300000000017,1.1242120228546906,67740.79999999999,0.6216708560583741,32834.36521739131,14167.0,-209.10194338687455,0.0,0.0,1996-07-14,3.3835681872462384
5593,3037,960418,277884.0,36,7719.0,D,1996-04-18,36,44,POPLATEK MESICNE,940526,1994-05-26,3670,3670,805917,44,1980-09-17,F,Chrudim,east Bohemia,105606,77,26,7,2,7,53.0,8254,2.79,3.76,97,2166.0,2325,693,15.58384668035592,False,,1,987,False,True,False,True,False,True,True,277884.0,36.0,7719.0,0.027777777777777776,693.0,15.58384668035592,1.0,8254.0,3.76,2325.0,97.0,0.0,117.0,4.0,31.6,6714.6,-6683.0,205.96932515337423,6714.6,0.9998510929775448,9959.5,4931.1,-1340.9066666666668,0.0,0.0,1996-05-05,0.6388262728332686,7.0,79.0,13229.2,-13150.2,165.365,13229.2,0.9999244153527536,6892.000000000001,-1536.2,-233.10518348623856,1.0,0.0,1996-06-14,-0.1990154165047286,10.0,98.7,13244.300000000001,-13145.6,132.84152457372116,13244.300000000001,0.9999245015212943,4366.5,-1536.2,-202.67420132141467,1.0,1.0,1996-06-30,-0.1990154165047286
5350,1967,960421,249312.0,48,5194.0,C,1996-04-21,48,26,POPLATEK TYDNE,950213,1995-02-13,2392,2392,550521,26,1955-05-21,M,Plzen - mesto,west Bohemia,170449,0,0,0,1,1,100.0,10787,2.64,3.09,131,6041.0,6261,433,40.91991786447639,False,,0,984,False,True,False,True,False,True,True,249312.0,48.0,5194.0,0.020833333333333332,433.0,40.91991786447639,0.0,10787.0,3.09,6261.0,131.0,0.0,60.0,9.0,90091.0,110088.0,-19997.0,1.2219508946410336,90730.0,0.8241513684382635,81923.94444444444,35429.5,-3323.3110735418422,0.0,0.0,1996-05-14,6.821236041586446,19.0,191354.8,174082.0,17272.79999999999,0.9097294150477802,135366.0,0.7775945956813703,69815.4789473684,35047.2,-754.9517453631731,0.0,0.0,1996-06-20,6.747631882941856,29.0,246151.69999999998,270378.0,-24226.300000000017,1.0984157394982872,212304.0,0.7852089104553238,58646.04482758622,11542.1,-741.7031569707715,0.0,0.0,1996-07-19,2.2221986907970734
6063,5213,960425,320976.0,48,6687.0,D,1996-04-25,48,1,POPLATEK MESICNE,950818,1995-08-18,6299,6299,360809,1,1936-08-09,M,Hl.m. Praha,Prague,1204953,0,0,0,1,1,100.0,12541,0.29,0.43,167,85677.0,99107,251,59.709787816563995,False,,1,980,False,True,False,True,False,True,True,320976.0,48.0,6687.0,0.020833333333333332,251.0,59.709787816563995,0.0,12541.0,0.43,99107.0,167.0,0.0,50.0,6.0,47174.8,35801.6,11373.200000000004,0.7588975703644665,29114.6,0.8131979241731048,63152.85,46692.5,1773.6080553295362,0.0,0.0,1996-05-14,6.9825781366831166,15.0,117698.5,113907.2,3791.300000000003,0.9677798121487347,100533.2,0.8825808853093983,68782.04000000001,46692.5,400.7629852171335,0.0,0.0,1996-06-13,6.9825781366831166,22.0,165004.5,162176.8,2827.7000000000116,0.9828569350718611,142115.8,0.8762962624970865,66955.37727272727,46692.5,47.06980405328156,0.0,0.0,1996-07-13,6.9825781366831166
6501,7418,960429,30276.0,12,2523.0,B,1996-04-29,12,21,POPLATEK MESICNE,950407,1995-04-07,8888,9196,395423,21,1939-04-23,F,Tabor,south Bohemia,103347,87,16,7,1,7,67.0,9104,1.51,2.07,123,2299.0,2354,388,57.01848049281314,True,1.0,1,976,False,True,False,True,False,True,True,30276.0,12.0,2523.0,0.08333333333333333,388.0,57.01848049281314,1.0,9104.0,2.07,2354.0,123.0,0.0,92.0,8.0,15437.6,20737.8,-5300.199999999999,1.3432435583537368,18214.6,0.8782861110575346,21738.5,7014.2,-762.1050505050506,0.0,0.0,1996-05-12,2.7801030519223144,17.0,38772.3,45461.6,-6689.299999999996,1.1724975692035497,40415.2,0.8889768732980515,20042.20588235294,1942.2,-105.63220552439415,0.0,0.0,1996-06-28,0.7697978596908442,25.0,55140.4,61699.399999999994,-6558.999999999993,1.1189306038656979,54129.799999999996,0.877300633383252,20458.012,1942.2,-11.515703224149782,0.0,0.0,1996-07-12,0.7697978596908442
5452,2352,960429,49440.0,60,824.0,C,1996-04-29,60,70,POPLATEK MESICNE,950121,1995-01-21,2843,2843,666006,70,1966-10-06,F,Karvina,north Moravia,285387,0,2,8,5,7,89.9,10177,6.63,7.75,81,9878.0,10108,464,29.56331279945243,False,,0,976,False,True,False,True,False,True,True,49440.0,60.0,824.0,0.016666666666666666,464.0,29.56331279945243,1.0,10177.0,7.75,10108.0,81.0,0.0,110.0,8.0,20437.8,19057.6,1380.2000000000007,0.9324226471221402,12614.6,0.6618849233416936,54454.024999999994,45188.7,874.0486761710793,0.0,0.0,1996-05-15,54.84065533980582,18.0,51016.3,53835.2,-2818.899999999994,1.0552342048677603,40949.2,0.760625749960064,54933.54444444444,41663.6,130.878086902157,0.0,0.0,1996-06-14,50.5626213592233,26.0,71488.5,70892.79999999999,595.7000000000116,0.9916533197182802,51563.8,0.7273386389218804,54036.53846153846,41663.6,10.164289242319473,0.0,0.0,1996-07-14,50.5626213592233
4961,19,960429,30276.0,12,2523.0,B,1996-04-29,12,21,POPLATEK MESICNE,950407,1995-04-07,25,25,395423,21,1939-04-23,F,Tabor,south Bohemia,103347,87,16,7,1,7,67.0,9104,1.51,2.07,123,2299.0,2354,388,57.01848049281314,True,1.0,1,976,False,True,False,True,False,True,True,30276.0,12.0,2523.0,0.08333333333333333,388.0,57.01848049281314,1.0,9104.0,2.07,2354.0,123.0,0.0,80.0,9.0,15243.9,14716.5,527.3999999999996,0.9653392282009066,14716.5,0.9999320536775947,18843.92222222222,15242.4,544.6464859437751,0.0,1.0,1996-05-16,6.041379310344827,17.0,38495.2,34917.1,3578.0999999999985,0.9070271870989864,34917.1,0.999971361557473,20973.54117647059,15242.4,169.96214079922177,0.0,1.0,1996-06-28,6.041379310344827,24.0,54812.2,54231.7,580.5,0.9893912415257639,54231.7,0.9999815609401708,19911.3625,3795.4,8.983174567558756,0.0,1.0,1996-07-12,1.5043202536662703
4973,67,960502,165960.0,24,6915.0,A,1996-05-02,24,16,POPLATEK MESICNE,941019,1994-10-19,78,78,445613,16,1944-06-13,F,Jindrichuv Hradec,south Bohemia,93931,74,21,10,1,8,56.9,8427,1.12,1.54,107,1874.0,1913,561,51.885010266940455,True,0.0,0,973,False,True,False,True,False,True,True,165960.0,24.0,6915.0,0.041666666666666664,561.0,51.885010266940455,1.0,8427.0,1.54,1913.0,107.0,0.0,125.0,8.0,41617.4,35367.6,6249.800000000003,0.8498068162159045,21614.6,0.6111239913369486,40723.975,29826.2,-955.3463450292396,0.0,0.0,1996-05-31,4.313261026753435,16.0,104026.59999999999,88735.20000000001,15291.39999999998,0.8529967047206705,61229.2,0.6900137711554021,46500.287500000006,29826.2,-20.330945674926276,0.0,0.0,1996-06-30,4.313261026753435,24.0,145674.99999999997,142633.80000000002,3041.1999999999534,0.979116669870123,101374.8,0.7107297798293263,45351.81666666666,26586.6,-116.67029867822559,0.0,0.0,1996-07-31,3.844772234273319
6190,5794,960506,123600.0,60,2060.0,C,1996-05-06,60,70,POPLATEK MESICNE,950714,1995-07-14,7010,7010,670630,70,1967-06-30,M,Karvina,north Moravia,285387,0,2,8,5,7,89.9,10177,6.63,7.75,81,9878.0,10108,297,28.851471594798085,False,,0,969,False,True,False,True,False,True,True,123600.0,60.0,2060.0,0.016666666666666666,297.0,28.851471594798085,0.0,10177.0,7.75,10108.0,81.0,0.0,49.0,4.0,57.4,2674.6,-2617.2,45.79794520547945,614.6,0.2297054866198236,13385.65,12845.6,-54.56845203060627,0.0,0.0,1996-05-31,6.235728155339806,8.0,4316.599999999999,4749.200000000001,-432.6000000000013,1.099962942375394,629.2,0.1324575807334428,14477.5,12845.6,32.01573487302257,0.0,0.0,1996-06-30,6.235728155339806,12.0,4371.799999999999,7523.8,-3152.000000000001,1.7205909257226495,1343.8,0.1785828194769296,13935.650000000001,12313.0,-15.845177240151989,0.0,0.0,1996-07-31,5.977184466019417
6715,8411,960506,220620.0,60,3677.0,C,1996-05-06,60,20,POPLATEK MESICNE,941202,1994-12-02,10081,10389,435815,20,1943-08-15,F,Strakonice,south Bohemia,70646,94,14,3,1,4,58.4,8547,2.65,3.64,120,1563.0,1542,521,52.72553045859001,False,,0,969,False,True,False,True,False,True,True,220620.0,60.0,3677.0,0.016666666666666666,521.0,52.72553045859001,1.0,8547.0,3.64,1542.0,120.0,0.0,128.0,8.0,22284.9,18210.899999999998,4074.0000000000036,0.8171489596561052,5214.6,0.2863292682257206,29266.300000000003,17109.9,200.35299145299135,0.0,0.0,1996-05-31,4.653222735926027,16.0,55691.9,47021.799999999996,8670.100000000006,0.8443051089097532,21029.199999999997,0.44721284143011475,32947.7625,17109.9,198.5355743059336,0.0,0.0,1996-06-30,4.653222735926027,25.0,78039.4,74932.7,3106.699999999997,0.9601783178968842,35943.799999999996,0.4796746991006716,32994.804,17109.9,46.42959117753705,0.0,0.0,1996-07-31,4.653222735926027
5892,4462,960514,66480.0,24,2770.0,B,1996-05-14,24,73,POPLATEK TYDNE,951227,1995-12-27,5384,5384,350721,73,1935-07-21,M,Opava,north Moravia,182027,17,49,12,2,7,56.4,8746,3.33,3.74,90,4355.0,4433,139,60.81587953456537,True,1.0,1,961,False,True,False,True,False,True,True,66480.0,24.0,2770.0,0.041666666666666664,139.0,60.81587953456537,0.0,8746.0,3.74,4433.0,90.0,0.0,10.0,2.0,206.5,7200.0,-6993.5,34.69879518072289,7200.0,0.9998611303985557,27794.45,27691.2,34.416666666666664,0.0,0.0,1996-05-31,9.99682310469314,6.0,30874.4,16200.0,14674.400000000001,0.5246895586777823,16200.0,0.9999382754150978,31183.88333333333,24255.7,257.8729656724817,0.0,0.0,1996-07-08,8.756570397111913,12.0,38371.6,44751.3,-6379.700000000004,1.1662305916200624,41981.0,0.9380746911331931,33711.38333333334,24255.7,104.02018305562075,0.0,0.0,1996-08-12,8.756570397111913
6550,7614,960518,320592.0,48,6679.0,C,1996-05-18,48,62,POPLATEK MESICNE,950208,1995-02-08,9119,9427,706109,62,1970-11-09,F,Uherske Hradiste,south Moravia,145688,22,41,13,2,5,40.7,8544,1.29,1.86,109,2719.0,2906,465,25.522245037645447,False,,0,957,False,True,False,True,False,True,True,320592.0,48.0,6679.0,0.020833333333333332,465.0,25.522245037645447,1.0,8544.0,1.86,2906.0,109.0,0.0,88.0,8.0,60359.6,80315.29999999999,-19955.69999999999,1.3305914785472641,73636.6,0.9168325732136567,69383.875,46885.6,946.3890547263684,0.0,0.0,1996-06-16,7.019853271447821,14.0,100699.7,108508.59999999999,-7808.899999999994,1.0775357072989562,95151.2,0.8768919984959856,64965.914285714294,40246.4,-100.33134477112549,0.0,0.0,1996-07-17,6.025812247342417,19.0,141038.2,132001.9,9036.300000000017,0.935923487938105,111965.8,0.8482071227223039,65292.6947368421,40246.4,5.222942617397195,0.0,0.0,1996-08-12,6.025812247342417
5706,3608,960524,161496.0,36,4486.0,C,1996-05-24,36,72,POPLATEK TYDNE,940830,1994-08-30,4352,4352,710724,72,1971-07-24,M,Olomouc,north Moravia,226122,32,50,7,4,4,62.6,8994,3.8,4.79,110,9672.0,9208,633,24.83504449007529,False,,0,951,False,True,False,True,False,True,True,161496.0,36.0,4486.0,0.027777777777777776,633.0,24.83504449007529,0.0,8994.0,4.79,9208.0,110.0,0.0,130.0,7.0,17331.6,12440.0,4891.5999999999985,0.7177226728823143,4830.0,0.38823245719797445,39388.15714285715,32263.1,-566.4643243243245,0.0,0.0,1996-06-20,7.191952741863576,13.0,37139.3,25680.0,11459.300000000003,0.6914322178334584,10460.0,0.40730501148709164,37574.45384615384,26778.8,-129.79763722830631,0.0,0.0,1996-07-20,5.96941596076683,22.0,86579.40000000001,65827.0,20752.40000000001,0.7602990977172662,42997.0,0.6531719025338761,45624.945454545465,26778.8,281.1520634512601,0.0,0.0,1996-08-21,5.96941596076683
5148,940,960529,284280.0,60,4738.0,C,1996-05-29,60,37,POPLATEK MESICNE,941115,1994-11-15,1133,1133,585915,37,1958-09-15,F,Litomerice,north Bohemia,114006,71,26,6,2,9,62.3,9065,4.46,5.39,123,4147.0,4166,561,37.70294318959617,False,,0,946,False,True,False,True,False,True,True,284280.0,60.0,4738.0,0.016666666666666666,561.0,37.70294318959617,1.0,9065.0,5.39,4166.0,123.0,0.0,94.0,8.0,57124.2,87549.6,-30425.40000000001,1.532591570795376,82811.6,0.9458713018528714,86727.97499999999,64191.9,-1152.8730125523011,0.0,0.0,1996-06-22,13.548311523849726,15.0,95301.7,113289.20000000001,-17987.500000000015,1.1887302248519718,103813.20000000001,0.9163475746357584,79011.13333333335,52106.8,-490.85491161108865,0.0,0.0,1996-07-26,10.997636133389616,23.0,133455.8,172307.8,-38852.0,1.2911129294273502,158093.80000000002,0.9175027624822414,78788.7391304348,52106.8,-139.59857110878966,0.0,0.0,1996-08-23,10.997636133389616
6734,8547,960530,173016.0,36,4806.0,C,1996-05-30,36,14,POPLATEK TYDNE,950717,1995-07-17,10235,10543,455223,14,1945-02-23,F,Ceske Budejovice,south Bohemia,177686,69,27,10,1,9,74.8,10045,1.42,1.71,135,6604.0,6295,318,51.26351813826147,False,,0,945,False,True,False,True,False,True,True,173016.0,36.0,4806.0,0.027777777777777776,318.0,51.26351813826147,1.0,10045.0,1.71,6295.0,135.0,0.0,94.0,9.0,81990.4,137291.5,-55301.100000000006,1.6744621996941145,132485.0,0.964983520585611,73268.34444444445,33030.6,-199.1180154820551,0.0,0.0,1996-06-23,6.872784019975031,15.0,127240.0,164128.0,-36888.0,1.289898696174975,154515.0,0.9414241237075714,63050.66666666665,33030.6,-638.7936440514347,0.0,0.0,1996-07-12,6.872784019975031,28.0,287724.30000000005,242138.5,45585.80000000005,0.8415613781617396,227719.0,0.9404454870023272,77900.92857142855,33030.6,540.1249777598058,0.0,0.0,1996-08-25,6.872784019975031
6109,5422,960603,368880.0,60,6148.0,C,1996-06-03,60,66,POPLATEK MESICNE,941022,1994-10-22,6544,6544,740804,66,1974-08-04,M,Zdar nad Sazavou,south Moravia,125832,151,41,2,3,5,48.3,8512,3.51,4.12,102,2247.0,2103,590,21.831622176591377,False,,0,941,False,True,False,True,False,True,True,368880.0,60.0,6148.0,0.016666666666666666,590.0,21.831622176591377,0.0,8512.0,4.12,2103.0,102.0,0.0,182.0,9.0,44670.3,63549.6,-18879.299999999996,1.4226046701125779,52814.6,0.831063750774973,82277.06666666665,56577.4,609.7615030674847,0.0,0.0,1996-06-30,9.202569941444372,24.0,184037.2,191199.2,-7162.0,1.0389104001234526,169729.2,0.887704092359736,80732.83750000001,33112.1,59.41102338142872,0.0,0.0,1996-07-31,5.385832791151594,34.0,253552.1,302148.8,-48596.69999999998,1.1916588675113813,269943.8,0.8934104871159935,78000.69117647059,33112.1,-143.66594029105826,0.0,0.0,1996-08-31,5.385832791151594
6961,9645,960606,176148.0,36,4893.0,C,1996-06-06,36,38,POPLATEK MESICNE,960123,1996-01-23,11565,11873,636120,38,1963-11-20,F,Louny,north Bohemia,85852,41,23,4,2,4,59.8,8965,7.08,8.23,104,2653.0,2822,135,32.544832306639286,False,,0,938,False,True,False,True,False,True,True,176148.0,36.0,4893.0,0.027777777777777776,135.0,32.544832306639286,1.0,8965.0,8.23,2822.0,104.0,0.0,13.0,8.0,52514.5,70790.6,-18276.100000000006,1.3479944016528456,60714.6,0.8576526028511856,54100.025,35138.6,-1668.6806678049707,0.0,0.0,1996-06-30,7.18140200286123,15.0,87574.8,106058.20000000001,-18483.40000000001,1.2110446036462128,85906.20000000001,0.8099834809238614,52198.11333333333,34944.5,-478.24983739622434,0.0,0.0,1996-07-31,7.14173308808502,23.0,126079.0,154986.8,-28907.79999999999,1.2292734771573604,124758.8,0.8049588419217514,46114.039130434765,21076.2,-429.7202639221481,0.0,0.0,1996-08-31,4.307418761496015
6810,9006,960608,186384.0,48,3883.0,C,1996-06-08,48,40,POPLATEK TYDNE,940902,1994-09-02,10785,11093,590129,40,1959-01-29,M,Teplice,north Bohemia,128118,9,16,6,3,8,85.3,9317,6.49,7.07,97,6949.0,6872,645,37.35797399041752,False,,0,936,False,True,False,True,False,True,True,186384.0,48.0,3883.0,0.020833333333333332,645.0,37.35797399041752,0.0,9317.0,7.07,6872.0,97.0,0.0,190.0,8.0,14081.2,12995.0,1086.2000000000007,0.9227961540100268,30.0,0.0023084025854108957,22222.7125,12579.8,426.40883021507267,0.0,0.0,1996-07-08,3.239711563224311,12.0,14217.600000000002,16908.0,-2690.399999999998,1.1891466107774322,60.0,0.0035484061742267433,20910.058333333334,12579.8,-6.4170790251107475,0.0,0.0,1996-07-31,3.239711563224311,22.0,103699.70000000001,52162.0,51537.70000000001,0.5030052834744606,26890.0,0.5154994919770719,37353.95909090909,12579.8,677.9209005063339,0.0,0.0,1996-08-31,3.239711563224311
5494,2572,960613,360000.0,48,7500.0,C,1996-06-13,48,64,POPLATEK PO OBRATU,941113,1994-11-13,3103,3103,735307,64,1973-03-07,F,Zlin,south Moravia,197099,29,41,10,2,10,74.7,9624,1.6,2.31,145,4484.0,4265,578,23.26899383983573,False,,0,931,False,True,False,True,False,True,True,360000.0,48.0,7500.0,0.020833333333333332,578.0,23.26899383983573,1.0,9624.0,2.31,4265.0,145.0,0.0,136.0,6.0,49370.7,27100.0,22270.699999999997,0.5488974452976098,19600.0,0.7232205453673296,70477.3,45716.9,1994.3557377049174,0.0,0.0,1996-07-12,6.095586666666667,13.0,98834.2,66578.0,32256.199999999997,0.6736264003108204,51578.0,0.7746887156610943,77373.23846153847,45716.9,533.3573227681453,0.0,0.0,1996-08-12,6.095586666666667,18.0,148411.0,103778.0,44633.0,0.699256124841657,88778.0,0.8554524518447856,81593.77222222222,45716.9,398.7072974438545,0.0,0.0,1996-09-07,6.095586666666667
5311,1766,960615,30060.0,60,501.0,C,1996-06-15,60,28,POPLATEK MESICNE,940903,1994-09-03,2141,2141,510906,28,1951-09-06,M,Plzen - sever,west Bohemia,72541,66,26,10,0,8,36.9,8594,1.62,2.01,112,1580.0,1525,651,44.77481177275838,False,,0,929,False,True,False,True,False,True,True,30060.0,60.0,501.0,0.016666666666666666,651.0,44.77481177275838,0.0,8594.0,2.01,1525.0,112.0,0.0,186.0,9.0,19754.1,22850.6,-3096.5,1.1566937145344747,15514.6,0.6789283901346077,31899.699999999997,25818.8,1.8413167259784893,0.0,0.0,1996-07-13,51.53453093812375,20.0,39506.5,52441.2,-12934.699999999997,1.3273732835537555,37769.2,0.7202062461147701,27173.304999999993,15980.6,-273.825754620784,0.0,0.0,1996-08-13,31.89740518962076,29.0,59225.0,69691.79999999999,-10466.799999999988,1.176709553236754,47683.8,0.6841998025621012,26354.010344827588,15980.6,-116.47726346132112,0.0,0.0,1996-09-13,31.89740518962076
5445,2322,960629,46320.0,24,1930.0,A,1996-06-29,24,33,POPLATEK MESICNE,950102,1995-01-02,2809,2809,790214,33,1979-02-14,M,Decin,north Bohemia,133777,24,17,7,3,11,84.7,8705,5.75,7.61,116,4650.0,4859,544,17.371663244353183,True,0.0,0,915,False,True,False,True,False,True,True,46320.0,24.0,1930.0,0.041666666666666664,544.0,17.371663244353183,0.0,8705.0,7.61,4859.0,116.0,0.0,178.0,10.0,61447.3,36124.6,25322.700000000004,0.5878860765879609,27514.6,0.7616371769603827,42480.759999999995,19603.3,1777.1221415301472,0.0,0.0,1996-07-25,10.157150259067357,20.0,61629.9,60849.2,780.7000000000044,0.9873164273116245,43629.2,0.7169935349431883,39753.91000000001,19603.3,-67.37658605783514,0.0,0.0,1996-08-24,10.157150259067357,28.0,66264.4,69473.79999999999,-3209.399999999994,1.0484174244779325,43643.799999999996,0.6281961229107533,34274.65000000001,15843.3,-311.1041939108395,0.0,0.0,1996-09-23,8.208963730569948
5301,1698,960706,141948.0,36,3943.0,C,1996-07-06,36,68,POPLATEK MESICNE,960314,1996-03-14,2063,2063,505926,68,1950-09-26,F,Frydek - Mistek,north Moravia,228848,15,40,18,2,6,57.2,9893,4.09,4.72,96,5623.0,5887,114,45.776865160848736,False,,0,908,False,True,False,True,False,True,True,141948.0,36.0,3943.0,0.027777777777777776,114.0,45.776865160848736,1.0,9893.0,4.72,5887.0,96.0,0.0,10.0,3.0,19429.6,17000.0,2429.5999999999985,0.874908649243976,17000.0,0.9999411799305923,55200.9,49466.7,-506.93307240704473,0.0,0.0,1996-07-31,12.545447628709104,9.0,38847.7,46599.6,-7751.9000000000015,1.1995150416873668,33014.6,0.7084586893730982,50589.87777777777,39311.3,-381.0822245794817,0.0,0.0,1996-08-31,9.969896018260208,16.0,58220.1,75119.20000000001,-16899.100000000013,1.290240136307971,47949.2,0.6382996850381121,45362.7625,30209.7,-350.3826400294766,0.0,0.0,1996-09-30,7.661602840476794
7034,10001,960711,19044.0,36,529.0,C,1996-07-11,36,24,POPLATEK MESICNE,950528,1995-05-28,11995,12303,745405,24,1974-04-05,F,Karlovy Vary,west Bohemia,122603,25,21,6,2,8,80.0,8991,1.39,2.01,128,5198.0,5273,410,22.26694045174538,False,,0,903,False,True,False,True,False,True,True,19044.0,36.0,529.0,0.027777777777777776,410.0,22.26694045174538,1.0,8991.0,2.01,5273.0,128.0,0.0,69.0,6.0,16252.2,14143.6,2108.6000000000004,0.8702040213619472,13614.6,0.9625298700564173,42640.76666666667,36192.2,-124.02736842105259,0.0,0.0,1996-08-06,68.41625708884688,11.0,32521.7,28287.199999999997,4234.500000000004,0.8697678852001831,27229.199999999997,0.9625638959000573,43344.71818181818,36192.2,17.48025339925831,0.0,0.0,1996-09-06,68.41625708884688,17.0,48782.100000000006,44430.799999999996,4351.30000000001,0.9107826275902924,42843.8,0.964259831922182,43718.49999999999,36192.2,17.079811688311707,0.0,0.0,1996-10-06,68.41625708884688
6751,8680,960714,85716.0,36,2381.0,C,1996-07-14,36,17,POPLATEK MESICNE,960212,1996-02-12,10394,10702,380503,17,1938-05-03,M,Pelhrimov,south Bohemia,74062,99,15,4,2,7,61.4,8114,2.38,2.62,119,1003.0,1181,153,58.19849418206708,False,,0,900,False,True,False,True,False,True,True,85716.0,36.0,2381.0,0.027777777777777776,153.0,58.19849418206708,0.0,8114.0,2.62,1181.0,119.0,0.0,19.0,8.0,14535.1,16959.8,-2424.699999999999,1.166736607480686,2414.6,0.1423635677562379,32569.287500000006,22186.4,-64.49376731301945,0.0,0.0,1996-08-12,9.318101637967242,16.0,29060.5,35619.6,-6559.0999999999985,1.225662818505583,6529.2,0.18329842843747718,31040.3,18052.0,-103.6438057367424,0.0,0.0,1996-09-12,7.581688366232675,24.0,43558.9,51279.399999999994,-7720.499999999993,1.1772157420012441,7643.8,0.14905889969657024,29519.075,16890.6,-101.35075443446213,0.0,0.0,1996-10-12,7.093910121797563
6667,8127,960715,155880.0,24,6495.0,A,1996-07-15,24,37,POPLATEK MESICNE,941013,1994-10-13,9732,10040,686030,37,1968-10-30,F,Litomerice,north Bohemia,114006,71,26,6,2,9,62.3,9065,4.46,5.39,123,4147.0,4166,641,27.707049965776864,True,0.0,0,899,False,True,False,True,False,True,True,155880.0,24.0,6495.0,0.041666666666666664,641.0,27.707049965776864,1.0,9065.0,5.39,4166.0,123.0,0.0,142.0,8.0,45020.1,42914.4,2105.699999999997,0.9532063854503777,28114.6,0.6551168112146222,62742.95,39164.6,95.80101137800257,0.0,0.0,1996-08-12,6.0299615088529634,17.0,104919.90000000001,78928.8,25991.100000000006,0.7522695668832425,49329.2,0.6249756112393544,68719.98823529412,39164.6,348.42712059734447,0.0,0.0,1996-09-12,6.0299615088529634,29.0,251421.5,237943.19999999998,13478.300000000017,0.9463878531157712,193543.80000000002,0.8133999483912616,82936.37241379311,39164.6,590.3502684640996,0.0,0.0,1996-10-12,6.0299615088529634
6130,5541,960718,32640.0,48,680.0,C,1996-07-18,48,43,POPLATEK MESICNE,950324,1995-03-24,6691,6691,421015,43,1942-10-15,M,Hradec Kralove,east Bohemia,161854,73,21,6,1,6,76.3,9425,1.72,2.5,125,4085.0,3891,482,53.75770020533881,False,,0,896,False,True,False,True,False,True,True,32640.0,48.0,680.0,0.020833333333333332,482.0,53.75770020533881,0.0,9425.0,2.5,3891.0,125.0,0.0,107.0,9.0,12811.2,6956.6,5854.6,0.5429668597118371,2514.6,0.36141773025181095,17188.777777777777,11911.6,55.234250474383266,0.0,0.0,1996-08-15,17.517058823529414,16.0,20641.4,11413.2,9228.2,0.5529008254854086,2529.2,0.22158364142909706,20309.668749999997,11911.6,209.67937101830316,0.0,0.0,1996-09-14,17.517058823529414,23.0,27893.0,16069.800000000001,11823.199999999999,0.5761023876102388,2743.7999999999997,0.17073201085197995,22529.3652173913,11911.6,167.1372239905902,0.0,0.0,1996-10-14,17.517058823529414
5429,2268,960718,20196.0,36,561.0,C,1996-07-18,36,1,POPLATEK MESICNE,950211,1995-02-11,2746,2746,710225,1,1971-02-25,M,Hl.m. Praha,Prague,1204953,0,0,0,1,1,100.0,12541,0.29,0.43,167,85677.0,99107,523,25.39356605065024,False,,0,896,False,True,False,True,False,True,True,20196.0,36.0,561.0,0.027777777777777776,523.0,25.39356605065024,0.0,12541.0,0.43,99107.0,167.0,0.0,96.0,6.0,23923.6,25717.6,-1794.0,1.074943781714219,19414.6,0.7548855691989454,63695.6,46547.5,375.9755905511809,0.0,0.0,1996-08-13,82.97237076648841,13.0,47840.8,49735.2,-1894.3999999999942,1.0395762701236155,37129.2,0.7465226535199714,62207.06923076922,46447.1,-41.7303887239041,0.0,0.0,1996-09-13,82.79340463458111,19.0,71753.3,76152.79999999999,-4399.499999999985,1.0612994621925096,57243.799999999996,0.7516867181939707,61928.02631578947,43942.0,-20.006975744022036,0.0,0.0,1996-10-13,78.32798573975045
5725,3679,960723,444864.0,48,9268.0,C,1996-07-23,48,64,POPLATEK MESICNE,950815,1995-08-15,4434,4434,640329,64,1964-03-29,M,Zlin,south Moravia,197099,29,41,10,2,10,74.7,9624,1.6,2.31,145,4484.0,4265,343,32.31759069130732,False,,0,891,False,True,False,True,False,True,True,444864.0,48.0,9268.0,0.020833333333333332,343.0,32.31759069130732,0.0,9624.0,2.31,4265.0,145.0,0.0,64.0,7.0,18125.1,18299.6,-174.5,1.0095718328818666,14.6,0.0007977880506650055,39929.48571428571,32896.4,99.19644859813089,0.0,0.0,1996-08-12,3.5494605092792404,14.0,37935.6,36599.2,1336.4000000000015,0.9647464453851953,29.2,0.0007978098480336173,40647.05714285716,32896.4,60.48974217890269,0.0,0.0,1996-09-12,3.5494605092792404,21.0,55374.0,55998.799999999996,-624.7999999999956,1.0112650112866817,1143.8,0.020425072946689098,40732.51428571428,32896.4,20.718047835069058,0.0,0.0,1996-10-12,3.5494605092792404
6019,5033,960725,11400.0,12,950.0,A,1996-07-25,12,54,POPLATEK MESICNE,950803,1995-08-03,6077,6077,805430,54,1980-04-30,F,Brno - mesto,south Moravia,387570,0,0,0,1,1,100.0,9897,1.6,1.96,140,18721.0,18696,357,16.23545516769336,True,0.0,0,889,False,True,False,True,False,True,True,11400.0,12.0,950.0,0.08333333333333333,357.0,16.23545516769336,1.0,9897.0,1.96,18696.0,140.0,0.0,77.0,8.0,7277.1,8234.6,-957.5,1.131421662247015,2514.6,0.3053329447763369,27436.2125,24672.7,259.50859247135844,0.0,0.0,1996-08-14,25.971263157894736,16.0,14545.1,16769.2,-2224.1000000000004,1.1528313431091495,5329.200000000001,0.31777796329202995,26803.48125,23406.1,0.9674956044728406,0.0,0.0,1996-09-14,24.637999999999998,25.0,21809.4,26603.800000000003,-4794.4000000000015,1.2197758867329347,9443.800000000001,0.35496602116911236,26779.584000000003,23025.9,0.9126807160661757,0.0,0.0,1996-10-20,24.237789473684213
6421,6985,960725,96768.0,36,2688.0,C,1996-07-25,36,38,POPLATEK MESICNE,950727,1995-07-27,8432,8432,685106,38,1968-01-06,F,Louny,north Bohemia,85852,41,23,4,2,4,59.8,8965,7.08,8.23,104,2653.0,2822,364,28.550308008213552,False,,0,889,False,True,False,True,False,True,True,96768.0,36.0,2688.0,0.027777777777777776,364.0,28.550308008213552,1.0,8965.0,8.23,2822.0,104.0,0.0,66.0,9.0,133931.1,68069.1,65862.0,0.5082358896784266,52214.6,0.7670710047436392,67299.45555555556,24338.0,2910.303402239449,0.0,0.0,1996-08-24,9.054315476190476,17.0,166453.5,165838.2,615.2999999999884,0.99629748670057,134129.2,0.8087906839878629,71265.20588235294,24338.0,497.7059238874607,0.0,0.0,1996-09-19,9.054315476190476,23.0,170445.6,183807.30000000002,-13361.700000000012,1.0783864271859926,136243.80000000002,0.7412276812309346,60295.86086956521,20234.7,-564.9590185597845,0.0,0.0,1996-10-19,7.527790178571429
6992,9790,960727,133968.0,48,2791.0,C,1996-07-27,48,52,POPLATEK MESICNE,951109,1995-11-09,11742,12050,430530,52,1943-05-30,M,Usti nad Orlici,east Bohemia,139012,59,41,8,3,10,61.9,8363,2.52,3.49,108,2564.0,2799,261,53.16084873374401,False,,0,887,False,True,False,True,False,True,True,133968.0,48.0,2791.0,0.020833333333333332,261.0,53.16084873374401,0.0,8363.0,3.49,2799.0,108.0,0.0,79.0,9.0,51222.3,25096.6,26125.700000000004,0.4899450054955459,9614.6,0.38308842279739896,28849.1,17975.1,863.9297249334516,0.0,0.0,1996-08-22,6.440379792189179,20.0,99793.4,83881.2,15912.199999999997,0.8405401505495299,52917.2,0.6308513605985536,44836.204999999994,17975.1,843.8682621191166,0.0,0.0,1996-09-18,6.440379792189179,32.0,203329.4,136649.8,66679.6,0.6720578919827039,90203.8,0.6601044413936838,52445.365625000006,17975.1,601.1646284473212,0.0,0.0,1996-10-15,6.440379792189179
5136,846,960728,187104.0,24,7796.0,A,1996-07-28,24,72,POPLATEK MESICNE,960309,1996-03-09,1020,1020,775510,72,1977-05-10,F,Olomouc,north Moravia,226122,32,50,7,4,4,62.6,8994,3.8,4.79,110,9672.0,9208,141,19.21697467488022,True,0.0,0,886,False,True,False,True,False,True,True,187104.0,24.0,7796.0,0.041666666666666664,141.0,19.21697467488022,1.0,8994.0,4.79,9208.0,110.0,0.0,25.0,14.0,182015.2,182565.1,-549.8999999999942,1.003015665638553,174769.6,0.9572949194839567,98170.00000000001,48429.3,-776.0554751935031,0.0,0.0,1996-08-16,6.212070292457671,24.0,242734.7,247722.2,-4987.5,1.020542919727094,232131.2,0.9370587817370355,89141.8625,41702.2,-644.7572587532023,0.0,0.0,1996-09-25,5.349179066187788,29.0,242999.80000000002,299209.30000000005,-56209.50000000003,1.231309938074278,275822.80000000005,0.9218359127342876,83623.21724137933,30668.2,-699.5980104541518,0.0,0.0,1996-10-12,3.9338378655720883
5337,1886,960731,162468.0,36,4513.0,C,1996-07-31,36,32,POPLATEK MESICNE,960305,1996-03-05,2288,2288,575823,32,1957-08-23,F,Ceska Lipa,north Bohemia,105058,32,19,7,2,10,81.0,9272,2.8,3.22,118,4340.0,4505,148,38.93771389459275,False,,0,883,False,True,False,True,False,True,True,162468.0,36.0,4513.0,0.027777777777777776,148.0,38.93771389459275,1.0,9272.0,3.22,4505.0,118.0,0.0,15.0,9.0,27402.1,76015.29999999999,-48613.19999999999,2.773967178895818,67304.6,0.8853969477598885,44742.600000000006,25766.7,-1306.8129686625632,0.0,0.0,1996-08-26,5.709439397296698,16.0,54688.1,96640.59999999999,-41952.49999999999,1.7670906999749492,79219.2,0.8197215277892751,36285.49375,13110.5,-756.0174116513007,0.0,0.0,1996-09-15,2.905052071792599,22.0,81885.0,113065.9,-31180.899999999994,1.3807720489460957,86933.8,0.7688704651847712,34181.61363636363,13110.5,-357.7798186590654,0.0,0.0,1996-10-13,2.905052071792599
5495,2580,960802,89340.0,60,1489.0,C,1996-08-02,60,60,POPLATEK MESICNE,951109,1995-11-09,3113,3113,716112,60,1971-11-12,F,Prostejov,south Moravia,110643,49,41,4,1,4,51.9,8441,3.45,4.48,115,1879.0,2252,267,24.722792607802873,False,,0,881,False,True,False,True,False,True,True,89340.0,60.0,1489.0,0.016666666666666666,267.0,24.722792607802873,1.0,8441.0,4.48,2252.0,115.0,0.0,44.0,6.0,11725.1,7819.6,3905.5,0.6668542823274576,1314.6,0.16809451960207655,46398.86666666667,40222.6,10.841145975443348,0.0,0.0,1996-08-31,27.013163196776357,13.0,23756.0,19859.2,3896.7999999999993,0.8359304626004967,6849.200000000001,0.3448706458142416,47421.40769230769,40222.6,26.149909641956263,0.0,0.0,1996-09-30,27.013163196776357,20.0,35500.2,32518.8,2981.399999999998,0.9159915721158722,13003.800000000001,0.3998733079539235,46846.37999999999,40119.5,-18.21099750290299,0.0,0.0,1996-10-31,26.943922095366016
7013,9928,960802,89340.0,60,1489.0,C,1996-08-02,60,60,POPLATEK MESICNE,951109,1995-11-09,11912,12220,716112,60,1971-11-12,F,Prostejov,south Moravia,110643,49,41,4,1,4,51.9,8441,3.45,4.48,115,1879.0,2252,267,24.722792607802873,False,,0,881,False,True,False,True,False,True,True,89340.0,60.0,1489.0,0.016666666666666666,267.0,24.722792607802873,1.0,8441.0,4.48,2252.0,115.0,0.0,44.0,6.0,11728.1,7819.6,3908.5,0.6666837182733543,1314.6,0.16809451960207655,47104.86666666667,40927.6,10.977025920873087,0.0,0.0,1996-08-31,27.48663532572196,13.0,23761.899999999998,19859.2,3902.699999999997,0.835722912607468,6849.200000000001,0.3448706458142416,48128.915384615386,40927.6,26.255451601972865,0.0,0.0,1996-09-30,27.48663532572196,20.0,35508.99999999999,32518.8,2990.1999999999935,0.9157645733596171,13003.800000000001,0.3998733079539235,47555.33000000001,40830.3,-18.11698813793286,0.0,0.0,1996-10-31,27.421289456010747
6012,4994,960803,258444.0,36,7179.0,C,1996-08-03,36,1,POPLATEK TYDNE,960111,1996-01-11,6033,6033,660527,1,1966-05-27,M,Hl.m. Praha,Prague,1204953,0,0,0,1,1,100.0,12541,0.29,0.43,167,85677.0,99107,205,30.187542778918548,False,,0,880,False,True,False,True,False,True,True,258444.0,36.0,7179.0,0.027777777777777776,205.0,30.187542778918548,0.0,12541.0,0.43,99107.0,167.0,0.0,16.0,4.0,31035.9,9030.0,22005.9,0.29094400536136017,9030.0,0.9998892702912191,68092.25,44892.1,969.1459330143537,0.0,0.0,1996-08-31,6.253252542136788,10.0,31271.100000000002,54638.8,-23367.7,1.7472059759338197,47460.0,0.8685976156574511,50920.8,30524.3,-650.7300033374123,0.0,0.0,1996-10-01,4.251887449505502,14.0,34994.700000000004,61847.600000000006,-26852.9,1.767291410087525,47490.0,0.7678427644279741,44598.978571428575,26945.4,-570.5665898899806,0.0,0.0,1996-10-31,3.753363978269954
6471,7184,960804,155640.0,24,6485.0,A,1996-08-04,24,5,POPLATEK MESICNE,950619,1995-06-19,8670,8670,435107,5,1943-01-07,F,Kolin,central Bohemia,95616,65,30,4,1,6,51.4,9307,3.85,4.43,118,2616.0,3040,412,53.57426420260096,True,0.0,0,879,False,True,False,True,False,True,True,155640.0,24.0,6485.0,0.041666666666666664,412.0,53.57426420260096,1.0,9307.0,4.43,3040.0,118.0,0.0,105.0,9.0,23196.2,22879.6,316.6000000000022,0.9863086924283965,10114.6,0.4420600858369099,52509.044444444444,40620.6,-768.487746478873,0.0,0.0,1996-08-31,6.263777949113338,20.0,46352.0,54119.2,-7767.199999999997,1.167544711237676,28589.199999999997,0.5282537758544869,50263.12500000001,32577.3,-351.2748138598968,0.0,0.0,1996-09-30,5.023484965304549,29.0,69487.3,80498.8,-11011.5,1.1584511349392632,42203.8,0.5242721099928199,47938.00344827585,29353.4,-256.3885897440537,0.0,0.0,1996-10-31,4.526353122590594
6296,6358,960806,270384.0,48,5633.0,C,1996-08-06,48,3,POPLATEK MESICNE,950527,1995-05-27,7678,7678,620407,3,1962-04-07,M,Beroun,central Bohemia,75232,55,26,4,1,5,41.7,8980,1.95,2.21,111,2824.0,2813,437,34.332648870636554,False,,0,877,False,True,False,True,False,True,True,270384.0,48.0,5633.0,0.020833333333333332,437.0,34.332648870636554,0.0,8980.0,2.21,2813.0,111.0,0.0,87.0,6.0,33932.3,22623.399999999998,11308.900000000005,0.6667020301591651,3914.6,0.17302558299888618,44401.15,35226.2,339.7910288582183,0.0,0.0,1996-09-05,6.253541629682229,14.0,70054.1,67974.8,2079.300000000003,0.9703048029336907,30557.199999999997,0.44953056823163534,40747.62142857142,23807.1,-113.99237980949515,0.0,0.0,1996-10-05,4.226362506657199,20.0,70186.3,98469.20000000001,-28282.90000000001,1.402948966550929,42342.8,0.4300062353889806,39390.595,23807.1,-133.82584796488425,0.0,0.0,1996-10-31,4.226362506657199
7305,11359,960806,54024.0,12,4502.0,A,1996-08-06,12,61,POPLATEK MESICNE,941001,1994-10-01,13660,13968,680413,61,1968-04-13,M,Trebic,south Moravia,117897,139,28,5,1,6,53.8,8814,4.76,5.74,107,2112.0,2059,675,28.314852840520192,True,0.0,0,877,False,True,False,True,False,True,True,54024.0,12.0,4502.0,0.08333333333333333,675.0,28.314852840520192,0.0,8814.0,5.74,2059.0,107.0,0.0,147.0,7.0,27143.7,21288.899999999998,5854.800000000003,0.784274646616098,12014.6,0.56433332237352,28059.571428571424,16408.2,408.6804054054055,0.0,0.0,1996-08-31,3.6446468236339404,16.0,54298.399999999994,53777.799999999996,520.5999999999985,0.9903940006703573,35229.2,0.655075977894635,29324.5875,16408.2,87.6300857932238,0.0,0.0,1996-09-30,3.6446468236339404,23.0,81443.5,74566.70000000001,6876.799999999988,0.9155523086273476,46743.8,0.6268639102453206,29163.33478260869,16408.2,40.28948419369872,0.0,0.0,1996-10-31,3.6446468236339404
6144,5593,960809,44376.0,12,3698.0,A,1996-08-09,12,15,POPLATEK MESICNE,960227,1996-02-27,6753,6753,620523,15,1962-05-23,M,Cesky Krumlov,south Bohemia,58796,22,16,7,1,5,51.9,9045,3.13,3.6,124,1845.0,1879,164,34.21492128678987,True,0.0,0,874,False,True,False,True,False,True,True,44376.0,12.0,3698.0,0.08333333333333333,164.0,34.21492128678987,0.0,9045.0,3.6,1879.0,124.0,0.0,39.0,7.0,19552.1,28600.399999999998,-9048.3,1.4627041236427982,18853.6,0.6591845154432999,51862.21428571428,39892.2,-584.6978174603174,0.0,0.0,1996-09-08,10.787506760411032,16.0,81523.2,73522.80000000002,8000.39999999998,0.901852456080526,54029.2,0.7348532039965288,53035.16875,35993.4,20.588402221833206,0.0,0.0,1996-10-05,9.733207138994052,24.0,81702.3,136959.2,-55256.90000000001,1.6762994885151519,107718.8,0.7864970991572734,45799.31666666667,12984.5,-425.5845006683918,0.0,0.0,1996-11-05,3.5112222823147645
6283,6289,960811,85632.0,48,1784.0,C,1996-08-11,48,64,POPLATEK MESICNE,950405,1995-04-05,7594,7594,495407,64,1949-04-07,F,Zlin,south Moravia,197099,29,41,10,2,10,74.7,9624,1.6,2.31,145,4484.0,4265,494,47.34565366187543,False,,0,872,False,True,False,True,False,True,True,85632.0,48.0,1784.0,0.020833333333333332,494.0,47.34565366187543,1.0,9624.0,2.31,4265.0,145.0,0.0,85.0,6.0,12395.0,26999.1,-14604.099999999999,2.1780493707647626,25214.6,0.9338706152940174,83134.16666666667,72954.2,-721.0448074679111,0.0,0.0,1996-09-10,40.89360986547085,12.0,49239.2,59898.2,-10659.0,1.2164491614575084,56329.2,0.9403998717845982,86860.53333333333,72954.2,43.42682113303642,0.0,0.0,1996-09-30,40.89360986547085,17.0,83714.2,79397.3,4316.899999999994,0.9484215530751883,74043.8,0.9325615283954443,84950.48235294118,69795.2,-69.78303926001651,0.0,0.0,1996-11-09,39.12286995515695
7246,11054,960820,148920.0,60,2482.0,C,1996-08-20,60,59,POPLATEK TYDNE,960201,1996-02-01,13282,13590,770803,59,1977-08-03,M,Kromeriz,south Moravia,108871,41,29,7,2,6,62.1,8444,3.24,3.47,106,2595.0,2305,201,19.04722792607803,False,,0,863,False,True,False,True,False,True,True,148920.0,60.0,2482.0,0.016666666666666666,201.0,19.04722792607803,0.0,8444.0,3.47,2305.0,106.0,0.0,31.0,6.0,21975.1,14018.0,7957.0999999999985,0.6378747821496991,30.0,0.0021399529210357373,27028.850000000002,22278.6,516.7410880458124,0.0,0.0,1996-09-14,8.97606768734891,13.0,40967.3,47165.0,-6197.699999999997,1.151255971080079,19189.0,0.40683967264554977,26075.784615384622,9080.9,-69.62181166531549,0.0,0.0,1996-10-14,3.65870265914585,20.0,66633.5,63461.0,3172.5,0.9523745207062407,21497.0,0.33873814251047873,25228.934999999998,9080.9,-50.76540781889317,0.0,0.0,1996-11-15,3.65870265914585
5088,544,960822,91152.0,24,3798.0,A,1996-08-22,24,32,POPLATEK MESICNE,950515,1995-05-15,655,655,421210,32,1942-12-10,M,Ceska Lipa,north Bohemia,105058,32,19,7,2,10,81.0,9272,2.8,3.22,118,4340.0,4505,465,53.700205338809035,True,0.0,0,861,False,True,False,True,False,True,True,91152.0,24.0,3798.0,0.041666666666666664,465.0,53.700205338809035,0.0,9272.0,3.22,4505.0,118.0,0.0,77.0,5.0,22983.5,9212.8,13770.7,0.4008266440427244,5414.6,0.5876619852829452,44677.5,34158.6,1308.8603896103898,0.0,0.0,1996-09-12,8.993838862559242,10.0,45977.5,24925.600000000002,21051.899999999998,0.542114249051187,17329.2,0.6952091340174753,49618.14,34158.6,396.89094696362764,0.0,0.0,1996-10-12,8.993838862559242,16.0,69005.6,48302.4,20703.200000000004,0.6999678291641669,36907.8,0.7640828595916644,50612.4375,34158.6,157.58194110558355,0.0,0.0,1996-11-12,8.993838862559242
5988,4851,960822,141648.0,24,5902.0,A,1996-08-22,24,52,POPLATEK MESICNE,960204,1996-02-04,5858,5858,520717,52,1952-07-17,M,Usti nad Orlici,east Bohemia,139012,59,41,8,3,10,61.9,8363,2.52,3.49,108,2564.0,2799,200,44.09856262833676,True,0.0,0,861,False,True,False,True,False,True,True,141648.0,24.0,5902.0,0.041666666666666664,200.0,44.09856262833676,0.0,8363.0,3.49,2799.0,108.0,0.0,18.0,11.0,88875.0,128001.8,-39126.8,1.4402290832170666,117814.6,0.9204064286093742,68868.28181818183,42304.5,-1817.4345434543454,0.0,0.0,1996-09-12,7.1678244662826165,17.0,89103.2,158063.60000000003,-68960.40000000004,1.7739186256091188,137689.2,0.8710944765621144,57170.294117647056,19749.8,-1114.287234594819,0.0,0.0,1996-10-12,3.346289393425957,22.0,92205.5,168265.40000000005,-76059.90000000005,1.8248756866381444,137703.80000000002,0.8183677787128029,48574.52272727273,12650.3,-846.4754656682331,0.0,0.0,1996-11-12,2.1433920704845812
5282,1583,960824,388512.0,48,8094.0,D,1996-08-24,48,69,POPLATEK PO OBRATU,941117,1994-11-17,1917,1917,695313,69,1969-03-13,F,Jesenik,north Moravia,42821,4,13,5,1,3,48.4,8173,7.01,7.01,124,1358.0,1358,646,27.449691991786448,False,,1,859,False,True,False,True,False,True,True,388512.0,48.0,8094.0,0.020833333333333332,646.0,27.449691991786448,1.0,8173.0,7.01,1358.0,124.0,1.0,120.0,9.0,59449.5,53194.2,6255.300000000003,0.8947645520222706,45100.0,0.8478208560170843,46525.333333333336,18974.6,1224.5286153846153,0.0,0.0,1996-09-23,2.3442797133679267,19.0,128999.0,110274.4,18724.600000000006,0.8548403100775194,94086.0,0.8531911922332633,43640.752631578944,18974.6,138.61384759869162,0.0,0.0,1996-10-14,2.3442797133679267,26.0,193305.0,190668.59999999998,2636.4000000000233,0.9863563469318075,166386.0,0.8726404209166014,50886.9423076923,18974.6,502.34887530594006,0.0,0.0,1996-11-12,2.3442797133679267
5938,4650,960825,402000.0,60,6700.0,C,1996-08-25,60,4,POPLATEK MESICNE,951015,1995-10-15,5606,5606,800806,4,1980-08-06,M,Kladno,central Bohemia,149893,63,29,6,2,6,67.4,9753,4.64,5.05,109,5244.0,5892,315,16.05201916495551,False,,0,858,False,True,False,True,False,True,True,402000.0,60.0,6700.0,0.016666666666666666,315.0,16.05201916495551,0.0,9753.0,5.05,5892.0,109.0,0.0,54.0,8.0,7440.2,10816.6,-3376.4000000000005,1.453609632854916,734.6,0.06790785386777104,18145.65,13855.7,-90.20057903879554,0.0,0.0,1996-09-14,2.0680149253731344,15.0,19281.8,20913.2,-1631.4000000000015,1.0845520360113676,749.2,0.03582255118531907,17596.11333333334,13355.7,-23.839072107322522,0.0,0.0,1996-10-14,1.9933880597014926,22.0,29124.5,31009.8,-1885.2999999999993,1.0646958850491837,763.8000000000001,0.02463012885833323,17679.131818181817,13355.7,-0.18067693682205507,0.0,0.0,1996-11-14,1.9933880597014926
5606,3084,960828,253512.0,36,7042.0,D,1996-08-28,36,59,POPLATEK TYDNE,960128,1996-01-28,3730,3730,455807,59,1945-08-07,F,Kromeriz,south Moravia,108871,41,29,7,2,6,62.1,8444,3.24,3.47,106,2595.0,2305,213,51.058179329226554,False,,1,855,False,True,False,True,False,True,True,253512.0,36.0,7042.0,0.027777777777777776,213.0,51.058179329226554,1.0,8444.0,3.47,2305.0,106.0,0.0,29.0,4.0,8473.6,10930.0,-2456.3999999999996,1.2897363887381115,10930.0,0.999908517061568,10019.5,2462.0,-104.79166666666667,0.0,0.0,1996-09-24,0.3496165861971031,8.0,18523.5,18860.0,-336.5,1.0181111500985183,18860.0,0.9999469805418588,7751.924999999999,2462.0,-44.444810019104246,0.0,0.0,1996-10-24,0.3496165861971031,13.0,37037.2,36832.0,205.1999999999971,0.994432774810871,29790.0,0.8087855998696821,7880.5692307692325,-4976.4,-11.212466582675225,1.0,0.0,1996-11-23,-0.7066742402726498
5385,2143,960909,71460.0,36,1985.0,C,1996-09-09,36,1,POPLATEK MESICNE,960113,1996-01-13,2592,2592,805831,1,1980-08-31,F,Hl.m. Praha,Prague,1204953,0,0,0,1,1,100.0,12541,0.29,0.43,167,85677.0,99107,240,16.024640657084188,False,,0,843,False,True,False,True,False,True,True,71460.0,36.0,1985.0,0.027777777777777776,240.0,16.024640657084188,1.0,12541.0,0.43,99107.0,167.0,0.0,31.0,7.0,22650.1,34363.6,-11713.5,1.5170830555690453,25114.6,0.7308276540393311,44927.05714285715,34363.9,31.977503405994565,0.0,0.0,1996-10-09,17.31178841309824,14.0,45304.7,63967.2,-18662.5,1.4119018136790735,45469.2,0.7108094334372391,45750.628571428584,30986.4,1.6652593735197316,0.0,0.0,1996-11-08,15.610277078085643,21.0,67929.5,89410.8,-21481.300000000003,1.3162099498752402,61663.8,0.6896606488181649,43264.84761904762,28167.6,-111.05602834638432,0.0,0.0,1996-12-08,14.190226700251888
6865,9199,960911,29448.0,12,2454.0,B,1996-09-11,12,72,POPLATEK MESICNE,960515,1996-05-15,11019,11327,471021,72,1947-10-21,M,Olomouc,north Moravia,226122,32,50,7,4,4,62.6,8994,3.8,4.79,110,9672.0,9208,119,48.89253935660506,True,1.0,1,841,False,True,False,True,False,True,True,29448.0,12.0,2454.0,0.08333333333333333,119.0,48.89253935660506,0.0,8994.0,4.79,9208.0,110.0,0.0,11.0,4.0,14918.8,14900.0,18.799999999999272,0.9986729044625263,14900.0,0.9999328904100396,32686.225,28890.6,416.85277777777793,0.0,0.0,1996-10-06,11.772860635696821,12.0,29796.6,53625.1,-23828.5,1.7996449378473434,51170.6,0.9542107294768779,24659.774999999998,12298.9,-355.0852248445416,0.0,0.0,1996-11-08,5.011776691116545,19.0,51997.0,67394.2,-15397.199999999997,1.2960921573906687,62485.2,0.9271461469066046,22518.86315789474,12298.9,-169.69304016525132,0.0,0.0,1996-12-07,5.011776691116545
5586,2994,960914,48744.0,36,1354.0,C,1996-09-14,36,77,POPLATEK MESICNE,960503,1996-05-03,3616,3616,645414,77,1964-04-14,F,Vsetin,north Moravia,148545,8,35,12,3,4,53.5,8909,4.01,5.56,113,3460.0,3590,134,32.41889117043121,False,,0,838,False,True,False,True,False,True,True,48744.0,36.0,1354.0,0.027777777777777776,134.0,32.41889117043121,1.0,8909.0,5.56,3590.0,113.0,0.0,14.0,9.0,19277.4,29362.6,-10085.199999999997,1.5230828284504936,21574.6,0.7347396095846558,52029.12222222223,38308.0,-81.09300669112893,0.0,0.0,1996-10-14,28.292466765140325,14.0,38542.100000000006,46331.2,-7789.099999999991,1.2020621070956927,37189.2,0.8026642378302778,49415.364285714284,37206.0,-122.34668914940319,0.0,0.0,1996-11-12,27.47858197932053,23.0,67335.6,71116.8,-3781.199999999997,1.0561388605899318,57403.799999999996,0.8071650135409137,47647.84347826087,31860.4,-92.80803790105315,0.0,0.0,1996-12-12,23.530576070901034
6302,6397,960916,181020.0,60,3017.0,C,1996-09-16,60,48,POPLATEK MESICNE,950315,1995-03-15,7723,7723,665614,48,1966-06-14,F,Rychnov nad Kneznou,east Bohemia,78955,50,24,8,1,9,59.0,9060,1.78,2.44,124,1655.0,1717,551,30.258726899383984,False,,0,836,False,True,False,True,False,True,True,181020.0,60.0,3017.0,0.016666666666666666,551.0,30.258726899383984,1.0,9060.0,2.44,1717.0,124.0,0.0,93.0,7.0,18257.3,20231.3,-1974.0,1.1080604437433934,17214.6,0.8508474073634732,33419.44285714285,25468.7,491.4780080213903,0.0,0.0,1996-10-12,8.441730195558502,13.0,36521.399999999994,49352.59999999999,-12831.199999999997,1.351296738439971,43319.2,0.8777313103806005,35758.7,25468.7,141.89743013972057,0.0,0.0,1996-11-12,8.441730195558502,19.0,63812.399999999994,64386.89999999999,-574.4999999999927,1.0089871406319049,55336.799999999996,0.8594285572289204,36517.51578947369,25468.7,88.87604611475598,0.0,0.0,1996-12-12,8.441730195558502
7194,10762,960917,68832.0,36,1912.0,C,1996-09-17,36,1,POPLATEK MESICNE,951023,1995-10-23,12923,13231,590701,1,1959-07-01,M,Hl.m. Praha,Prague,1204953,0,0,0,1,1,100.0,12541,0.29,0.43,167,85677.0,99107,330,37.215605749486656,False,,0,835,False,True,False,True,False,True,True,68832.0,36.0,1912.0,0.027777777777777776,330.0,37.215605749486656,0.0,12541.0,0.43,99107.0,167.0,0.0,53.0,8.0,19088.2,27161.6,-8073.399999999998,1.4228778576367789,19814.6,0.7294809775205613,46204.8,38177.3,176.8247222222224,0.0,0.0,1996-10-17,19.967207112970712,14.0,38187.7,47323.2,-9135.5,1.2391937929282746,32629.199999999997,0.6894823367325807,46421.20000000001,38177.3,57.80997622428956,0.0,0.0,1996-11-16,19.967207112970712,21.0,66730.1,73584.79999999999,-6854.6999999999825,1.1027062344244285,51543.8,0.7004585123760292,46809.12857142858,36245.0,54.76915526549443,0.0,0.0,1996-12-16,18.956589958158997
6461,7136,960919,74124.0,36,2059.0,C,1996-09-19,36,12,POPLATEK TYDNE,950409,1995-04-09,8615,8615,395413,12,1939-04-13,F,Pribram,central Bohemia,107870,84,29,6,1,6,58.0,8754,3.83,4.31,137,3804.0,3868,529,57.437371663244356,False,,0,833,False,True,False,True,False,True,True,74124.0,36.0,2059.0,0.027777777777777776,529.0,57.437371663244356,1.0,8754.0,4.31,3868.0,137.0,0.0,122.0,8.0,44971.2,7951.0,37020.2,0.17679811083291458,2030.0,0.25528169014084506,33125.95,19878.2,1919.464822609741,0.0,0.0,1996-10-12,9.654298203011171,16.0,45165.1,37202.0,7963.0999999999985,0.823670850482995,25360.0,0.681665457086794,36115.4125,19878.2,244.19790630554232,0.0,0.0,1996-11-12,9.654298203011171,24.0,51694.4,51353.0,341.40000000000146,0.9933765866982361,33590.0,0.6540873154963586,34433.35833333334,19878.2,-28.313350133149488,0.0,0.0,1996-12-12,9.654298203011171
6732,8533,960919,174048.0,48,3626.0,C,1996-09-19,48,47,POPLATEK MESICNE,951010,1995-10-10,10220,10528,525216,47,1952-02-16,F,Pardubice,east Bohemia,162580,83,26,5,1,6,72.8,9538,1.51,1.81,111,6079.0,5410,345,44.591375770020534,False,,0,833,False,True,False,True,False,True,True,174048.0,48.0,3626.0,0.020833333333333332,345.0,44.591375770020534,1.0,9538.0,1.81,5410.0,111.0,0.0,69.0,7.0,46889.2,13340.6,33548.6,0.2845072104618876,9714.6,0.728143550998381,56308.42857142857,41289.0,855.4387855044075,0.0,0.0,1996-10-15,11.3869277440706,16.0,124251.2,75181.2,49070.0,0.6050693669810273,67929.2,0.903527696715446,76830.54375,41289.0,960.7938216401102,0.0,0.0,1996-11-17,11.3869277440706,28.0,231648.1,172721.80000000002,58926.29999999999,0.7456182648669907,161843.8,0.9370146848013116,79281.31785714284,41289.0,317.68685627115815,0.0,0.0,1996-12-15,11.3869277440706
6613,7926,960922,84120.0,24,3505.0,A,1996-09-22,24,69,POPLATEK TYDNE,960609,1996-06-09,9490,9798,505302,69,1950-03-02,F,Jesenik,north Moravia,42821,4,13,5,1,3,48.4,8173,7.01,7.01,124,1358.0,1358,105,46.559890485968516,True,0.0,0,830,False,True,False,True,False,True,True,84120.0,24.0,3505.0,0.041666666666666664,105.0,46.559890485968516,1.0,8173.0,7.01,1358.0,124.0,0.0,19.0,10.0,121290.9,101235.0,20055.899999999994,0.8346394112055299,97730.0,0.9653680508909874,85465.31000000001,51669.8,-736.6100649350648,0.0,0.0,1996-10-17,14.741740370898716,16.0,143494.0,152570.0,-9076.0,1.0632426216941357,145560.0,0.9540476237292801,81139.33750000001,51669.8,-507.4996580327237,0.0,0.0,1996-11-12,14.741740370898716,24.0,192216.8,207405.0,-15188.200000000012,1.0790103726085722,196890.0,0.9492975130902674,76513.29166666667,48764.7,-327.4530299171758,0.0,0.0,1996-12-16,13.91289586305278
7036,10019,960925,194940.0,36,5415.0,C,1996-09-25,36,8,POPLATEK MESICNE,950615,1995-06-15,12017,12325,641030,8,1964-10-30,M,Mlada Boleslav,central Bohemia,112065,95,19,7,1,8,69.4,11277,1.25,1.44,127,5179.0,4987,468,31.904175222450377,False,,0,827,False,True,False,True,False,True,True,194940.0,36.0,5415.0,0.027777777777777776,468.0,31.904175222450377,0.0,11277.0,1.44,4987.0,127.0,0.0,91.0,7.0,85724.3,10430.6,75293.7,0.12167469813462303,5015.6,0.48080831320219336,59854.22857142857,32843.0,3035.551069345431,0.0,0.0,1996-10-25,6.065189289012004,12.0,86021.6,81860.20000000001,4161.399999999994,0.9516127157281924,71030.2,0.8676906764132457,65376.89166666666,32843.0,707.0595298926929,0.0,0.0,1996-11-12,6.065189289012004,18.0,88487.40000000001,102735.80000000002,-14248.400000000009,1.1610086745833352,86490.8,0.8418677630605585,51610.716666666674,19963.8,-540.8883951349749,0.0,0.0,1996-12-12,3.686759002770083
5897,4476,960925,15192.0,24,633.0,A,1996-09-25,24,24,POPLATEK MESICNE,941110,1994-11-10,5399,5399,726227,24,1972-12-27,F,Karlovy Vary,west Bohemia,122603,25,21,6,2,8,80.0,8991,1.39,2.01,128,5198.0,5273,685,23.745379876796715,True,0.0,0,827,False,True,False,True,False,True,True,15192.0,24.0,633.0,0.041666666666666664,685.0,23.745379876796715,1.0,8991.0,2.01,5273.0,128.0,0.0,169.0,8.0,14430.3,10757.6,3672.699999999999,0.7454352691718695,2914.6,0.2709088543118993,20822.025,14525.5,544.9535395189004,0.0,0.0,1996-10-12,22.947077409162716,16.0,28855.9,22415.2,6440.700000000001,0.7767708936164314,6729.200000000001,0.3001936099784977,22019.55,14525.5,123.20703126165785,0.0,0.0,1996-11-12,22.947077409162716,26.0,50463.8,39772.8,10691.0,0.7881295477243544,16243.8,0.4084045276035983,24559.350000000002,14525.5,152.08779978243965,0.0,0.0,1996-12-13,22.947077409162716
6995,9814,960926,96168.0,12,8014.0,A,1996-09-26,12,64,POPLATEK TYDNE,950119,1995-01-19,11771,12079,725812,64,1972-08-12,F,Zlin,south Moravia,197099,29,41,10,2,10,74.7,9624,1.6,2.31,145,4484.0,4265,616,24.123203285420946,True,0.0,0,826,False,True,False,True,False,True,True,96168.0,12.0,8014.0,0.08333333333333333,616.0,24.123203285420946,1.0,9624.0,2.31,4265.0,145.0,0.0,149.0,12.0,46511.0,28421.7,18089.3,0.6110616615067079,28421.7,0.9999648168541342,12473.658333333333,3665.9,1259.0061368122906,0.0,1.0,1996-10-23,0.4574369852757674,20.0,48413.2,36462.0,11951.199999999997,0.7531261489397739,36462.0,0.9999725749389793,15972.74,3665.9,506.38393702180366,0.0,1.0,1996-11-12,0.4574369852757674,28.0,61040.59999999999,52592.0,8448.599999999991,0.8615763675919375,52592.0,0.9999809860627841,16443.028571428575,3665.9,149.47577207749242,0.0,1.0,1996-12-16,0.4574369852757674
5415,2236,960926,139464.0,36,3874.0,D,1996-09-26,36,73,POPLATEK MESICNE,950827,1995-08-27,2708,2708,580812,73,1958-08-12,M,Opava,north Moravia,182027,17,49,12,2,7,56.4,8746,3.33,3.74,90,4355.0,4433,396,38.12457221081451,False,,1,826,False,True,False,True,False,True,True,139464.0,36.0,3874.0,0.027777777777777776,396.0,38.12457221081451,0.0,8746.0,3.74,4433.0,90.0,0.0,31.0,4.0,201.5,17588.3,-17386.8,86.8558024691358,13714.6,0.7797126662232153,36491.5,24276.0,-885.7751004016064,0.0,0.0,1996-10-15,6.266391326794011,8.0,335.6,37176.59999999999,-36840.99999999999,110.44741532976823,29429.2,0.7915841797211226,26036.1625,4821.9,-766.6447629157822,0.0,0.0,1996-11-12,1.2446824987093443,11.0,385.40000000000003,41064.9,-40679.5,106.27562111801241,29443.8,0.716989034697888,19909.236363636363,983.5,-599.6555122430121,0.0,0.0,1996-12-12,0.25387196695921527
7136,10436,960928,54396.0,36,1511.0,C,1996-09-28,36,60,POPLATEK MESICNE,960321,1996-03-21,12532,12840,390727,60,1939-07-27,M,Prostejov,south Moravia,110643,49,41,4,1,4,51.9,8441,3.45,4.48,115,1879.0,2252,191,57.17453798767967,False,,0,824,False,True,False,True,False,True,True,54396.0,36.0,1511.0,0.027777777777777776,191.0,57.17453798767967,0.0,8441.0,4.48,2252.0,115.0,0.0,23.0,5.0,7649.9,4425.6,3224.2999999999993,0.578441751950751,2914.6,0.65842859079203,39664.12,36348.0,291.813676731794,0.0,0.0,1996-10-17,24.055592322964923,10.0,15307.599999999999,8751.2,6556.399999999998,0.5716525351763062,5729.2,0.6546011288590297,41290.17,36348.0,136.56765335235374,0.0,0.0,1996-11-16,24.055592322964923,16.0,26726.5,16176.8,10549.7,0.6052492750911982,11643.8,0.7197393959623681,43831.98125,36348.0,146.23882212581347,0.0,0.0,1996-12-19,24.055592322964923
7271,11186,961002,392460.0,60,6541.0,C,1996-10-02,60,12,POPLATEK MESICNE,941124,1994-11-24,13442,13750,806113,12,1980-11-13,F,Pribram,central Bohemia,107870,84,29,6,1,6,58.0,8754,3.83,4.31,137,3804.0,3868,678,15.885010266940451,False,,0,820,False,True,False,True,False,True,True,392460.0,60.0,6541.0,0.016666666666666666,678.0,15.885010266940451,1.0,8754.0,4.31,3868.0,137.0,0.0,143.0,6.0,39479.9,37865.799999999996,1614.1000000000058,0.9590916113867717,21514.6,0.5681652529392502,69281.5,54640.9,-1269.3915384615386,0.0,0.0,1996-10-31,8.353600366916375,13.0,78965.0,80831.6,-1866.6000000000058,1.0236253577489047,48129.2,0.5954181852371443,68397.43076923076,51378.6,-379.51177164546584,0.0,0.0,1996-11-30,7.854853997859654,20.0,138087.4,131497.4,6590.0,0.952269705493003,82443.79999999999,0.626956677799882,71856.54999999999,51378.6,-56.25956017536419,0.0,0.0,1996-12-31,7.854853997859654
5375,2106,961003,101520.0,12,8460.0,A,1996-10-03,12,1,POPLATEK MESICNE,960201,1996-02-01,2550,2550,766012,1,1976-10-12,F,Hl.m. Praha,Prague,1204953,0,0,0,1,1,100.0,12541,0.29,0.43,167,85677.0,99107,245,19.975359342915812,True,0.0,0,819,False,True,False,True,False,True,True,101520.0,12.0,8460.0,0.08333333333333333,245.0,19.975359342915812,1.0,12541.0,0.43,99107.0,167.0,0.0,38.0,6.0,12414.1,15342.6,-2928.5,1.2358015642242108,3414.6,0.22254229776584372,18022.399999999998,13734.8,-502.5613933236575,0.0,0.0,1996-10-31,1.623498817966903,12.0,24817.6,27785.2,-2967.600000000002,1.1195313192524963,3929.2,0.14140832499586126,17281.366666666665,13706.3,-140.39906165303935,0.0,0.0,1996-11-30,1.620130023640662,20.0,43396.1,46447.799999999996,-3051.699999999997,1.0702973240147382,10663.8,0.22958181912126902,17897.679999999997,13618.1,-35.53906877242008,0.0,0.0,1996-12-31,1.6097044917257683
5635,3230,961004,77184.0,36,2144.0,C,1996-10-04,36,1,POPLATEK MESICNE,950311,1995-03-11,3907,3907,546209,1,1954-12-09,F,Hl.m. Praha,Prague,1204953,0,0,0,1,1,100.0,12541,0.29,0.43,167,85677.0,99107,573,41.82067077344285,False,,0,818,False,True,False,True,False,True,True,77184.0,36.0,2144.0,0.027777777777777776,573.0,41.82067077344285,1.0,12541.0,0.43,99107.0,167.0,0.0,77.0,8.0,50394.1,36458.6,13935.5,0.723455256562642,34314.6,0.9411677582858835,37766.55,8046.0,618.7117256637168,0.0,0.0,1996-10-31,3.7527985074626864,16.0,129798.1,78250.2,51547.90000000001,0.6028562601743771,73962.2,0.9451893389494347,48973.3625,8046.0,573.526153743849,0.0,0.0,1996-12-03,3.7527985074626864,24.0,198956.9,161508.80000000002,37448.09999999998,0.8117737471093132,155076.80000000002,0.9601695996156271,59075.38333333333,8046.0,560.3042740847475,0.0,0.0,1996-12-31,3.7527985074626864
6817,9024,961004,70656.0,48,1472.0,C,1996-10-04,48,1,POPLATEK MESICNE,960105,1996-01-05,10806,11114,520726,1,1952-07-26,M,Hl.m. Praha,Prague,1204953,0,0,0,1,1,100.0,12541,0.29,0.43,167,85677.0,99107,273,44.19164955509925,False,,0,818,False,True,False,True,False,True,True,70656.0,48.0,1472.0,0.020833333333333332,273.0,44.19164955509925,0.0,12541.0,0.43,99107.0,167.0,0.0,53.0,7.0,15067.4,11456.6,3610.7999999999993,0.7603063364391708,3714.6,0.32420402178466695,24608.942857142858,14734.1,410.22990599294945,0.0,0.0,1996-10-31,10.009578804347827,14.0,30145.000000000004,29513.199999999997,631.8000000000065,0.9790088237245403,14029.2,0.4753372952680405,26209.30714285714,14734.1,194.81376443916653,0.0,0.0,1996-11-30,10.009578804347827,22.0,52691.100000000006,48849.799999999996,3841.30000000001,0.9270801505348998,25623.8,0.5245318398061035,26209.82727272727,14734.1,67.93799249116607,0.0,0.0,1996-12-31,10.009578804347827
5923,4585,961010,64656.0,48,1347.0,C,1996-10-10,48,27,POPLATEK MESICNE,960608,1996-06-08,5526,5526,470319,27,1947-03-19,M,Plzen - jih,west Bohemia,67298,71,19,10,0,7,43.8,8561,0.65,1.29,110,1029.0,1127,124,49.56331279945243,False,,0,812,False,True,False,True,False,True,True,64656.0,48.0,1347.0,0.020833333333333332,124.0,49.56331279945243,0.0,8561.0,1.29,1127.0,110.0,0.0,12.0,4.0,13788.1,14765.0,-976.8999999999996,1.070773291947988,10700.0,0.7246376811594203,42691.25,34228.0,61.8421052631579,0.0,0.0,1996-11-08,25.410541945063102,12.0,34381.8,31771.6,2610.2000000000044,0.9240550507812044,22294.6,0.7016926534183542,43584.16666666667,33650.7,89.24555403556765,0.0,0.0,1996-12-09,24.981959910913137,20.0,48179.5,55158.2,-6978.699999999997,1.14482415084941,40269.2,0.7300540979564606,42460.69500000001,28226.3,-48.75158323288358,0.0,0.0,1997-01-08,20.95493689680772
5329,1862,961016,396120.0,60,6602.0,C,1996-10-16,60,19,POPLATEK TYDNE,950415,1995-04-15,2259,2259,505102,19,1950-01-02,F,Prachatice,south Bohemia,51428,50,11,3,1,4,52.7,8402,3.13,3.98,120,999.0,1099,550,46.78713210130048,False,,0,806,False,True,False,True,False,True,True,396120.0,60.0,6602.0,0.016666666666666666,550.0,46.78713210130048,1.0,8402.0,3.98,1099.0,120.0,0.0,95.0,7.0,39948.3,48597.7,-8649.399999999994,1.216484393969356,41996.0,0.8641383411490431,82063.84285714284,58418.4,39.106130622304136,0.0,0.0,1996-11-12,8.848591335958801,18.0,99687.9,124955.4,-25267.5,1.2534534938192718,111752.0,0.8943279415860252,69353.50555555556,37430.3,-455.86155252123416,0.0,0.0,1996-12-12,5.669539533474705,25.0,139549.0,156241.1,-16692.100000000006,1.119606592619133,136436.0,0.8732345507388853,66728.81600000002,37430.3,-285.49312362795735,0.0,0.0,1997-01-12,5.669539533474705
6644,8039,961020,93600.0,24,3900.0,A,1996-10-20,24,9,POPLATEK MESICNE,951217,1995-12-17,9622,9930,720623,9,1972-06-23,M,Nymburk,central Bohemia,81344,61,23,4,2,6,55.3,8899,3.39,3.97,149,2987.0,2487,308,24.32580424366872,True,0.0,0,802,False,True,False,True,False,True,True,93600.0,24.0,3900.0,0.041666666666666664,308.0,24.32580424366872,0.0,8899.0,3.97,2487.0,149.0,0.0,55.0,7.0,4304.3,8830.1,-4525.8,2.0509836712888765,14.6,0.0016532481797284595,26122.914285714283,21709.9,-66.89205020920498,0.0,0.0,1996-11-14,5.566641025641026,14.0,11302.8,17660.2,-6357.4000000000015,1.5623241741715177,29.2,0.0016533417887799242,24393.55714285715,19878.4,-100.82450036118466,0.0,0.0,1996-12-14,5.097025641025642,29.0,91290.70000000001,97057.3,-5766.599999999991,1.0631557962005307,70610.8,0.7275091362614017,44849.14137931034,19878.4,616.2521549538586,0.0,0.0,1997-01-18,5.097025641025642
6354,6688,961023,22968.0,36,638.0,C,1996-10-23,36,16,POPLATEK MESICNE,960625,1996-06-25,8076,8076,505727,16,1950-07-27,F,Jindrichuv Hradec,south Bohemia,93931,74,21,10,1,8,56.9,8427,1.12,1.54,107,1874.0,1913,120,46.24229979466119,False,,0,799,False,True,False,True,False,True,True,22968.0,36.0,638.0,0.027777777777777776,120.0,46.24229979466119,1.0,8427.0,1.54,1913.0,107.0,0.0,11.0,7.0,8285.6,15673.0,-7387.4,1.8913667849298867,12000.0,0.7655990812811024,36612.228571428575,31443.6,97.16150870406183,0.0,0.0,1996-11-22,49.2846394984326,17.0,20660.6,31630.6,-10970.0,1.5308882177566114,23714.6,0.7497123130034522,34975.24705882353,27861.0,-53.38524060041505,0.0,0.0,1996-12-22,43.6692789968652,30.0,36646.899999999994,51888.2,-15241.300000000003,1.4158573888271908,39729.2,0.7656545099943726,28980.619999999995,15407.6,-242.0565196306482,0.0,0.0,1997-01-21,24.14984326018809
5082,501,961024,262980.0,60,4383.0,C,1996-10-24,60,13,POPLATEK MESICNE,951021,1995-10-21,603,603,665309,13,1966-03-09,F,Rakovnik,central Bohemia,53921,61,22,1,1,2,41.3,8598,2.77,3.26,123,1597.0,1875,369,30.628336755646817,False,,0,798,False,True,False,True,False,True,True,262980.0,60.0,4383.0,0.016666666666666666,369.0,30.628336755646817,1.0,8598.0,3.26,1875.0,123.0,0.0,56.0,4.0,225.7,16997.3,-16771.6,74.97706219673577,12614.6,0.7421095050681539,70954.7,59309.7,-886.374269005848,0.0,0.0,1996-11-14,13.531759069130732,13.0,9097.3,64948.6,-55851.3,7.138542365057209,56183.2,0.8650276522103292,50897.22307692307,20230.0,-885.2107374190332,0.0,0.0,1996-12-23,4.615560118640201,19.0,43137.3,75645.9,-32508.59999999999,1.7535670158536611,62497.799999999996,0.8261779398759236,48836.43684210527,20230.0,-446.36436667266366,0.0,0.0,1997-01-13,4.615560118640201
6585,7795,961029,372120.0,60,6202.0,C,1996-10-29,60,64,POPLATEK MESICNE,950105,1995-01-05,9333,9641,450126,64,1945-01-26,M,Zlin,south Moravia,197099,29,41,10,2,10,74.7,9624,1.6,2.31,145,4484.0,4265,663,51.75633127994524,False,,0,793,False,True,False,True,False,True,True,372120.0,60.0,6202.0,0.016666666666666666,663.0,51.75633127994524,0.0,9624.0,2.31,4265.0,145.0,0.0,172.0,6.0,55100.8,38816.6,16284.200000000004,0.70445248612568,32614.6,0.8402013519640575,68698.63333333335,46808.7,1124.872101033295,0.0,0.0,1996-11-25,7.54735569171235,11.0,55408.0,65333.2,-9925.199999999997,1.179108087133859,52929.2,0.810130069703157,61771.536363636376,36655.3,-359.2805179401007,0.0,0.0,1996-12-25,5.91023863269913,19.0,99466.2,109549.79999999999,-10083.599999999991,1.101366078466067,90943.79999999999,0.8301518564903223,51628.984210526316,15363.9,-402.6913013861488,0.0,0.0,1997-01-24,2.477249274427604
6921,9422,961029,86184.0,12,7182.0,A,1996-10-29,12,70,POPLATEK MESICNE,960306,1996-03-06,11288,11596,406204,70,1940-12-04,F,Karvina,north Moravia,285387,0,2,8,5,7,89.9,10177,6.63,7.75,81,9878.0,10108,237,55.90143737166324,True,0.0,0,793,False,True,False,True,False,True,True,86184.0,12.0,7182.0,0.08333333333333333,237.0,55.90143737166324,1.0,10177.0,7.75,10108.0,81.0,0.0,42.0,8.0,43308.3,18915.1,24393.200000000004,0.43674453292941695,8489.6,0.4488028716278726,39161.75,24455.8,343.5953271028036,0.0,0.0,1996-11-14,3.405151768309663,17.0,108171.70000000001,75556.2,32615.500000000015,0.6984775271394722,54705.2,0.7240236536028334,45786.388235294115,22095.0,414.7431940599043,0.0,0.0,1996-12-19,3.0764411027568923,31.0,151510.2,159435.3,-7925.099999999977,1.0523004239950577,128158.8,0.8038244741003148,46964.332258064496,22095.0,84.228292189397,0.0,0.0,1997-01-23,3.0764411027568923
5366,2062,961029,86184.0,12,7182.0,A,1996-10-29,12,70,POPLATEK MESICNE,960306,1996-03-06,2501,2501,406204,70,1940-12-04,F,Karvina,north Moravia,285387,0,2,8,5,7,89.9,10177,6.63,7.75,81,9878.0,10108,237,55.90143737166324,True,0.0,0,793,False,True,False,True,False,True,True,86184.0,12.0,7182.0,0.08333333333333333,237.0,55.90143737166324,1.0,10177.0,7.75,10108.0,81.0,0.0,42.0,8.0,43302.3,18915.1,24387.200000000004,0.4368050471903988,8489.6,0.4488028716278726,35658.850000000006,20952.9,343.5953271028038,0.0,0.0,1996-11-14,2.917418546365915,17.0,108151.1,75556.2,32594.90000000001,0.6986105678946594,54705.2,0.7240236536028334,42275.811764705875,18577.6,414.3358947898314,0.0,0.0,1996-12-19,2.586688944583681,31.0,151475.1,159435.3,-7960.1999999999825,1.0525442627582833,128158.8,0.8038244741003148,43444.12580645161,18577.6,83.81987454471874,0.0,0.0,1997-01-23,2.586688944583681
5886,4447,961031,192744.0,36,5354.0,C,1996-10-31,36,62,POPLATEK MESICNE,960616,1996-06-16,5364,5364,640314,62,1964-03-14,M,Uherske Hradiste,south Moravia,145688,22,41,13,2,5,40.7,8544,1.29,1.86,109,2719.0,2906,137,32.63244353182751,False,,0,791,False,True,False,True,False,True,True,192744.0,36.0,5354.0,0.027777777777777776,137.0,32.63244353182751,0.0,8544.0,1.86,2906.0,109.0,0.0,26.0,9.0,86882.2,39882.7,46999.5,0.4590381109351405,34529.2,0.8657471598673142,56040.2,22637.2,2141.8273215656177,0.0,0.0,1996-11-30,4.228091146806126,12.0,86882.2,71236.2,15646.0,0.8199076461272145,60529.2,0.8496852767935854,56570.88333333333,22637.2,1091.909171729145,0.0,0.0,1996-12-13,4.228091146806126,24.0,160713.9,119104.29999999999,41609.600000000006,0.7410905896093019,103043.79999999999,0.8651487381333995,54927.87916666667,22637.2,90.93670824791731,0.0,0.0,1997-01-29,4.228091146806126
5741,3754,961103,68544.0,24,2856.0,A,1996-11-03,24,37,POPLATEK TYDNE,960219,1996-02-19,4529,4529,760916,37,1976-09-16,M,Litomerice,north Bohemia,114006,71,26,6,2,9,62.3,9065,4.46,5.39,123,4147.0,4166,258,20.13141683778234,True,0.0,0,788,False,True,False,True,False,True,True,68544.0,24.0,2856.0,0.041666666666666664,258.0,20.13141683778234,0.0,9065.0,5.39,4166.0,123.0,0.0,54.0,9.0,29704.4,19259.0,10445.400000000001,0.6483332996694203,9430.0,0.48961578400830735,39689.66666666667,19753.8,-281.7908701384314,0.0,0.0,1996-11-30,6.916596638655462,20.0,74229.7,73252.0,977.6999999999971,0.9868154281180159,53594.0,0.7316287387547268,45822.59,19753.8,-2.5038856420787856,0.0,0.0,1996-12-31,6.916596638655462,33.0,105112.0,101411.0,3701.0,0.9647807597537887,71924.0,0.7092257326549126,41463.027272727275,18331.5,-184.36677445569364,0.0,0.0,1997-01-31,6.41859243697479
4996,132,961106,88440.0,12,7370.0,A,1996-11-06,12,40,POPLATEK PO OBRATU,960511,1996-05-11,158,158,455703,40,1945-07-03,F,Teplice,north Bohemia,128118,9,16,6,3,8,85.3,9317,6.49,7.07,97,6949.0,6872,179,51.34565366187543,True,0.0,0,785,False,True,False,True,False,True,True,88440.0,12.0,7370.0,0.08333333333333333,179.0,51.34565366187543,1.0,9317.0,7.07,6872.0,97.0,0.0,31.0,7.0,52475.9,56340.2,-3864.2999999999956,1.0736190590526498,48970.0,0.869168565809745,63802.32857142858,43137.5,982.3246921723836,0.0,0.0,1996-12-06,5.853120759837178,19.0,142965.9,126978.4,15987.5,0.8881664217381785,112238.0,0.883907153443787,57880.057894736834,28277.2,125.84105618327139,0.0,0.0,1997-01-05,3.836797829036635,32.0,212235.19999999998,220819.59999999998,-8584.399999999994,1.0404426766027661,198709.0,0.8998662262488193,53813.10625,24854.1,-160.40291516415616,0.0,0.0,1997-02-02,3.3723337856173674
6015,5001,961109,110112.0,24,4588.0,A,1996-11-09,24,53,POPLATEK MESICNE,951215,1995-12-15,6042,6042,631012,53,1963-10-12,M,Blansko,south Moravia,107911,88,33,6,2,7,50.9,8240,2.53,3.56,99,1850.0,1903,330,33.07871321013005,True,0.0,0,782,False,True,False,True,False,True,True,110112.0,24.0,4588.0,0.041666666666666664,330.0,33.07871321013005,0.0,8240.0,3.56,1903.0,99.0,0.0,82.0,9.0,56320.6,107095.1,-50774.50000000001,1.9014925002130623,93214.6,0.8703827683734515,76312.66666666667,56083.6,-766.3350709033616,0.0,0.0,1996-12-09,12.223975588491717,19.0,106216.1,149890.2,-43674.100000000006,1.4111682582183096,122129.20000000001,0.8147856578638373,79264.1052631579,51495.1,22.299291282778107,0.0,0.0,1997-01-08,11.223866608544027,27.0,117480.8,194858.30000000002,-77377.50000000001,1.65862542112906,153216.80000000002,0.7862945212263412,64294.82962962963,18230.5,-632.0385092478909,0.0,0.0,1997-02-07,3.973517872711421
6309,6434,961111,110136.0,24,4589.0,A,1996-11-11,24,1,POPLATEK MESICNE,950508,1995-05-08,7765,7765,585224,1,1958-02-24,F,Hl.m. Praha,Prague,1204953,0,0,0,1,1,100.0,12541,0.29,0.43,167,85677.0,99107,553,38.71321013004791,True,0.0,0,780,False,True,False,True,False,True,True,110136.0,24.0,4589.0,0.041666666666666664,553.0,38.71321013004791,1.0,12541.0,0.43,99107.0,167.0,0.0,63.0,11.0,96945.9,55675.799999999996,41270.1,0.5742916998893208,46195.6,0.829710040806943,55026.9,26257.3,1579.2515837104067,0.0,0.0,1996-12-08,5.721791239921552,24.0,140720.4,152440.59999999998,-11720.199999999983,1.0832794443489049,133480.2,0.875615317603594,55533.975,26257.3,-48.7433864101257,0.0,0.0,1997-01-08,5.721791239921552,30.0,168905.8,163235.4,5670.399999999994,0.9664229030447561,134794.8,0.825764351578447,50820.579999999994,23137.2,-292.89531558678306,0.0,0.0,1997-02-08,5.041882763129222
6073,5263,961112,276300.0,60,4605.0,C,1996-11-12,60,64,POPLATEK MESICNE,950714,1995-07-14,6359,6359,760706,64,1976-07-06,M,Zlin,south Moravia,197099,29,41,10,2,10,74.7,9624,1.6,2.31,145,4484.0,4265,487,20.35318275154004,False,,0,779,False,True,False,True,False,True,True,276300.0,60.0,4605.0,0.016666666666666666,487.0,20.35318275154004,0.0,9624.0,2.31,4265.0,145.0,0.0,92.0,8.0,15244.0,15414.6,-170.60000000000036,1.0111249590029519,2254.6,0.1462544435506889,29004.475,22973.1,174.3700389105059,0.0,0.0,1996-12-12,4.988729641693811,16.0,25976.6,26099.2,-122.60000000000218,1.0046809559004681,8989.2,0.34441115393751776,31378.44375,22973.1,109.4845285909486,0.0,0.0,1997-01-11,4.988729641693811,25.0,46308.3,41638.8,4669.5,0.8991455280040942,19923.8,0.4784797237258584,28229.655999999995,17855.6,-87.45332333287877,0.0,0.0,1997-02-03,3.8774375678610205
6006,4948,961115,359760.0,60,5996.0,C,1996-11-15,60,43,POPLATEK MESICNE,950729,1995-07-29,5977,5977,790531,43,1979-05-31,M,Hradec Kralove,east Bohemia,161854,73,21,6,1,6,76.3,9425,1.72,2.5,125,4085.0,3891,475,17.462012320328544,False,,0,776,False,True,False,True,False,True,True,359760.0,60.0,5996.0,0.016666666666666666,475.0,17.462012320328544,0.0,9425.0,2.5,3891.0,125.0,0.0,48.0,6.0,42848.3,19720.8,23127.500000000004,0.4602362232288508,9014.6,0.457088095407113,49853.88333333333,30959.4,1864.4132135306559,0.0,0.0,1996-12-12,5.163342228152102,18.0,114128.7,107641.59999999999,6487.100000000006,0.9431515197183554,86229.2,0.8010694650630884,54608.88333333333,30959.4,271.3326646746055,0.0,0.0,1997-01-13,5.163342228152102,30.0,146159.80000000002,171762.40000000002,-25602.600000000006,1.1751605081526648,139643.8,0.8130009070616905,45760.26666666668,14356.9,-318.40672126829855,0.0,0.0,1997-02-12,2.3944129419613076
5611,3115,961115,321180.0,60,5353.0,C,1996-11-15,60,14,POPLATEK MESICNE,960327,1996-03-27,3767,3767,360907,14,1936-09-07,M,Ceske Budejovice,south Bohemia,177686,69,27,10,1,9,74.8,10045,1.42,1.71,135,6604.0,6295,233,60.18891170431211,False,,0,776,False,True,False,True,False,True,True,321180.0,60.0,5353.0,0.016666666666666666,233.0,60.18891170431211,0.0,10045.0,1.71,6295.0,135.0,0.0,38.0,8.0,48338.2,52978.9,-4640.700000000004,1.095982142857143,32902.6,0.6210392998099279,39450.1,27783.5,1183.588364185871,0.0,0.0,1996-12-12,5.19026713992154,15.0,80579.2,84869.8,-4290.600000000006,1.0532339209880344,44717.2,0.5268855719517195,35360.49333333333,20742.7,-58.62177177177178,0.0,0.0,1997-01-12,3.87496730805156,24.0,113011.0,121684.7,-8673.699999999997,1.0767414079920716,61455.799999999996,0.5050371572008872,32902.0875,19692.8,-84.86361100151457,0.0,0.0,1997-02-12,3.6788342985241917
6944,9548,961115,46176.0,48,962.0,C,1996-11-15,48,62,POPLATEK MESICNE,960607,1996-06-07,11446,11754,661103,62,1966-11-03,M,Uherske Hradiste,south Moravia,145688,22,41,13,2,5,40.7,8544,1.29,1.86,109,2719.0,2906,161,30.034223134839152,False,,0,776,False,True,False,True,False,True,True,46176.0,48.0,962.0,0.020833333333333332,161.0,30.034223134839152,0.0,8544.0,1.86,2906.0,109.0,0.0,17.0,7.0,27338.6,18889.6,8449.0,0.6909245197442537,8314.6,0.4401448339385727,41959.18571428571,30585.1,975.5328981723237,0.0,0.0,1996-12-12,31.793243243243243,14.0,45643.2,46979.2,-1336.0,1.029247965787548,25829.2,0.5497890600721156,42327.68571428571,30585.1,24.72379192929076,0.0,0.0,1997-01-14,31.793243243243243,20.0,63921.7,63868.799999999996,52.900000000001455,0.999156794065332,32143.8,0.5032707163636022,41340.23,30585.1,-38.64101507149294,0.0,0.0,1997-02-12,31.793243243243243
7101,10297,961118,421008.0,48,8771.0,C,1996-11-18,48,14,POPLATEK MESICNE,960119,1996-01-19,12354,12662,530601,14,1953-06-01,M,Ceske Budejovice,south Bohemia,177686,69,27,10,1,9,74.8,10045,1.42,1.71,135,6604.0,6295,304,43.46611909650924,False,,0,773,False,True,False,True,False,True,True,421008.0,48.0,8771.0,0.020833333333333332,304.0,43.46611909650924,0.0,10045.0,1.71,6295.0,135.0,0.0,50.0,7.0,31674.8,26847.6,4827.200000000001,0.8475744890421079,8174.6,0.30447025170772407,39820.57142857143,28528.2,1068.3191919191918,0.0,0.0,1996-12-14,3.2525595713145594,16.0,52945.7,53095.2,-149.5,1.0028047073755304,15749.2,0.2966163303588581,37837.125,28528.2,-15.76206934576781,0.0,0.0,1997-01-13,3.2525595713145594,27.0,83592.9,85502.8,-1909.9000000000087,1.0228353982766687,29483.8,0.34482444055118017,33386.503703703704,17298.4,-170.86937139041194,0.0,0.0,1997-02-12,1.9722266560255388
6599,7859,961119,72120.0,12,6010.0,A,1996-11-19,12,52,POPLATEK MESICNE,950314,1995-03-14,9409,9717,526110,52,1952-11-10,F,Usti nad Orlici,east Bohemia,139012,59,41,8,3,10,61.9,8363,2.52,3.49,108,2564.0,2799,616,44.02464065708419,True,0.0,0,772,False,True,False,True,False,True,True,72120.0,12.0,6010.0,0.08333333333333333,616.0,44.02464065708419,1.0,8363.0,3.49,2799.0,108.0,0.0,102.0,6.0,54480.8,84724.8,-30244.0,1.555102804973404,78714.6,0.929051127283543,88567.23333333334,68295.7,-515.6218181818178,0.0,0.0,1996-12-13,11.3636772046589,13.0,90869.20000000001,113849.59999999999,-22980.39999999998,1.2528815827410964,101829.20000000001,0.894410745310082,73003.80769230769,39590.4,-939.0108430040568,0.0,0.0,1997-01-13,6.587420965058237,19.0,127218.70000000001,132315.4,-5096.6999999999825,1.0400543312081383,114284.80000000002,0.8637236200501225,71644.04210526316,39590.4,-325.64127365617793,0.0,0.0,1997-02-13,6.587420965058237
6940,9510,961122,228276.0,36,6341.0,C,1996-11-22,36,1,POPLATEK MESICNE,960609,1996-06-09,11401,11709,610803,1,1961-08-03,M,Hl.m. Praha,Prague,1204953,0,0,0,1,1,100.0,12541,0.29,0.43,167,85677.0,99107,166,35.304585900068446,False,,0,769,False,True,False,True,False,True,True,228276.0,36.0,6341.0,0.027777777777777776,166.0,35.304585900068446,0.0,12541.0,0.43,99107.0,167.0,0.0,20.0,7.0,22508.0,19555.6,2952.4000000000015,0.8687902616731085,13214.6,0.6757105018254708,53809.27142857143,41993.4,385.94578125,0.0,0.0,1996-12-16,6.622520107238606,13.0,37600.2,44511.2,-6911.0,1.18377073072136,31829.2,0.7150668805406158,53249.83846153847,41993.4,-14.523586068731692,0.0,0.0,1997-01-15,6.622520107238606,18.0,52671.899999999994,58766.799999999996,-6094.9000000000015,1.1156932692143398,39743.8,0.676285312705257,51495.25,39095.0,-89.70801514001741,0.0,0.0,1997-02-12,6.165431319981075
5209,1250,961125,182640.0,48,3805.0,C,1996-11-25,48,62,POPLATEK MESICNE,960328,1996-03-28,1509,1509,425419,62,1942-04-19,F,Uherske Hradiste,south Moravia,145688,22,41,13,2,5,40.7,8544,1.29,1.86,109,2719.0,2906,242,54.60369609856263,False,,0,766,False,True,False,True,False,True,True,182640.0,48.0,3805.0,0.020833333333333332,242.0,54.60369609856263,1.0,8544.0,1.86,2906.0,109.0,0.0,40.0,8.0,34372.2,30149.8,4222.399999999998,0.877131020678901,16214.6,0.5377834087321066,37038.0625,23948.9,333.75899014778315,0.0,0.0,1996-12-23,6.294060446780552,16.0,57355.299999999996,66399.6,-9044.30000000001,1.1576688175492493,38529.2,0.5802537928874135,32626.275,14854.1,-275.00601020181864,0.0,0.0,1997-01-22,3.9038370565045994,24.0,80274.4,85849.4,-5575.0,1.069435966684688,44043.8,0.5130296422614222,29171.558333333334,14854.1,-222.2326201286556,0.0,0.0,1997-02-21,3.9038370565045994
5388,2153,961128,61560.0,12,5130.0,A,1996-11-28,12,31,POPLATEK TYDNE,960107,1996-01-07,2606,2606,430104,31,1943-01-04,M,Tachov,west Bohemia,51313,34,12,3,1,4,59.2,8930,3.52,4.2,108,1328.0,1452,326,53.90006844626968,True,0.0,0,763,False,True,False,True,False,True,True,61560.0,12.0,5130.0,0.08333333333333333,326.0,53.90006844626968,0.0,8930.0,4.2,1452.0,108.0,0.0,71.0,11.0,46244.7,39466.5,6778.199999999997,0.8534090737084745,20074.0,0.5086210172927091,31046.172727272733,10676.9,1033.421608121173,0.0,0.0,1996-12-24,2.0812670565302143,21.0,77140.6,77889.0,-748.3999999999942,1.00968867640806,39104.0,0.5020413403517782,29280.70952380953,10676.9,33.10611037400942,0.0,0.0,1997-01-13,2.0812670565302143,29.0,108008.8,101411.5,6597.300000000003,0.9389101729657864,43234.0,0.42631825465302603,28530.5551724138,10676.9,-9.253710740792393,0.0,0.0,1997-02-13,2.0812670565302143
6011,4981,961128,179328.0,48,3736.0,C,1996-11-28,48,54,POPLATEK MESICNE,960122,1996-01-22,6015,6015,731121,54,1973-11-21,M,Brno - mesto,south Moravia,387570,0,0,0,1,1,100.0,9897,1.6,1.96,140,18721.0,18696,311,23.019849418206707,False,,0,763,False,True,False,True,False,True,True,179328.0,48.0,3736.0,0.020833333333333332,311.0,23.019849418206707,0.0,9897.0,1.96,18696.0,140.0,0.0,52.0,7.0,35137.8,30960.6,4177.200000000004,0.8810944027684495,22294.6,0.72007260606687,52863.985714285714,36237.9,714.345631067961,0.0,0.0,1996-12-17,9.699652034261243,17.0,58638.0,63841.2,-5203.199999999997,1.0887157011545217,46509.2,0.7285024638875227,47942.205882352944,30871.5,-252.68951376796338,0.0,0.0,1997-01-27,8.263249464668094,25.0,82119.6,88241.79999999999,-6122.1999999999825,1.0745391533914752,62243.799999999996,0.7053697298816448,43754.004,27151.5,-281.90333078293503,0.0,0.0,1997-02-15,7.267532119914347
5591,3021,961204,155616.0,48,3242.0,C,1996-12-04,48,10,POPLATEK MESICNE,960420,1996-04-20,3649,3649,596025,10,1959-10-25,F,Praha - vychod,central Bohemia,92084,55,29,4,3,5,46.7,10124,0.56,0.54,141,3810.0,4316,228,37.111567419575636,False,,0,757,False,True,False,True,False,True,True,155616.0,48.0,3242.0,0.020833333333333332,228.0,37.111567419575636,1.0,10124.0,0.54,4316.0,141.0,0.0,30.0,7.0,29298.0,31824.399999999998,-2526.399999999998,1.0861940680569302,28582.6,0.8981065438297712,33744.25714285715,21813.2,-1150.0671883150756,0.0,0.0,1996-12-31,6.728315854410858,16.0,55136.0,61180.799999999996,-6044.799999999996,1.1096142336362151,54697.2,0.894010964044863,27340.875,16229.8,-463.03710732984297,0.0,0.0,1997-01-31,5.006107341147439,23.0,74679.1,79005.2,-4326.099999999991,1.0579150268947148,69279.8,0.8768906744027685,27114.552173913045,16229.8,-160.68753019790626,0.0,0.0,1997-03-04,5.006107341147439
7154,10520,961205,417600.0,60,6960.0,C,1996-12-05,60,55,POPLATEK PO OBRATU,951024,1995-10-24,12635,12943,701012,55,1970-10-12,M,Brno - venkov,south Moravia,157042,49,70,18,0,9,33.9,8743,1.88,2.43,111,3659.0,3894,408,26.1492128678987,False,,0,756,False,True,False,True,False,True,True,417600.0,60.0,6960.0,0.016666666666666666,408.0,26.1492128678987,0.0,8743.0,2.43,3894.0,111.0,0.0,34.0,5.0,205.2,26759.8,-26554.6,129.77594568380215,19800.0,0.739888194672805,39781.92,32084.0,-590.9088082901555,0.0,0.0,1997-01-03,4.6097701149425285,13.0,33562.6,42214.6,-8652.0,1.257749466684146,28295.0,0.6702498602412379,31979.492307692304,19429.1,-315.10287092544036,0.0,0.0,1997-02-01,2.791537356321839,26.0,241007.80000000002,189174.40000000002,51833.399999999994,0.7849273553496802,168295.0,0.889624126604199,62248.38846153847,19429.1,1100.5212021087364,0.0,0.0,1997-03-02,2.791537356321839
7130,10411,961211,123408.0,24,5142.0,A,1996-12-11,24,39,POPLATEK PO OBRATU,951123,1995-11-23,12502,12810,641014,39,1964-10-14,M,Most,north Bohemia,119895,17,4,3,2,4,89.9,10446,7.34,9.4,90,4947.0,4743,384,32.158795345653665,True,0.0,0,750,False,True,False,True,False,True,True,123408.0,24.0,5142.0,0.041666666666666664,384.0,32.158795345653665,0.0,10446.0,9.4,4743.0,90.0,0.0,65.0,9.0,76346.1,14982.0,61364.100000000006,0.19623535144098464,100.0,0.006674230794900888,32117.522222222222,12665.2,803.0691539923954,0.0,0.0,1997-01-10,2.4630882924931936,24.0,106502.70000000001,82306.0,24196.70000000001,0.7727994426484713,47400.0,0.5758926944245325,42581.09583333333,12665.2,231.2129460595825,0.0,0.0,1997-02-09,2.4630882924931936,34.0,124658.80000000002,120803.0,3855.8000000000175,0.9690613974994343,65873.0,0.545288235488891,38793.08823529411,12212.9,-180.66985357407444,0.0,0.0,1997-03-09,2.375126409957215
6818,9030,961212,155616.0,48,3242.0,C,1996-12-12,48,72,POPLATEK MESICNE,950121,1995-01-21,10813,11121,715410,72,1971-04-10,F,Olomouc,north Moravia,226122,32,50,7,4,4,62.6,8994,3.8,4.79,110,9672.0,9208,691,25.675564681724847,False,,0,749,False,True,False,True,False,True,True,155616.0,48.0,3242.0,0.020833333333333332,691.0,25.675564681724847,1.0,8994.0,4.79,9208.0,110.0,0.0,172.0,9.0,17996.0,22334.6,-4338.5999999999985,1.2410179474356837,15674.6,0.7017765361127528,55894.477777777785,52274.1,139.24616304087976,0.0,0.0,1997-01-10,16.124028377544725,18.0,35909.899999999994,47389.2,-11479.300000000003,1.3196327577420783,34069.2,0.7189081286848336,52133.13888888888,42815.4,-153.99567088817147,0.0,0.0,1997-02-09,13.206477483035163,27.0,53830.2,64205.799999999996,-10375.599999999999,1.1927246652498922,40983.8,0.6383093379517435,50485.78148148147,42554.7,-98.91292894913454,0.0,0.0,1997-03-12,13.126064157927205
5625,3189,961215,222180.0,60,3703.0,D,1996-12-15,60,29,POPLATEK MESICNE,951129,1995-11-29,3855,3855,390320,29,1939-03-20,M,Rokycany,west Bohemia,45714,52,10,5,1,6,55.6,8843,2.82,3.6,113,818.0,888,382,57.74127310061601,False,,1,746,False,True,False,True,False,True,True,222180.0,60.0,3703.0,0.016666666666666666,382.0,57.74127310061601,0.0,8843.0,3.6,888.0,113.0,0.0,59.0,8.0,232.1,51617.4,-51385.3,221.43886743886745,47914.6,0.9282465167459665,29670.5875,8193.5,-1803.9133043478264,0.0,0.0,1997-01-12,2.212665406427221,15.0,13800.1,65534.799999999996,-51734.7,4.748520045503619,58129.2,0.8869839080319459,19832.74,393.5,-779.6427208448537,0.0,0.0,1997-02-12,0.10626519038617337,20.0,31969.399999999998,69252.2,-37282.8,2.166134924805445,58143.799999999996,0.8395828640409396,20317.165,393.5,-176.49954422695114,0.0,0.0,1997-03-12,0.10626519038617337
6805,8972,961221,45024.0,48,938.0,C,1996-12-21,48,70,POPLATEK MESICNE,960521,1996-05-21,10742,11050,575504,70,1957-05-04,F,Karvina,north Moravia,285387,0,2,8,5,7,89.9,10177,6.63,7.75,81,9878.0,10108,214,39.6331279945243,False,,0,740,False,True,False,True,False,True,True,45024.0,48.0,938.0,0.020833333333333332,214.0,39.6331279945243,1.0,10177.0,7.75,10108.0,81.0,0.0,39.0,8.0,21471.2,28027.6,-6556.399999999998,1.3052970818081053,20314.6,0.724781116431074,46814.575000000004,31827.8,412.2635761589404,0.0,0.0,1997-01-16,33.931556503198294,17.0,42865.8,54635.2,-11769.399999999994,1.2745341383075013,39209.2,0.7176414172288702,41542.141176470584,26614.7,-190.98080876855718,0.0,0.0,1997-02-15,28.373880597014924,26.0,64168.700000000004,77702.79999999999,-13534.099999999984,1.2108954849407116,54563.799999999996,0.70220246628865,39061.48846153846,24850.0,-161.9828334964849,0.0,0.0,1997-03-17,26.492537313432837
7233,10963,961225,115812.0,36,3217.0,C,1996-12-25,36,16,POPLATEK MESICNE,950520,1995-05-20,13172,13480,530601,16,1953-06-01,M,Jindrichuv Hradec,south Bohemia,93931,74,21,10,1,8,56.9,8427,1.12,1.54,107,1874.0,1913,585,43.56741957563313,False,,0,736,False,True,False,True,False,True,True,115812.0,36.0,3217.0,0.027777777777777776,585.0,43.56741957563313,0.0,8427.0,1.54,1913.0,107.0,0.0,124.0,8.0,16045.6,33331.3,-17285.700000000004,2.07715653160171,30114.6,0.9034660074462307,35118.75,24592.4,-596.838671411625,0.0,0.0,1997-01-14,7.644513521914828,13.0,39605.1,36662.600000000006,2942.4999999999927,0.9256806401034186,30229.199999999997,0.8245016855955223,32400.761538461542,21393.7,-165.7759451268145,0.0,0.0,1997-02-21,6.65020205160087,18.0,48950.299999999996,46893.9,2056.399999999994,0.9579704726942901,37243.8,0.7941972367997373,34869.73888888888,21393.7,54.54198323897161,0.0,0.0,1997-03-25,6.65020205160087
7308,11362,961227,129408.0,24,5392.0,A,1996-12-27,24,67,POPLATEK MESICNE,951014,1995-10-14,13663,13971,626019,67,1962-10-19,F,Bruntal,north Moravia,106054,38,25,6,2,6,63.1,8110,5.77,6.55,109,3244.0,3079,440,34.19028062970568,True,0.0,0,734,False,True,False,True,False,True,True,129408.0,24.0,5392.0,0.041666666666666664,440.0,34.19028062970568,1.0,8110.0,6.55,3079.0,109.0,0.0,107.0,14.0,16247.2,26061.6,-9814.399999999998,1.6039684395809997,15374.6,0.5899104463867765,25343.028571428575,14385.2,-493.9625255305924,0.0,0.0,1997-01-25,2.667878338278932,23.0,32474.0,38763.2,-6289.199999999997,1.193632024634334,17389.2,0.44858916216509054,24731.59130434783,14385.2,-104.19488138627788,0.0,0.0,1997-02-12,2.667878338278932,32.0,48696.8,55964.799999999996,-7267.999999999993,1.1492264537617713,23903.8,0.42711441630424296,24809.76875,14385.2,-24.118819524459667,0.0,0.0,1997-03-12,2.667878338278932
5895,4473,970103,93960.0,60,1566.0,C,1997-01-03,60,45,POPLATEK MESICNE,951009,1995-10-09,5395,5395,620601,45,1962-06-01,M,Jicin,east Bohemia,77917,85,19,6,1,5,53.5,8390,2.28,2.89,132,2080.0,2122,452,34.5927446954141,False,,0,727,False,True,False,True,False,True,True,93960.0,60.0,1566.0,0.016666666666666666,452.0,34.5927446954141,0.0,8390.0,2.89,2122.0,132.0,0.0,89.0,14.0,24657.0,36213.6,-11556.599999999999,1.468634925784735,25594.6,0.7067481071170191,53836.79285714286,37992.0,-729.80282591309,0.0,0.0,1997-01-31,24.260536398467433,22.0,49284.7,62707.2,-13422.5,1.2723203687885127,41469.2,0.6613042632383006,51202.77272727273,32464.0,-301.05151618398634,0.0,0.0,1997-03-02,20.73052362707535,29.0,73913.4,83040.8,-9127.400000000009,1.123472557444828,51183.799999999996,0.6163618804023997,50144.50344827587,30598.1,-154.86006614680255,0.0,0.0,1997-04-01,19.539016602809706
7122,10365,970104,260640.0,36,7240.0,D,1997-01-04,36,22,POPLATEK MESICNE,950902,1995-09-02,12448,12756,495121,22,1949-01-21,F,Domazlice,west Bohemia,58400,65,16,4,1,6,52.4,8620,1.1,1.25,100,1089.0,1117,490,47.95345653661875,False,,1,726,False,True,False,True,False,True,True,260640.0,36.0,7240.0,0.027777777777777776,490.0,47.95345653661875,1.0,8620.0,1.25,1117.0,100.0,1.0,78.0,7.0,5.3,12848.1,-12842.800000000001,2039.3809523809525,24.1,0.0018756177475465208,2762.628571428571,-1277.3,-365.538570956004,1.0,1.0,1997-01-31,-0.17642265193370166,13.0,25866.8,17704.699999999997,8162.100000000002,0.6844300636312326,4549.700000000001,0.25696244712154853,9301.869230769229,-1608.3,313.4252992255338,1.0,1.0,1997-02-28,-0.22214088397790055,25.0,91988.40000000001,65692.29999999999,26296.10000000002,0.714129019213083,32473.3,0.49431677203002444,18779.076,-1608.3,471.1500302458491,1.0,1.0,1997-04-01,-0.22214088397790055
6173,5724,970108,232560.0,48,4845.0,C,1997-01-08,48,14,POPLATEK PO OBRATU,950419,1995-04-19,6922,6922,395427,14,1939-04-27,F,Ceske Budejovice,south Bohemia,177686,69,27,10,1,9,74.8,10045,1.42,1.71,135,6604.0,6295,630,57.70294318959617,False,,0,722,False,True,False,True,False,True,True,232560.0,48.0,4845.0,0.020833333333333332,630.0,57.70294318959617,1.0,10045.0,1.71,6295.0,135.0,0.0,176.0,16.0,29241.7,55899.0,-26657.3,1.9115539946721745,46300.0,0.8282647584973166,28555.8625,16847.0,-335.4223267889015,0.0,0.0,1997-02-07,3.4771929824561405,26.0,58439.1,81098.0,-22658.9,1.3877115200008214,61900.0,0.7632646518452755,27232.823076923072,12189.7,-102.5371870671872,0.0,0.0,1997-03-09,2.5159339525283797,37.0,87663.1,111896.0,-24232.899999999994,1.276417598538056,83099.0,0.7426383191685211,27443.82432432432,12189.7,-16.851148684446187,0.0,0.0,1997-04-08,2.5159339525283797
6142,5591,970121,221880.0,60,3698.0,C,1997-01-21,60,9,POPLATEK MESICNE,960316,1996-03-16,6749,6749,435929,9,1943-09-29,F,Nymburk,central Bohemia,81344,61,23,4,2,6,55.3,8899,3.39,3.97,149,2987.0,2487,311,53.31416837782341,False,,0,709,False,True,False,True,False,True,True,221880.0,60.0,3698.0,0.016666666666666666,311.0,53.31416837782341,1.0,8899.0,3.97,2487.0,149.0,0.0,71.0,10.0,22345.1,24054.399999999998,-1709.2999999999993,1.076447344279315,16814.6,0.698994820289831,38799.869999999995,29313.4,749.5542000457768,0.0,0.0,1997-02-13,7.9268253109789075,19.0,44681.899999999994,45408.8,-726.9000000000087,1.0162455883570674,30929.199999999997,0.6811128875264809,41595.93157894737,29313.4,257.0163736168554,0.0,0.0,1997-03-13,7.9268253109789075,29.0,67029.0,82450.20000000001,-15421.200000000012,1.2300492316873044,60730.8,0.7365665993945509,42640.38965517243,23492.1,108.47855549881717,0.0,0.0,1997-04-17,6.352650081124932
5358,2018,970121,38520.0,12,3210.0,A,1997-01-21,12,42,POPLATEK MESICNE,950604,1995-06-04,2451,2451,391206,42,1939-12-06,M,Havlickuv Brod,east Bohemia,95907,87,25,5,2,7,59.1,8388,2.41,2.94,87,1658.0,1668,597,57.12799452429842,True,0.0,0,709,False,True,False,True,False,True,True,38520.0,12.0,3210.0,0.08333333333333333,597.0,57.12799452429842,0.0,8388.0,2.94,1668.0,87.0,0.0,114.0,6.0,9252.5,6339.6,2912.8999999999996,0.6851029340249636,14.6,0.0023026212030407213,17984.316666666666,15349.2,-61.39010327022368,0.0,0.0,1997-02-14,4.781682242990654,12.0,15700.1,12679.2,3020.8999999999996,0.8075357777480558,29.2,0.0023028027949085973,18038.725000000002,15349.2,-11.903012432260102,0.0,0.0,1997-03-14,4.781682242990654,18.0,20445.5,19818.8,626.7000000000007,0.9693003692563519,843.8000000000001,0.04257358802813349,17258.916666666668,13063.0,-41.53151588293608,0.0,0.0,1997-04-14,4.069470404984424
6095,5358,970124,68340.0,60,1139.0,C,1997-01-24,60,4,POPLATEK MESICNE,950518,1995-05-18,6469,6469,530316,4,1953-03-16,M,Kladno,central Bohemia,149893,63,29,6,2,6,67.4,9753,4.64,5.05,109,5244.0,5892,617,43.860369609856264,False,,0,706,False,True,False,True,False,True,True,68340.0,60.0,1139.0,0.016666666666666666,617.0,43.860369609856264,0.0,9753.0,5.05,5892.0,109.0,0.0,114.0,6.0,24500.2,12644.6,11855.6,0.5160808450198358,2314.6,0.1830359967103182,46971.56666666667,34842.3,921.3942307692307,0.0,0.0,1997-02-12,30.590254609306413,12.0,49038.9,40989.2,8049.700000000004,0.8358336782905348,20329.2,0.4959526911310509,52519.31666666667,34842.3,393.58390293482404,0.0,0.0,1997-03-12,30.590254609306413,19.0,73579.3,71393.79999999999,2185.5000000000146,0.9702841657345782,40403.8,0.5659207673387979,52806.847368421055,34842.3,96.35592654424032,0.0,0.0,1997-04-12,30.590254609306413
6878,9242,970124,23184.0,12,1932.0,A,1997-01-24,12,57,POPLATEK MESICNE,960315,1996-03-15,11073,11381,795726,57,1979-07-26,F,Hodonin,south Moravia,161954,21,37,20,3,8,48.0,8720,3.73,4.5,116,3729.0,3651,315,17.50034223134839,True,0.0,0,706,False,True,False,True,False,True,True,23184.0,12.0,1932.0,0.08333333333333333,315.0,17.50034223134839,1.0,8720.0,4.5,3651.0,116.0,0.0,58.0,7.0,12477.2,9946.6,2530.6000000000004,0.7971181740956228,8014.6,0.8056817724878362,37173.91428571429,34501.4,432.9957317073171,0.0,0.0,1997-02-14,17.857867494824017,13.0,20636.8,14293.2,6343.5999999999985,0.692573820852998,10429.2,0.7296106112968896,40686.130769230775,34501.4,252.27765474919957,0.0,0.0,1997-03-14,17.857867494824017,19.0,28850.2,19839.800000000003,9010.399999999998,0.6876594387755103,14043.800000000001,0.7078242812789807,43010.30526315789,34501.4,177.91828911601152,0.0,0.0,1997-04-14,17.857867494824017
6554,7637,970129,390096.0,48,8127.0,C,1997-01-29,48,46,POPLATEK MESICNE,960819,1996-08-19,9149,9457,780926,46,1978-09-26,M,Nachod,east Bohemia,112709,48,20,7,3,10,73.5,8369,1.79,2.31,117,2854.0,2618,163,18.34360027378508,False,,0,701,False,True,False,True,False,True,True,390096.0,48.0,8127.0,0.020833333333333332,163.0,18.34360027378508,0.0,8369.0,2.31,2618.0,117.0,0.0,16.0,9.0,24507.4,33313.2,-8805.799999999996,1.3592564182076348,15789.2,0.4739480461785065,42943.48888888889,35078.4,-363.9303069383544,0.0,0.0,1997-02-28,4.316279069767442,13.0,48626.4,55837.2,-7210.799999999996,1.1482662038274716,20789.2,0.3723114283769893,41684.24615384616,26075.2,-205.4188925081434,0.0,0.0,1997-03-17,3.2084656084656085,20.0,72908.70000000001,79295.79999999999,-6387.099999999977,1.0875891685194148,26723.800000000003,0.33700981628514654,40894.590000000004,26075.2,-77.39538802044108,0.0,0.0,1997-04-16,3.2084656084656085
6793,8931,970130,186300.0,60,3105.0,C,1997-01-30,60,63,POPLATEK TYDNE,960101,1996-01-01,10696,11004,471116,63,1947-11-16,M,Vyskov,south Moravia,86513,38,36,5,1,5,50.5,8288,3.79,4.52,110,1562.0,1460,395,49.20739219712526,False,,0,700,False,True,False,True,False,True,True,186300.0,60.0,3105.0,0.016666666666666666,395.0,49.20739219712526,0.0,8288.0,4.52,1460.0,110.0,0.0,119.0,14.0,83665.1,39407.7,44257.40000000001,0.47101155665197725,28260.0,0.7171005387135329,47655.892857142855,20241.5,1495.9126653730816,0.0,0.0,1997-03-01,6.519001610305958,23.0,119383.8,85400.4,33983.40000000001,0.7153372958701609,63105.0,0.7389223127489714,53274.90869565218,20241.5,600.3938101694914,0.0,0.0,1997-03-31,6.519001610305958,32.0,130879.7,118683.1,12196.599999999991,0.9068036769363245,85240.0,0.7182090945627931,50181.73125,20241.5,45.37797252387223,0.0,0.0,1997-04-30,6.519001610305958
7286,11271,970131,67320.0,36,1870.0,C,1997-01-31,36,5,POPLATEK MESICNE,950920,1995-09-20,13544,13852,720126,5,1972-01-26,M,Kolin,central Bohemia,95616,65,30,4,1,6,51.4,9307,3.85,4.43,118,2616.0,3040,499,25.01574264202601,False,,0,699,False,True,False,True,False,True,True,67320.0,36.0,1870.0,0.027777777777777776,499.0,25.01574264202601,0.0,9307.0,4.43,3040.0,118.0,0.0,111.0,10.0,11402.3,12287.5,-885.2000000000007,1.0775389580209238,1729.1999999999998,0.14071693046344141,23314.999999999996,18796.9,-198.8958635299364,0.0,0.0,1997-02-28,10.051818181818183,18.0,22708.8,24460.399999999998,-1751.5999999999985,1.0770856634580666,3343.7999999999997,0.13669700017169908,23052.355555555554,17936.1,-90.66651480637813,0.0,0.0,1997-03-31,9.591497326203207,26.0,34016.0,35233.3,-1217.300000000003,1.0357556515859718,3558.3999999999996,0.10099249878669363,22846.330769230768,17936.1,-49.43021337902033,0.0,0.0,1997-04-30,9.591497326203207
6076,5269,970202,117420.0,60,1957.0,C,1997-02-02,60,49,POPLATEK MESICNE,960704,1996-07-04,6366,6366,660221,49,1966-02-21,M,Semily,east Bohemia,75685,31,28,5,1,9,60.8,8208,1.89,2.26,155,1660.0,2123,213,30.94866529774127,False,,0,697,False,True,False,True,False,True,True,117420.0,60.0,1957.0,0.016666666666666666,213.0,30.94866529774127,0.0,8208.0,2.26,2123.0,155.0,0.0,43.0,7.0,20661.0,17524.6,3136.4000000000015,0.8481560352337624,7514.6,0.42877847263431784,29126.3,16486.8,401.985344827586,0.0,0.0,1997-03-01,8.42452733776188,14.0,41339.4,35049.2,6290.200000000004,0.8478195663322076,15029.2,0.4287907059018209,30698.200000000004,16486.8,200.6281361670115,0.0,0.0,1997-03-31,8.42452733776188,22.0,62017.700000000004,57193.8,4823.9000000000015,0.9222024969888114,27163.8,0.47493478428108843,30544.831818181814,16486.8,68.85192755667836,0.0,0.0,1997-04-30,8.42452733776188
5134,825,970202,53076.0,12,4423.0,A,1997-02-02,12,19,POPLATEK MESICNE,960306,1996-03-06,992,992,480521,19,1948-05-21,M,Prachatice,south Bohemia,51428,50,11,3,1,4,52.7,8402,3.13,3.98,120,999.0,1099,333,48.70362765229295,True,0.0,0,697,False,True,False,True,False,True,True,53076.0,12.0,4423.0,0.08333333333333333,333.0,48.70362765229295,0.0,8402.0,3.98,1099.0,120.0,0.0,65.0,5.0,15975.1,13672.6,2302.5,0.8558158749632263,14.6,0.0010677509946173647,21915.22,11830.7,165.42406082289799,0.0,0.0,1997-02-28,2.6748134750169568,11.0,31959.399999999998,29445.199999999997,2514.2000000000007,0.9213026119823281,2129.2,0.0723081416277822,23114.81818181818,11830.7,87.26119423987993,0.0,0.0,1997-03-31,2.6748134750169568,17.0,48444.899999999994,43117.799999999996,5327.0999999999985,0.8900195888609769,2143.7999999999997,0.04971845227603736,23725.764705882353,11830.7,60.41592363674517,0.0,0.0,1997-04-30,2.6748134750169568
5419,2246,970205,415800.0,60,6930.0,C,1997-02-05,60,1,POPLATEK MESICNE,960425,1996-04-25,2720,2720,495905,1,1949-09-05,F,Hl.m. Praha,Prague,1204953,0,0,0,1,1,100.0,12541,0.29,0.43,167,85677.0,99107,286,47.419575633128,False,,0,694,False,True,False,True,False,True,True,415800.0,60.0,6930.0,0.016666666666666666,286.0,47.419575633128,1.0,12541.0,0.43,99107.0,167.0,0.0,37.0,5.0,25558.5,15444.6,10113.9,0.6042606467262662,8514.6,0.5512637903351116,28337.680000000004,23518.4,-640.5838104639683,0.0,0.0,1997-02-28,3.393708513708514,13.0,82852.0,80801.2,2050.800000000003,0.9752356583346409,66941.20000000001,0.8284576410048243,38167.4,15364.3,-129.462678379775,0.0,0.0,1997-03-31,2.217070707070707,17.0,83707.5,87745.8,-4038.300000000003,1.0482304664400868,66955.80000000002,0.7630568864049745,31357.505882352947,8601.2,-435.5183261067087,0.0,0.0,1997-04-30,1.2411544011544013
6255,6158,970208,247920.0,48,5165.0,D,1997-02-08,48,67,POPLATEK MESICNE,960513,1996-05-13,7435,7435,575416,67,1957-04-16,F,Bruntal,north Moravia,106054,38,25,6,2,6,63.1,8110,5.77,6.55,109,3244.0,3079,271,39.81656399726215,False,,1,691,False,True,False,True,False,True,True,247920.0,48.0,5165.0,0.020833333333333332,271.0,39.81656399726215,1.0,8110.0,6.55,3079.0,109.0,0.0,15.0,1.0,131.5,0.0,131.5,0.0,0.0,0.0,24121.6,24121.6,0.0,0.0,0.0,1997-02-28,4.6702032913843174,4.0,40516.0,20100.0,20416.0,0.4960880618012192,20100.0,0.999950251231282,49352.149999999994,24121.6,581.825309336333,0.0,0.0,1997-04-08,4.6702032913843174,6.0,40647.5,31100.0,9547.5,0.7650958829969126,31100.0,0.9999678466930324,45914.0,24121.6,-36.29367015098727,0.0,0.0,1997-05-08,4.6702032913843174
5656,3353,970209,146064.0,24,6086.0,C,1997-02-09,24,74,POPLATEK MESICNE,960827,1996-08-27,4055,4055,535601,74,1953-06-01,F,Ostrava - mesto,north Moravia,323870,0,0,0,1,1,100.0,10673,4.75,5.44,100,18782.0,18347,166,43.6933607118412,False,,0,690,False,True,False,True,False,True,True,146064.0,24.0,6086.0,0.041666666666666664,166.0,43.6933607118412,1.0,10673.0,5.44,18347.0,100.0,0.0,22.0,16.0,100403.7,86384.79999999999,14018.900000000009,0.8603660983997761,58536.6,0.6776183122689147,67204.175,39781.4,596.5402626674181,0.0,0.0,1997-03-11,6.536542885310549,26.0,179079.3,187815.6,-8736.300000000017,1.0487786763814892,142851.2,0.76058878714661,68480.71538461537,36284.4,-101.25639920919124,0.0,0.0,1997-04-10,5.96194544857049,34.0,180337.5,214904.4,-34566.899999999994,1.191672327317794,152765.80000000002,0.7108513792580364,58922.99117647059,10453.9,-553.4744037140969,0.0,0.0,1997-05-10,1.7176963522839304
6934,9494,970209,116832.0,12,9736.0,A,1997-02-09,12,21,POPLATEK MESICNE,960510,1996-05-10,11378,11686,486018,21,1948-10-18,F,Tabor,south Bohemia,103347,87,16,7,1,7,67.0,9104,1.51,2.07,123,2299.0,2354,275,48.31211498973306,True,0.0,0,690,False,True,False,True,False,True,True,116832.0,12.0,9736.0,0.08333333333333333,275.0,48.31211498973306,1.0,9104.0,2.07,2354.0,123.0,0.0,46.0,7.0,18174.8,20136.6,-1961.7999999999993,1.1078797081834086,5654.6,0.2807981090100112,15029.171428571428,11003.0,1.1385416666667076,0.0,0.0,1997-03-06,1.1301355792933443,13.0,35257.0,34633.2,623.8000000000029,0.9822791990470247,5669.200000000001,0.16368791541308883,15640.984615384614,9041.2,58.00714907466979,0.0,0.0,1997-04-05,0.9286359901396878,19.0,54451.399999999994,49129.799999999996,5321.5999999999985,0.9022522423254071,5683.800000000001,0.11568710462683289,16795.34736842105,9041.2,78.38746056294461,0.0,0.0,1997-05-05,0.9286359901396878
6028,5072,970209,317520.0,60,5292.0,C,1997-02-09,60,6,POPLATEK MESICNE,960412,1996-04-12,6122,6122,685216,6,1968-02-16,F,Kutna Hora,central Bohemia,77963,60,23,4,2,4,51.5,8546,2.95,4.02,126,2640.0,3120,303,28.982888432580424,False,,0,690,False,True,False,True,False,True,True,317520.0,60.0,5292.0,0.016666666666666666,303.0,28.982888432580424,1.0,8546.0,4.02,3120.0,126.0,0.0,73.0,10.0,24146.7,24013.6,133.10000000000218,0.9944466760809517,8314.6,0.3462310427823075,42898.409999999996,30718.7,148.60436279149837,0.0,0.0,1997-03-09,5.804743008314437,19.0,48314.899999999994,46322.2,1992.699999999997,0.958736151039306,15729.2,0.3395533987289307,43374.2052631579,30718.7,54.94250969520698,0.0,0.0,1997-04-09,5.804743008314437,30.0,72474.2,72630.79999999999,-156.59999999999127,1.0021469412985406,27143.800000000003,0.37371784810510006,43540.203333333346,30718.7,15.737389213731623,0.0,0.0,1997-05-09,5.804743008314437
6490,7262,970210,73260.0,60,1221.0,C,1997-02-10,60,70,POPLATEK MESICNE,960830,1996-08-30,8764,8764,405707,70,1940-07-07,F,Karvina,north Moravia,285387,0,2,8,5,7,89.9,10177,6.63,7.75,81,9878.0,10108,164,56.596851471594796,False,,0,689,False,True,False,True,False,True,True,73260.0,60.0,1221.0,0.016666666666666666,164.0,56.596851471594796,1.0,10177.0,7.75,10108.0,81.0,0.0,21.0,10.0,34344.0,28606.6,5737.4000000000015,0.8329189110496433,10514.6,0.3675456871600554,28780.4,17893.4,-127.79962721342022,0.0,0.0,1997-03-12,14.654709254709257,16.0,51572.1,46896.2,4675.9000000000015,0.9093151274598579,20029.199999999997,0.4270873314398301,26979.75,15610.8,-127.09570590052519,0.0,0.0,1997-04-11,12.785257985257985,24.0,68792.0,68746.79999999999,45.20000000001164,0.9993284200427367,31883.799999999996,0.46377920457090993,25664.158333333336,10980.1,-105.17705674968268,0.0,0.0,1997-05-11,8.992710892710893
6415,6950,970212,475680.0,48,9910.0,C,1997-02-12,48,36,POPLATEK MESICNE,961012,1996-10-12,8392,8392,665508,36,1966-05-08,F,Liberec,north Bohemia,159617,29,19,8,1,9,85.2,9198,3.33,4.28,131,5796.0,6132,123,30.767967145790553,False,,0,687,False,True,False,True,False,True,True,475680.0,48.0,9910.0,0.020833333333333332,123.0,30.767967145790553,1.0,9198.0,4.28,6132.0,131.0,0.0,12.0,5.0,22927.9,42371.0,-19443.1,1.8479299050543199,23900.0,0.5640517322760313,44870.4,27062.2,-1729.3827361563517,0.0,0.0,1997-03-13,2.73079717457114,12.0,45802.100000000006,73976.6,-28174.5,1.6151002879717749,37034.6,0.5006191063240765,35839.43333333334,18330.9,-548.390333458224,0.0,0.0,1997-04-13,1.8497376387487388,18.0,68626.5,99962.20000000001,-31335.70000000001,1.4565910167207026,44549.2,0.44565600140851824,32254.68888888889,15169.6,-320.57020206381407,0.0,0.0,1997-05-13,1.530736629667003
7087,10215,970220,44304.0,24,1846.0,C,1997-02-20,24,38,POPLATEK MESICNE,960412,1996-04-12,12253,12561,660620,38,1966-06-20,M,Louny,north Bohemia,85852,41,23,4,2,4,59.8,8965,7.08,8.23,104,2653.0,2822,314,30.67214236824093,False,,0,679,False,True,False,True,False,True,True,44304.0,24.0,1846.0,0.041666666666666664,314.0,30.67214236824093,0.0,8965.0,8.23,2822.0,104.0,0.0,63.0,8.0,14497.6,11134.6,3363.0,0.7679775978370326,5014.6,0.45032149143288197,49292.425,41618.1,551.348780487805,0.0,0.0,1997-03-13,22.54501625135428,15.0,29011.1,22069.2,6941.899999999998,0.7606895054132586,9829.2,0.445360712635137,51287.13333333333,41618.1,180.70708433734944,0.0,0.0,1997-04-13,22.54501625135428,22.0,43541.1,37103.8,6437.299999999996,0.8521362084051988,18743.800000000003,0.5051583622604084,52224.68636363637,41618.1,98.87470655333554,0.0,0.0,1997-05-13,22.54501625135428
5420,2247,970224,72504.0,24,3021.0,C,1997-02-24,24,24,POPLATEK MESICNE,960413,1996-04-13,2721,2721,505626,24,1950-06-26,F,Karlovy Vary,west Bohemia,122603,25,21,6,2,8,80.0,8991,1.39,2.01,128,5198.0,5273,317,46.666666666666664,False,,0,675,False,True,False,True,False,True,True,72504.0,24.0,3021.0,0.041666666666666664,317.0,46.666666666666664,1.0,8991.0,2.01,5273.0,128.0,0.0,99.0,8.0,5574.6,6681.6,-1107.0,1.1983643015998278,14.6,0.0021847783796725825,17387.625,15161.3,65.33244680851055,0.0,0.0,1997-03-13,5.018636213174445,16.0,11043.900000000001,13363.2,-2319.2999999999993,1.2098977808762414,29.2,0.0021849418595950372,17185.212499999998,14708.1,-6.32149094654506,0.0,0.0,1997-04-13,4.868619662363456,24.0,19709.4,20044.800000000003,-335.40000000000146,1.0169656627973052,43.8,0.0021849963583394022,17277.833333333332,13492.0,6.011455749000577,0.0,0.0,1997-05-13,4.466070837471036
5977,4803,970225,59136.0,48,1232.0,C,1997-02-25,48,26,POPLATEK MESICNE,960608,1996-06-08,5801,5801,796210,26,1979-12-10,F,Plzen - mesto,west Bohemia,170449,0,0,0,1,1,100.0,10787,2.64,3.09,131,6041.0,6261,262,17.21286789869952,False,,0,674,False,True,False,True,False,True,True,59136.0,48.0,1232.0,0.020833333333333332,262.0,17.21286789869952,1.0,10787.0,3.09,6261.0,131.0,0.0,44.0,5.0,4502.2,2846.6,1655.6,0.6321282643453544,1614.6,0.5670037926675094,23376.72,21215.0,179.93518518518525,0.0,0.0,1997-03-12,17.219967532467532,10.0,11116.0,4093.2,7022.8,0.36819285778537375,1629.1999999999998,0.39792877729470955,25320.27,21215.0,145.20723999381858,0.0,0.0,1997-04-12,17.219967532467532,15.0,15648.5,6639.799999999999,9008.7,0.4242819259401258,2943.7999999999997,0.44328996506445006,27083.42,21215.0,125.50509072159201,0.0,0.0,1997-05-12,17.219967532467532
6824,9052,970226,71976.0,24,2999.0,D,1997-02-26,24,43,POPLATEK PO OBRATU,950830,1995-08-30,10841,11149,650714,43,1965-07-14,M,Hradec Kralove,east Bohemia,161854,73,21,6,1,6,76.3,9425,1.72,2.5,125,4085.0,3891,546,31.62217659137577,False,,1,673,False,True,False,True,False,True,True,71976.0,24.0,2999.0,0.041666666666666664,546.0,31.62217659137577,0.0,9425.0,2.5,3891.0,125.0,1.0,133.0,11.0,121831.0,145599.3,-23768.29999999999,1.195082572723094,142600.0,0.9793935864143137,108689.95454545457,61607.1,74.87209830648533,0.0,0.0,1997-03-22,20.542547515838613,19.0,204394.1,189098.6,15295.5,0.9251621002656131,183100.0,0.9682728043845676,96309.81052631579,59173.8,-614.1831229729513,0.0,0.0,1997-04-23,19.731177059019675,26.0,221308.9,241397.9,-20089.0,1.0907686461382884,232400.0,0.9627218682438072,95580.01923076923,59173.8,-279.2785093875394,0.0,0.0,1997-05-21,19.731177059019675
5207,1244,970228,35904.0,48,748.0,C,1997-02-28,48,68,POPLATEK MESICNE,960508,1996-05-08,1501,1501,460122,68,1946-01-22,M,Frydek - Mistek,north Moravia,228848,15,40,18,2,6,57.2,9893,4.09,4.72,96,5623.0,5887,296,51.10198494182067,False,,0,671,False,True,False,True,False,True,True,35904.0,48.0,748.0,0.020833333333333332,296.0,51.10198494182067,0.0,9893.0,4.72,5887.0,96.0,0.0,59.0,10.0,7703.7,10127.6,-2423.9000000000005,1.3144703882046025,5894.6,0.5819757913235788,19517.16,15238.5,-73.7255172413793,0.0,0.0,1997-03-27,20.372326203208555,19.0,13014.3,15675.2,-2660.9000000000015,1.2043671678716588,7209.200000000001,0.4598818591240224,17143.936842105264,11478.4,-153.5728510141282,0.0,0.0,1997-04-14,15.345454545454546,28.0,18305.4,22922.800000000003,-4617.4000000000015,1.2521741030459292,10223.800000000001,0.4459906298257706,15850.196428571433,9521.9,-106.50618699575982,0.0,0.0,1997-05-14,12.729812834224598
7115,10351,970304,88704.0,48,1848.0,C,1997-03-04,48,23,POPLATEK MESICNE,950504,1995-05-04,12430,12738,606029,23,1960-10-29,F,Cheb,west Bohemia,87419,21,11,4,3,9,85.5,8624,1.79,2.66,102,2879.0,3198,670,36.34496919917864,False,,0,667,False,True,False,True,False,True,True,88704.0,48.0,1848.0,0.020833333333333332,670.0,36.34496919917864,1.0,8624.0,2.66,3198.0,102.0,0.0,131.0,6.0,8977.9,6272.6,2705.2999999999993,0.6985933688981947,14.6,0.0023272124458046414,16308.299999999997,13789.1,-54.05868814729574,0.0,0.0,1997-03-31,7.461634199134199,12.0,15659.8,14145.2,1514.5999999999985,0.9032233346955456,1629.1999999999998,0.11516873789427548,16900.116666666665,13789.1,-19.141055649457616,0.0,0.0,1997-04-30,7.461634199134199,18.0,23439.8,20417.8,3022.0,0.8710368246817515,1643.7999999999997,0.08050424118949202,17150.28888888889,13789.1,-1.5744047515522497,0.0,0.0,1997-05-31,7.461634199134199
7250,11069,970304,119136.0,48,2482.0,C,1997-03-04,48,37,POPLATEK MESICNE,950602,1995-06-02,13300,13608,635515,37,1963-05-15,F,Litomerice,north Bohemia,114006,71,26,6,2,9,62.3,9065,4.46,5.39,123,4147.0,4166,641,33.804243668720055,False,,0,667,False,True,False,True,False,True,True,119136.0,48.0,2482.0,0.020833333333333332,641.0,33.804243668720055,1.0,9065.0,5.39,4166.0,123.0,0.0,119.0,5.0,1358.0,12494.6,-11136.6,9.193966151582046,10012.6,0.8012900540990429,34503.08,33226.4,1.993632567849723,0.0,0.0,1997-03-31,13.386946011281225,11.0,6589.9,22491.199999999997,-15901.299999999997,3.4124626378795004,17527.199999999997,0.7792568090271293,32670.309090909086,29687.8,-92.57471888541498,0.0,0.0,1997-04-30,11.961240934730055,15.0,11116.199999999999,24987.8,-13871.6,2.2476702766883747,17541.799999999996,0.7019864899474964,32140.25333333333,27323.1,-52.82337430077456,0.0,0.0,1997-05-31,11.008501208702658
6010,4969,970306,150180.0,60,2503.0,C,1997-03-06,60,60,POPLATEK TYDNE,960819,1996-08-19,6001,6001,370501,60,1937-05-01,M,Prostejov,south Moravia,110643,49,41,4,1,4,51.9,8441,3.45,4.48,115,1879.0,2252,199,59.846680355920604,False,,0,665,False,True,False,True,False,True,True,150180.0,60.0,2503.0,0.016666666666666666,199.0,59.846680355920604,0.0,8441.0,4.48,2252.0,115.0,0.0,16.0,8.0,41136.9,42151.8,-1014.9000000000015,1.024646372323332,30730.0,0.7290144426941982,79706.26250000001,53217.3,610.8614620938625,0.0,0.0,1997-04-05,21.26140631242509,16.0,70748.0,98803.6,-28055.600000000006,1.3965370535272583,75960.0,0.7687901170593272,78479.4375,51174.5,-323.3786327151952,0.0,0.0,1997-05-05,20.44526568118258,28.0,239839.4,289146.4,-49307.00000000003,1.2055783762868977,263190.0,0.9102277938518554,83847.2642857143,29923.1,120.11579695087043,0.0,0.0,1997-06-04,11.954894127047542
6088,5317,970307,90180.0,36,2505.0,C,1997-03-07,36,28,POPLATEK MESICNE,961020,1996-10-20,6422,6422,600923,28,1960-09-23,M,Plzen - sever,west Bohemia,72541,66,26,10,0,8,36.9,8594,1.62,2.01,112,1580.0,1525,138,36.4517453798768,False,,0,664,False,True,False,True,False,True,True,90180.0,36.0,2505.0,0.027777777777777776,138.0,36.4517453798768,0.0,8594.0,2.01,1525.0,112.0,0.0,13.0,7.0,15182.9,19550.399999999998,-4367.499999999998,1.2875743386086578,12714.6,0.6503166013687001,40263.985714285714,32059.1,-743.0032061068702,0.0,0.0,1997-03-31,12.798043912175649,13.0,30357.0,34800.799999999996,-4443.799999999996,1.1463469266750115,21129.199999999997,0.6071295162893873,39124.14615384615,31991.6,-225.46258085736213,0.0,0.0,1997-04-30,12.771097804391218,19.0,45528.7,51851.2,-6322.5,1.1388434362624835,31343.799999999996,0.6044835127535572,38395.63684210527,30115.3,-124.95156041489746,0.0,0.0,1997-05-31,12.022075848303393
5682,3455,970307,67464.0,12,5622.0,A,1997-03-07,12,34,POPLATEK MESICNE,960313,1996-03-13,4177,4177,351225,34,1935-12-25,M,Chomutov,north Bohemia,125236,28,11,1,4,5,87.7,9675,6.43,7.68,100,5323.0,5190,359,61.19917864476386,True,0.0,0,664,False,True,False,True,False,True,True,67464.0,12.0,5622.0,0.08333333333333333,359.0,61.19917864476386,0.0,9675.0,7.68,5190.0,100.0,0.0,57.0,6.0,33854.8,32194.1,1660.7000000000044,0.9509183064644757,26571.6,0.8253305627253836,35464.916666666664,27131.3,372.29821083172146,0.0,0.0,1997-04-05,4.825916044112415,12.0,67729.5,62122.2,5607.300000000003,0.9171968315603752,50877.2,0.818972622144384,40641.666666666664,27131.3,387.46401346061396,0.0,0.0,1997-05-06,4.825916044112415,18.0,118422.8,112456.3,5966.5,0.9496089468502108,95588.8,0.8500008447650798,36393.350000000006,14598.6,3.7277988143048493,0.0,0.0,1997-06-05,2.596691568836713
7201,10807,970307,67464.0,12,5622.0,A,1997-03-07,12,34,POPLATEK MESICNE,960313,1996-03-13,12977,13285,351225,34,1935-12-25,M,Chomutov,north Bohemia,125236,28,11,1,4,5,87.7,9675,6.43,7.68,100,5323.0,5190,359,61.19917864476386,True,0.0,0,664,False,True,False,True,False,True,True,67464.0,12.0,5622.0,0.08333333333333333,359.0,61.19917864476386,0.0,9675.0,7.68,5190.0,100.0,0.0,57.0,6.0,33876.1,32194.1,1682.0,0.9503204229405705,26571.6,0.8253305627253836,40661.96666666667,32317.7,373.256092843327,0.0,0.0,1997-04-05,5.74843472073995,12.0,67772.1,62122.2,5649.900000000009,0.9166203110083498,50877.2,0.818972622144384,45851.14166666666,32317.7,388.2532003296477,0.0,0.0,1997-05-06,5.74843472073995,18.0,118486.6,112456.3,6030.300000000003,0.949097627093468,95588.8,0.8500008447650798,41612.86666666667,19827.6,4.473130617708949,0.0,0.0,1997-06-05,3.526787620064034
6938,9504,970310,341280.0,60,5688.0,C,1997-03-10,60,9,POPLATEK MESICNE,960129,1996-01-29,11393,11701,490414,9,1949-04-14,M,Nymburk,central Bohemia,81344,61,23,4,2,6,55.3,8899,3.39,3.97,149,2987.0,2487,406,47.90417522245038,False,,0,661,False,True,False,True,False,True,True,341280.0,60.0,5688.0,0.016666666666666666,406.0,47.90417522245038,0.0,8899.0,3.97,2487.0,149.0,0.0,77.0,6.0,37255.6,39002.6,-1747.0,1.0468641797694904,33314.6,0.854141668974146,44740.36666666667,29379.1,-491.00176100628926,0.0,0.0,1997-04-05,5.165101969057665,11.0,74515.0,72805.20000000001,1709.7999999999884,0.9770411723656666,61429.2,0.8437358356843234,45298.33636363637,29379.1,-42.838253892342834,0.0,0.0,1997-05-05,5.165101969057665,17.0,130328.1,170107.8,-39779.69999999998,1.305217330588487,153043.8,0.8996818506743919,46151.04117647059,28587.4,15.35868363220815,0.0,0.0,1997-06-06,5.025914205344585
6875,9235,970313,83280.0,48,1735.0,C,1997-03-13,48,37,POPLATEK MESICNE,950624,1995-06-24,11063,11371,416104,37,1941-11-04,F,Litomerice,north Bohemia,114006,71,26,6,2,9,62.3,9065,4.46,5.39,123,4147.0,4166,628,55.35386721423682,False,,0,658,False,True,False,True,False,True,True,83280.0,48.0,1735.0,0.020833333333333332,628.0,55.35386721423682,1.0,9065.0,5.39,4166.0,123.0,0.0,139.0,6.0,15935.6,8149.6,7786.0,0.5113763287024836,6414.6,0.7870095453095478,39757.78333333333,34645.9,603.9040545263894,0.0,0.0,1997-04-12,19.968818443804036,12.0,31865.300000000003,23099.199999999997,8766.100000000006,0.7248786335407623,19629.199999999997,0.8497415606791283,40247.76666666667,34645.9,181.7424778761062,0.0,0.0,1997-05-12,19.968818443804036,17.0,55695.5,36413.8,19281.699999999997,0.6537897354411858,32943.799999999996,0.9046816129705503,40590.85294117647,34645.9,102.42413329085834,0.0,0.0,1997-06-09,19.968818443804036
5953,4715,970314,97176.0,24,4049.0,C,1997-03-14,24,8,POPLATEK MESICNE,961028,1996-10-28,5684,5684,555302,8,1955-03-02,F,Mlada Boleslav,central Bohemia,112065,95,19,7,1,8,69.4,11277,1.25,1.44,127,5179.0,4987,137,42.03422313483915,False,,0,657,False,True,False,True,False,True,True,97176.0,24.0,4049.0,0.041666666666666664,137.0,42.03422313483915,1.0,11277.0,1.44,4987.0,127.0,0.0,16.0,7.0,46144.2,50905.6,-4761.4000000000015,1.1031613255549872,46856.6,0.9204425359383656,67171.97142857143,45099.4,344.90073206442196,0.0,0.0,1997-04-12,11.138404544331934,16.0,92208.29999999999,118228.20000000001,-26019.900000000023,1.282172188705478,110130.20000000001,0.931497464247411,54460.337499999994,23921.0,-481.8212544314154,0.0,0.0,1997-05-12,5.907878488515683,23.0,161167.9,160715.8,452.1000000000058,0.9971886635697085,148568.80000000002,0.9244136269512585,54194.54347826087,23921.0,-94.37279354283926,0.0,0.0,1997-06-12,5.907878488515683
5942,4681,970315,162624.0,48,3388.0,C,1997-03-15,48,70,POPLATEK MESICNE,950808,1995-08-08,5642,5642,576104,70,1957-11-04,F,Karvina,north Moravia,285387,0,2,8,5,7,89.9,10177,6.63,7.75,81,9878.0,10108,585,39.35934291581109,False,,0,656,False,True,False,True,False,True,True,162624.0,48.0,3388.0,0.020833333333333332,585.0,39.35934291581109,1.0,10177.0,7.75,10108.0,81.0,0.0,134.0,8.0,20478.1,19733.6,744.5,0.9635970330727425,6814.6,0.3453122941432814,36731.850000000006,28235.9,532.1672839506173,0.0,0.0,1997-04-12,8.334090909090909,15.0,40965.1,40967.2,-2.099999999998545,1.0000268514698738,15129.2,0.36929130398699483,36483.94000000001,27489.3,61.62701019252549,0.0,0.0,1997-05-12,8.113724911452184,23.0,71598.7,66391.79999999999,5206.900000000009,0.9272636617192529,27634.800000000003,0.41623188056536264,36056.960869565235,22534.3,21.328222142246613,0.0,0.0,1997-06-12,6.6512101534828805
5382,2134,970317,22932.0,36,637.0,C,1997-03-17,36,52,POPLATEK MESICNE,960806,1996-08-06,2581,2581,536119,52,1953-11-19,F,Usti nad Orlici,east Bohemia,139012,59,41,8,3,10,61.9,8363,2.52,3.49,108,2564.0,2799,223,43.32375085557837,False,,0,654,False,True,False,True,False,True,True,22932.0,36.0,637.0,0.027777777777777776,223.0,43.32375085557837,1.0,8363.0,3.49,2799.0,108.0,0.0,41.0,10.0,12855.1,17410.6,-4555.499999999998,1.3542676239294964,13014.6,0.7474672057708655,41833.369999999995,33277.6,-82.87095709570953,0.0,0.0,1997-04-12,52.241130298273156,18.0,25681.300000000003,32121.199999999997,-6439.899999999994,1.250713526436495,23329.2,0.7262640790481351,40551.87222222223,31393.3,-83.5820572394127,0.0,0.0,1997-05-12,49.283045525902665,26.0,44823.600000000006,58531.8,-13708.199999999997,1.3057963707428508,45343.8,0.7746733455430118,38440.596153846156,17797.9,-128.26525676163857,0.0,0.0,1997-06-12,27.940188383045527
6377,6792,970317,17184.0,12,1432.0,A,1997-03-17,12,1,POPLATEK MESICNE,960511,1996-05-11,8200,8200,445531,1,1944-05-31,F,Hl.m. Praha,Prague,1204953,0,0,0,1,1,100.0,12541,0.29,0.43,167,85677.0,99107,310,52.79397672826831,True,0.0,0,654,False,True,False,True,False,True,True,17184.0,12.0,1432.0,0.08333333333333333,310.0,52.79397672826831,1.0,12541.0,0.43,99107.0,167.0,0.0,70.0,8.0,11946.0,6438.6,5507.4,0.5389302753829414,1014.6,0.15755636996086714,39330.3,34487.6,-104.46378986866785,0.0,0.0,1997-04-14,24.083519553072623,17.0,23916.4,18257.2,5659.200000000001,0.7633438417219263,7409.200000000001,0.40580122903681637,39511.75294117647,34487.6,-3.492935814659991,0.0,0.0,1997-05-14,24.083519553072623,26.0,41786.2,51895.8,-10109.600000000006,1.241906612551212,35623.8,0.6864353871529651,38711.411538461536,12974.2,-56.26256145859433,0.0,0.0,1997-06-14,9.060195530726258
5931,4618,970317,66696.0,24,2779.0,D,1997-03-17,24,3,POPLATEK MESICNE,960721,1996-07-21,5565,5565,666222,3,1966-12-22,F,Beroun,central Bohemia,75232,55,26,4,1,5,41.7,8980,1.95,2.21,111,2824.0,2813,239,30.234086242299796,False,,1,654,False,True,False,True,False,True,True,66696.0,24.0,2779.0,0.041666666666666664,239.0,30.234086242299796,1.0,8980.0,2.21,2813.0,111.0,0.0,43.0,8.0,52094.8,50139.3,1955.5,0.962444189358835,47360.6,0.944561560261905,35540.799999999996,11651.9,123.53021214337953,0.0,0.0,1997-04-13,4.1928391507736595,12.0,52211.4,55932.600000000006,-3721.2000000000044,1.071251273643809,50375.2,0.900625026817512,27324.833333333332,8830.8,-572.5386780559344,0.0,0.0,1997-05-12,3.1776898164807483,17.0,52238.0,69836.00000000001,-17598.000000000015,1.3368556059648924,61499.9,0.8806205879404898,18459.75882352941,-5045.9,-579.3351975663884,1.0,1.0,1997-06-12,-1.8157250809643755
5992,4863,970318,76080.0,12,6340.0,A,1997-03-18,12,5,POPLATEK MESICNE,960312,1996-03-12,5873,5873,795406,5,1979-04-06,F,Kolin,central Bohemia,95616,65,30,4,1,6,51.4,9307,3.85,4.43,118,2616.0,3040,371,17.949349760438057,True,0.0,0,653,False,True,False,True,False,True,True,76080.0,12.0,6340.0,0.08333333333333333,371.0,17.949349760438057,1.0,9307.0,4.43,3040.0,118.0,0.0,81.0,10.0,38303.6,49415.899999999994,-11112.299999999996,1.2900774319533423,33739.6,0.6827542804182375,58984.24000000001,39770.6,465.92091001304175,0.0,0.0,1997-04-17,6.272965299684542,18.0,76555.2,93229.8,-16674.600000000006,1.2177955541157999,61877.2,0.6636991208913792,54272.37777777778,31883.2,-92.76401511417777,0.0,0.0,1997-05-14,5.028895899053627,25.0,133832.0,117320.7,16511.300000000003,0.8766201161148596,70291.79999999999,0.5991372440051583,60408.7,31883.2,321.4906490337825,0.0,0.0,1997-06-14,5.028895899053627
5790,4033,970320,84288.0,48,1756.0,C,1997-03-20,48,57,POPLATEK MESICNE,961119,1996-11-19,4861,4861,776101,57,1977-11-01,F,Hodonin,south Moravia,161954,21,37,20,3,8,48.0,8720,3.73,4.5,116,3729.0,3651,121,19.381245722108144,False,,0,651,False,True,False,True,False,True,True,84288.0,48.0,1756.0,0.020833333333333332,121.0,19.381245722108144,1.0,8720.0,4.5,3651.0,116.0,0.0,12.0,5.0,12398.4,13064.0,-665.6000000000004,1.0535993677113409,8500.0,0.6505931879066208,43243.7,36715.9,169.78472222222211,0.0,0.0,1997-04-18,20.90882687927107,12.0,24806.0,30336.6,-5530.5999999999985,1.2229048252509371,19714.6,0.6498404620009492,41054.53333333335,31850.9,-91.73100478468898,0.0,0.0,1997-05-18,18.13832574031891,20.0,43326.8,57029.2,-13702.399999999994,1.3162265335419752,40349.2,0.707505847778896,35473.99,15775.1,-269.42685948986986,0.0,0.0,1997-06-17,8.98354214123007
6753,8688,970320,67980.0,12,5665.0,A,1997-03-20,12,66,POPLATEK MESICNE,961122,1996-11-22,10406,10714,465331,66,1946-03-31,F,Zdar nad Sazavou,south Moravia,125832,151,41,2,3,5,48.3,8512,3.51,4.12,102,2247.0,2103,118,50.97056810403833,True,0.0,0,651,False,True,False,True,False,True,True,67980.0,12.0,5665.0,0.08333333333333333,118.0,50.97056810403833,1.0,8512.0,4.12,2103.0,102.0,0.0,14.0,5.0,17848.6,19765.0,-1916.4000000000015,1.1073077267837936,14100.0,0.7133461499544672,47687.340000000004,41605.9,787.4986509274871,0.0,0.0,1997-04-12,7.344377758164166,11.0,35781.0,41544.6,-5763.5999999999985,1.1610474540271645,30214.6,0.7272635369329122,45045.88181818183,37689.5,-3.6439963480670943,0.0,0.0,1997-05-12,6.653045013239188,19.0,62516.5,65644.2,-3127.699999999997,1.0500131963050345,48649.2,0.7410930273652909,44545.33157894736,35242.2,13.367724556434261,0.0,0.0,1997-06-12,6.221041482789055
6562,7674,970321,94488.0,24,3937.0,C,1997-03-21,24,1,POPLATEK MESICNE,960721,1996-07-21,9197,9505,580821,1,1958-08-21,M,Hl.m. Praha,Prague,1204953,0,0,0,1,1,100.0,12541,0.29,0.43,167,85677.0,99107,243,38.58179329226557,False,,0,650,False,True,False,True,False,True,True,94488.0,24.0,3937.0,0.041666666666666664,243.0,38.58179329226557,0.0,12541.0,0.43,99107.0,167.0,0.0,66.0,7.0,6382.4,20311.9,-13929.500000000002,3.1819876554814055,7514.6,0.3699422534448552,62760.5142857143,50700.4,-977.6033011272139,0.0,0.0,1997-04-19,12.877927355854712,22.0,179430.6,173123.8,6306.8000000000175,0.9648456570637501,147529.2,0.8521552082659447,76344.84999999999,50700.4,543.0634840699918,0.0,0.0,1997-05-17,12.877927355854712,34.0,271743.6,258635.7,13107.899999999965,0.9517602189703127,220243.8,0.851556642966756,79970.84705882354,50700.4,286.4946753510061,0.0,0.0,1997-06-18,12.877927355854712
7046,10049,970328,91632.0,12,7636.0,A,1997-03-28,12,17,POPLATEK MESICNE,960328,1996-03-28,12050,12358,430705,17,1943-07-05,M,Pelhrimov,south Bohemia,74062,99,15,4,2,7,61.4,8114,2.38,2.62,119,1003.0,1181,365,53.73032169746749,True,0.0,0,643,False,True,False,True,False,True,True,91632.0,12.0,7636.0,0.08333333333333333,365.0,53.73032169746749,0.0,8114.0,2.62,1181.0,119.0,0.0,70.0,7.0,8786.7,10540.6,-1753.8999999999996,1.1994719892577124,14.6,0.00138498899597784,14194.999999999998,8776.2,-113.97091795288382,0.0,0.0,1997-04-22,1.1493190151911996,14.0,17274.6,21081.2,-3806.600000000002,1.2202875732246639,29.2,0.00138505469068693,13297.171428571426,7023.4,-70.79042040483431,0.0,0.0,1997-05-22,0.9197747511786275,21.0,29821.8,31621.8,-1800.0,1.0603229743686038,43.8,0.0013850765903082585,12814.333333333334,7023.4,-40.06693484164743,0.0,0.0,1997-06-21,0.9197747511786275
5868,4361,970329,90156.0,12,7513.0,A,1997-03-29,12,69,POPLATEK MESICNE,960311,1996-03-11,5253,5253,466007,69,1946-10-07,F,Jesenik,north Moravia,42821,4,13,5,1,3,48.4,8173,7.01,7.01,124,1358.0,1358,383,50.47501711156742,True,0.0,0,642,False,True,False,True,False,True,True,90156.0,12.0,7513.0,0.08333333333333333,383.0,50.47501711156742,1.0,8173.0,7.01,1358.0,124.0,0.0,65.0,7.0,45430.8,55052.299999999996,-9621.499999999993,1.2117569631843772,47539.6,0.8635195347054582,45671.9,23422.2,-386.10648148148147,0.0,0.0,1997-04-14,3.1175562358578466,16.0,92534.5,118368.59999999999,-25834.09999999999,1.2791696159852164,103343.2,0.8730552439139779,46593.225,20389.7,9.44168406402225,0.0,0.0,1997-05-17,2.7139225342739253,22.0,160360.5,161595.9,-1235.3999999999942,1.007697608216436,139057.8,0.8605226956705233,50431.57727272727,20389.7,243.18581828105755,0.0,0.0,1997-06-20,2.7139225342739253
5784,3967,970329,84600.0,36,2350.0,D,1997-03-29,36,54,POPLATEK MESICNE,960922,1996-09-22,4786,4786,380816,54,1938-08-16,M,Brno - mesto,south Moravia,387570,0,0,0,1,1,100.0,9897,1.6,1.96,140,18721.0,18696,188,58.61738535249829,False,,1,642,False,True,False,True,False,True,True,84600.0,36.0,2350.0,0.027777777777777776,188.0,58.61738535249829,0.0,9897.0,1.96,18696.0,140.0,0.0,32.0,7.0,20689.4,29324.6,-8635.199999999997,1.4173046436994934,29324.6,0.9999659001009357,11145.057142857142,-2919.6,-468.6760437375746,1.0,0.0,1997-04-20,-1.2423829787234042,12.0,43908.5,31688.699999999997,12219.800000000003,0.7216820961295392,29339.199999999997,0.9258276348466536,15168.624999999998,-2919.6,315.0431932134116,1.0,0.0,1997-05-20,-1.2423829787234042,19.0,113005.8,111452.79999999999,1553.0000000000146,0.9862486151275851,106753.79999999999,0.9578300605273217,26597.621052631574,-2919.6,574.4206712192766,1.0,0.0,1997-06-19,-1.2423829787234042
5878,4415,970401,74040.0,12,6170.0,A,1997-04-01,12,73,POPLATEK MESICNE,950705,1995-07-05,5322,5322,565313,73,1956-03-13,F,Opava,north Moravia,182027,17,49,12,2,7,56.4,8746,3.33,3.74,90,4355.0,4433,636,41.05133470225873,True,0.0,0,639,False,True,False,True,False,True,True,74040.0,12.0,6170.0,0.08333333333333333,636.0,41.05133470225873,1.0,8746.0,3.74,4433.0,90.0,0.0,190.0,10.0,24497.5,22467.6,2029.9000000000015,0.9171010470028776,7814.6,0.3478009310771477,46821.63,37340.1,-656.3915876777252,0.0,0.0,1997-05-01,6.051880064829821,19.0,49009.8,44435.2,4574.600000000006,0.90664098525223,15129.2,0.3404701572141633,47857.05263157894,37340.1,-147.53371889710817,0.0,0.0,1997-05-31,6.051880064829821,30.0,89765.2,99822.8,-10057.600000000006,1.1120310317246358,55863.799999999996,0.5596240575894726,48728.06999999999,20997.7,-84.06627915495204,0.0,0.0,1997-06-30,3.403192868719611
5110,675,970401,102240.0,60,1704.0,C,1997-04-01,60,58,POPLATEK MESICNE,950803,1995-08-03,810,810,455924,58,1945-09-24,F,Jihlava,south Moravia,109164,98,16,6,1,4,63.6,8757,3.38,3.95,96,2212.0,2471,607,51.51813826146475,False,,0,639,False,True,False,True,False,True,True,102240.0,60.0,1704.0,0.016666666666666666,607.0,51.51813826146475,1.0,8757.0,3.95,2471.0,96.0,0.0,126.0,7.0,11074.2,12876.6,-1802.3999999999996,1.1626516902629298,4814.6,0.37387401379138974,31656.68571428571,26706.4,174.95997498436506,0.0,0.0,1997-04-30,15.672769953051644,13.0,22652.4,20953.199999999997,1699.2000000000044,0.9249472485366433,4829.200000000001,0.2304645369424746,32064.84615384615,24904.1,95.24085152506268,0.0,0.0,1997-05-31,14.615082159624412,19.0,37121.0,30929.8,6191.200000000001,0.8331932546737784,6743.800000000001,0.2180286316551787,33727.221052631576,24904.1,117.97632347600317,0.0,0.0,1997-06-30,14.615082159624412
5210,1252,970401,148140.0,36,4115.0,C,1997-04-01,36,13,POPLATEK TYDNE,950726,1995-07-26,1511,1511,625306,13,1962-03-06,F,Rakovnik,central Bohemia,53921,61,22,1,1,2,41.3,8598,2.77,3.26,123,1597.0,1875,615,35.07186858316222,False,,0,639,False,True,False,True,False,True,True,148140.0,36.0,4115.0,0.027777777777777776,615.0,35.07186858316222,1.0,8598.0,3.26,1875.0,123.0,0.0,118.0,5.0,24828.5,14844.7,9983.8,0.5978654423165992,10730.0,0.7227682089763365,41248.72,36095.6,-585.5550997782706,0.0,0.0,1997-04-30,8.771713244228431,11.0,49681.9,38389.4,11292.5,0.7726883897679081,30160.0,0.7856130699341501,43312.318181818184,36095.6,-86.44628580854446,0.0,0.0,1997-05-31,8.771713244228431,17.0,86873.7,76700.1,10173.599999999991,0.8828818977216613,64356.0,0.8390492444045782,44889.26470588235,36095.6,-1.9738556299743006,0.0,0.0,1997-06-30,8.771713244228431
7230,10954,970402,18720.0,60,312.0,C,1997-04-02,60,25,POPLATEK MESICNE,960729,1996-07-29,13160,13468,601031,25,1960-10-31,M,Klatovy,west Bohemia,88757,60,33,3,2,10,61.7,8554,2.47,2.68,113,1822.0,2218,247,36.41889117043121,False,,0,638,False,True,False,True,False,True,True,18720.0,60.0,312.0,0.016666666666666666,247.0,36.41889117043121,0.0,8554.0,2.68,2218.0,113.0,0.0,42.0,5.0,12968.7,8226.6,4742.1,0.6342937770341642,7914.6,0.9619573144051728,52157.86,48854.1,-368.12065471551045,0.0,0.0,1997-04-30,156.58365384615385,10.0,25954.4,19153.199999999997,6801.200000000004,0.7379273677153886,18529.199999999997,0.9673700807133684,53722.31,48854.1,-62.88252576708918,0.0,0.0,1997-05-31,156.58365384615385,17.0,45329.200000000004,45039.799999999996,289.40000000000873,0.9935936748569385,44103.8,0.9791966394913059,53918.600000000006,44374.3,-57.125316219730614,0.0,0.0,1997-06-30,142.22532051282053
5005,176,970410,27456.0,12,2288.0,A,1997-04-10,12,71,POPLATEK TYDNE,960812,1996-08-12,215,215,670924,71,1967-09-24,M,Novy Jicin,north Moravia,161227,5,35,11,4,10,69.7,8678,5.93,5.57,102,4980.0,4595,241,29.544147843942504,True,0.0,0,630,False,True,False,True,False,True,True,27456.0,12.0,2288.0,0.08333333333333333,241.0,29.544147843942504,0.0,8678.0,5.57,4595.0,102.0,0.0,75.0,8.0,24357.5,30515.3,-6157.799999999999,1.2527577642301455,23530.0,0.7710633333661028,39965.2,29295.6,340.2072979214781,0.0,0.0,1997-05-09,12.804020979020978,18.0,105437.2,85730.6,19706.59999999999,0.8130886149422126,71760.0,0.8370309197542096,50704.649999999994,23137.8,845.8608903146912,0.0,0.0,1997-06-08,10.112674825174825,27.0,118582.0,123845.9,-5263.899999999994,1.0443815724007657,102890.0,0.8307838145322975,51078.48888888889,23137.8,308.19069767441863,0.0,0.0,1997-07-08,10.112674825174825
6871,9225,970413,164256.0,48,3422.0,C,1997-04-13,48,11,POPLATEK MESICNE,960101,1996-01-01,11051,11359,720820,11,1972-08-20,M,Praha - zapad,central Bohemia,75637,35,36,9,0,7,36.5,9622,0.45,0.59,154,3475.0,3529,468,24.646132785763175,False,,0,627,False,True,False,True,False,True,True,164256.0,48.0,3422.0,0.020833333333333332,468.0,24.646132785763175,0.0,9622.0,0.59,3529.0,154.0,0.0,98.0,7.0,22303.1,15336.1,6966.999999999998,0.6875910707000059,11914.6,0.7768482959620789,32581.914285714283,20321.1,205.62003530450139,0.0,0.0,1997-05-12,5.938369374634716,13.0,29717.1,23372.199999999997,6344.9000000000015,0.786463468391317,16529.199999999997,0.7071860079064911,30369.01538461538,20321.1,-86.91697398635908,0.0,0.0,1997-06-12,5.938369374634716,19.0,29925.3,29208.3,717.0,0.9760077256460037,18943.8,0.6485537140568244,29288.052631578943,20321.1,-81.1830067220689,0.0,0.0,1997-07-12,5.938369374634716
5363,2051,970422,293880.0,60,4898.0,D,1997-04-22,60,64,POPLATEK TYDNE,951108,1995-11-08,2489,2489,755128,64,1975-01-28,F,Zlin,south Moravia,197099,29,41,10,2,10,74.7,9624,1.6,2.31,145,4484.0,4265,531,22.23134839151266,False,,1,618,False,True,False,True,False,True,True,293880.0,60.0,4898.0,0.016666666666666666,531.0,22.23134839151266,1.0,9624.0,2.31,4265.0,145.0,1.0,90.0,3.0,900.0,57.7,842.3,0.06403995560488347,57.7,0.9829642248722317,47.5,-262.5,885.0,1.0,1.0,1997-05-01,-0.053593303389138425,8.0,4100.5,5790.8,-1690.3000000000002,1.4118737047421674,5790.8,0.9998273421043544,1292.0375,-1895.1,19.9474358974359,1.0,1.0,1997-06-20,-0.3869130257247856,14.0,41537.6,43545.8,-2008.2000000000044,1.0483213204104136,43545.8,0.9999770362001341,11303.65,-2213.0,361.2037183223285,1.0,1.0,1997-07-08,-0.4518170681910984
7253,11079,970426,98304.0,12,8192.0,A,1997-04-26,12,16,POPLATEK MESICNE,951110,1995-11-10,13312,13620,700726,16,1970-07-26,M,Jindrichuv Hradec,south Bohemia,93931,74,21,10,1,8,56.9,8427,1.12,1.54,107,1874.0,1913,533,26.751540041067763,True,0.0,0,614,False,True,False,True,False,True,True,98304.0,12.0,8192.0,0.08333333333333333,533.0,26.751540041067763,0.0,8427.0,1.54,1913.0,107.0,0.0,113.0,5.0,49381.0,9006.1,40374.9,0.1823761694544571,814.6,0.09043976418603102,62107.119999999995,43762.9,3999.850720461094,0.0,0.0,1997-05-12,5.34215087890625,12.0,123404.1,91612.2,31791.90000000001,0.7423696427457211,75229.2,0.821161142717425,73488.75,43762.9,808.2666426364569,0.0,0.0,1997-06-12,5.34215087890625,17.0,172860.40000000002,112718.3,60142.10000000002,0.6520732795175788,88143.8,0.7819761123427843,77378.62352941177,43762.9,519.760071031164,0.0,0.0,1997-07-12,5.34215087890625
6055,5181,970428,399120.0,60,6652.0,C,1997-04-28,60,75,POPLATEK MESICNE,960203,1996-02-03,6257,6257,425820,75,1942-08-20,F,Prerov,north Moravia,138032,67,30,4,2,5,64.6,8819,5.38,5.66,99,4063.0,4505,450,54.68856947296372,False,,0,612,False,True,False,True,False,True,True,399120.0,60.0,6652.0,0.016666666666666666,450.0,54.68856947296372,1.0,8819.0,5.66,4505.0,99.0,0.0,60.0,5.0,14797.7,6667.1,8130.6,0.45051930237115423,14.6,0.0021895292512109895,24849.920000000002,19412.1,-23.905721393034867,0.0,0.0,1997-05-28,2.9182351172579675,9.0,23306.2,13334.2,9972.0,0.5721064735360747,29.2,0.0021896934429179913,25175.911111111112,19412.1,15.005803987329994,0.0,0.0,1997-06-27,2.9182351172579675,13.0,32018.3,20001.300000000003,12016.999999999996,0.6246638746006316,43.8,0.0021897481789594194,25884.36923076923,19412.1,36.06080256354235,0.0,0.0,1997-07-27,2.9182351172579675
5072,472,970428,196800.0,24,8200.0,D,1997-04-28,24,8,POPLATEK MESICNE,961011,1996-10-11,568,568,605719,8,1960-07-19,F,Mlada Boleslav,central Bohemia,112065,95,19,7,1,8,69.4,11277,1.25,1.44,127,5179.0,4987,199,36.77481177275838,False,,1,612,False,True,False,True,False,True,True,196800.0,24.0,8200.0,0.041666666666666664,199.0,36.77481177275838,1.0,11277.0,1.44,4987.0,127.0,0.0,23.0,5.0,49371.5,45114.8,4256.699999999997,0.9137637348726518,36914.6,0.8182188944892919,51445.58,38322.1,1167.8170648464165,0.0,0.0,1997-05-12,4.673426829268292,14.0,123349.3,164271.6,-40922.3,1.3317486864644836,147871.2,0.9001574212619755,50733.642857142855,-2756.1,-267.42576160702396,1.0,0.0,1997-06-26,-0.33610975609756094,21.0,172649.90000000002,206814.7,-34164.79999999999,1.1978779143346485,190414.30000000002,0.9206955758194373,37967.71904761905,-2756.1,-681.4442849889998,1.0,1.0,1997-07-09,-0.33610975609756094
6913,9377,970429,99936.0,24,4164.0,C,1997-04-29,24,1,POPLATEK MESICNE,950917,1995-09-17,11237,11545,665122,1,1966-01-22,F,Hl.m. Praha,Prague,1204953,0,0,0,1,1,100.0,12541,0.29,0.43,167,85677.0,99107,590,31.266255989048595,False,,0,611,False,True,False,True,False,True,True,99936.0,24.0,4164.0,0.041666666666666664,590.0,31.266255989048595,1.0,12541.0,0.43,99107.0,167.0,0.0,152.0,8.0,635.3,52972.6,-52337.299999999996,83.25098224108126,42067.6,0.7941238654726128,69256.4125,38841.2,-3942.1029017857145,0.0,0.0,1997-05-12,9.327857829010567,16.0,32598.1,64892.2,-32294.1,1.9906132377887733,43082.2,0.6638939056788693,53789.33125,27269.4,-908.7285528702388,0.0,0.0,1997-06-27,6.548847262247839,26.0,62866.299999999996,109975.79999999999,-47109.49999999999,1.749332323799495,77260.79999999999,0.7025190767507329,59994.649999999994,27269.4,-78.73457606548371,0.0,0.0,1997-07-18,6.548847262247839
6386,6856,970430,124344.0,36,3454.0,C,1997-04-30,36,43,POPLATEK MESICNE,950819,1995-08-19,8276,8276,795608,43,1979-06-08,F,Hradec Kralove,east Bohemia,161854,73,21,6,1,6,76.3,9425,1.72,2.5,125,4085.0,3891,620,17.894592744695416,False,,0,610,False,True,False,True,False,True,True,124344.0,36.0,3454.0,0.027777777777777776,620.0,17.894592744695416,1.0,9425.0,2.5,3891.0,125.0,0.0,148.0,10.0,22126.1,44784.6,-22658.5,2.0239706061797524,31014.6,0.6925127719624165,52110.76000000001,31108.4,-1055.567154415562,0.0,0.0,1997-05-27,9.006485234510713,20.0,62636.5,70569.2,-7932.699999999997,1.1266286170425064,43029.2,0.6097361209122264,46267.259999999995,30626.2,-366.01884587864356,0.0,0.0,1997-06-29,8.86687898089172,27.0,62808.7,91253.8,-28445.100000000006,1.4528615802973108,49943.8,0.5473005255613952,46927.27407407408,30626.2,-133.66600424297525,0.0,0.0,1997-07-14,8.86687898089172
5634,3229,970501,39024.0,12,3252.0,A,1997-05-01,12,64,POPLATEK MESICNE,951118,1995-11-18,3906,3906,361223,64,1936-12-23,M,Zlin,south Moravia,197099,29,41,10,2,10,74.7,9624,1.6,2.31,145,4484.0,4265,530,60.35318275154004,True,0.0,0,609,False,True,False,True,False,True,True,39024.0,12.0,3252.0,0.08333333333333333,530.0,60.35318275154004,0.0,9624.0,2.31,4265.0,145.0,0.0,136.0,7.0,62221.5,16505.8,45715.7,0.2652706014705291,14.6,0.0008844839702425667,55396.5,28594.1,2285.734532990574,0.0,0.0,1997-05-31,8.792773677736777,13.0,62479.1,44211.6,18267.5,0.7076109033116144,11229.2,0.2539818965634231,57133.45384615384,28594.1,412.93246732797985,0.0,0.0,1997-06-30,8.792773677736777,21.0,115490.1,87902.8,27587.300000000003,0.7611218526795571,38429.2,0.43717336451893996,57574.04285714285,28594.1,107.36661488580901,0.0,0.0,1997-07-27,8.792773677736777
5758,3859,970502,307200.0,60,5120.0,D,1997-05-02,60,53,POPLATEK MESICNE,960423,1996-04-23,4652,4652,620226,53,1962-02-26,M,Blansko,south Moravia,107911,88,33,6,2,7,50.9,8240,2.53,3.56,99,1850.0,1903,374,35.17864476386037,False,,1,608,False,True,False,True,False,True,True,307200.0,60.0,5120.0,0.016666666666666666,374.0,35.17864476386037,0.0,8240.0,3.56,1903.0,99.0,0.0,68.0,4.0,3938.9,5134.8,-1195.9,1.303281809182974,14.6,0.0028427898282643404,7864.299999999999,4923.5,158.41459854014596,0.0,0.0,1997-05-31,0.96162109375,8.0,8867.1,14149.4,-5282.299999999999,1.5955390669929297,9029.2,0.6380879692446857,5698.75,-152.2,-57.07295455764795,1.0,0.0,1997-06-30,-0.029726562499999998,13.0,38956.9,31784.199999999997,7172.700000000004,0.8158601978032696,21543.8,0.6777934384556334,12436.007692307692,-152.2,219.68902125671576,1.0,0.0,1997-07-31,-0.029726562499999998
6819,9031,970503,50112.0,24,2088.0,C,1997-05-03,24,47,POPLATEK MESICNE,970115,1997-01-15,10815,11123,480129,47,1948-01-29,M,Pardubice,east Bohemia,162580,83,26,5,1,6,72.8,9538,1.51,1.81,111,6079.0,5410,108,49.25941136208077,False,,0,607,False,True,False,True,False,True,True,50112.0,24.0,2088.0,0.041666666666666664,108.0,49.25941136208077,0.0,9538.0,1.81,5410.0,111.0,0.0,16.0,6.0,49285.0,56514.6,-7229.5999999999985,1.146666396136834,56514.6,0.9999823057704421,81275.95,54416.8,737.7966731898239,0.0,0.0,1997-05-31,26.06168582375479,15.0,49653.9,88635.20000000001,-38981.30000000001,1.7850242372857463,81529.20000000001,0.9198183135107326,58893.413333333316,29281.2,-1369.6298838088042,0.0,0.0,1997-06-30,14.023563218390805,24.0,56920.1,102355.79999999999,-45435.69999999999,1.7982048836020386,88143.8,0.8611425914057494,45006.80833333333,15929.5,-989.6367714140904,0.0,0.0,1997-07-31,7.6290708812260535
7088,10233,970503,239160.0,60,3986.0,C,1997-05-03,60,27,POPLATEK MESICNE,960221,1996-02-21,12278,12586,470130,27,1947-01-30,M,Plzen - jih,west Bohemia,67298,71,19,10,0,7,43.8,8561,0.65,1.29,110,1029.0,1127,437,50.25598904859685,False,,0,607,False,True,False,True,False,True,True,239160.0,60.0,3986.0,0.016666666666666666,437.0,50.25598904859685,0.0,8561.0,1.29,1127.0,110.0,0.0,106.0,9.0,24042.8,24555.3,-512.5,1.0212736755421357,14814.6,0.6032912124383559,36747.68888888889,27984.1,-402.11962126034365,0.0,0.0,1997-05-31,7.02059708981435,19.0,60068.5,52810.6,7257.9000000000015,0.879158308292894,33329.2,0.631096198562437,40401.37368421053,27589.4,79.15328199032574,0.0,0.0,1997-06-30,6.92157551430005,29.0,84117.8,85965.9,-1848.0999999999913,1.0219582305025747,56743.8,0.6600656764405836,40551.44482758621,26642.1,4.812383325256545,0.0,0.0,1997-07-31,6.683918715504265
5039,314,970503,66840.0,24,2785.0,C,1997-05-03,24,15,POPLATEK PO OBRATU,960126,1996-01-26,383,383,395517,15,1939-05-17,F,Cesky Krumlov,south Bohemia,58796,22,16,7,1,5,51.9,9045,3.13,3.6,124,1845.0,1879,463,57.96303901437371,False,,0,607,False,True,False,True,False,True,True,66840.0,24.0,2785.0,0.041666666666666664,463.0,57.96303901437371,1.0,9045.0,3.6,1879.0,124.0,0.0,94.0,7.0,36994.9,41520.0,-4525.0999999999985,1.122286523641809,25044.0,0.60316466366417,30305.12857142857,18149.2,-1152.3908400168848,0.0,0.0,1997-05-31,6.516768402154399,13.0,92492.4,80896.0,11596.399999999994,0.8746137562247686,47944.0,0.5926548574112761,38870.39230769231,18149.2,75.66358104653138,0.0,0.0,1997-06-30,6.516768402154399,19.0,129559.7,116572.0,12987.699999999997,0.8997481489371392,67144.0,0.5759824316093778,41877.20526315789,18149.2,102.50935283136276,0.0,0.0,1997-07-31,6.516768402154399
5532,2754,970504,335280.0,48,6985.0,C,1997-05-04,48,57,POPLATEK TYDNE,960126,1996-01-26,3326,3326,526226,57,1952-12-26,F,Hodonin,south Moravia,161954,21,37,20,3,8,48.0,8720,3.73,4.5,116,3729.0,3651,464,44.35318275154004,False,,0,606,False,True,False,True,False,True,True,335280.0,48.0,6985.0,0.020833333333333332,464.0,44.35318275154004,1.0,8720.0,4.5,3651.0,116.0,0.0,97.0,8.0,42068.5,44923.3,-2854.800000000003,1.0678353676654109,34830.0,0.775304234011437,37610.024999999994,26742.9,-655.5431705484599,0.0,0.0,1997-06-02,3.8286184681460274,16.0,105110.6,112213.6,-7103.0,1.0675662819327267,92027.0,0.8200982759819132,38710.325,22603.7,-214.67902097902098,0.0,0.0,1997-06-30,3.236034359341446,23.0,147137.30000000002,159436.90000000002,-12299.600000000006,1.0835853071566004,129157.0,0.8100771522956586,36097.565217391304,17466.5,-226.68588586074915,0.0,0.0,1997-07-31,2.500572655690766
6037,5118,970504,53232.0,48,1109.0,C,1997-05-04,48,72,POPLATEK MESICNE,950805,1995-08-05,6175,6175,640517,72,1964-05-17,M,Olomouc,north Moravia,226122,32,50,7,4,4,62.6,8994,3.8,4.79,110,9672.0,9208,638,32.9637234770705,False,,0,606,False,True,False,True,False,True,True,53232.0,48.0,1109.0,0.020833333333333332,638.0,32.9637234770705,0.0,8994.0,4.79,9208.0,110.0,0.0,150.0,8.0,8566.2,12004.6,-3438.3999999999996,1.401227939116631,7354.6,0.6125974545212235,36885.3,32174.1,-234.2097644426899,0.0,0.0,1997-06-01,29.01181244364292,16.0,21332.2,20089.199999999997,1243.0000000000036,0.9416871355445969,10789.2,0.537037958805786,37499.81875,31728.1,-26.934893897690248,0.0,0.0,1997-06-30,28.609648331830478,23.0,29903.600000000002,27253.8,2649.800000000003,0.9113581188178407,13303.8,0.4881268620573257,38183.33913043478,31728.1,18.246619957273882,0.0,0.0,1997-07-31,28.609648331830478
6322,6510,970506,76992.0,24,3208.0,C,1997-05-06,24,74,POPLATEK MESICNE,961218,1996-12-18,7862,7862,651017,74,1965-10-17,M,Ostrava - mesto,north Moravia,323870,0,0,0,1,1,100.0,10673,4.75,5.44,100,18782.0,18347,139,31.550992470910334,False,,0,604,False,True,False,True,False,True,True,76992.0,24.0,3208.0,0.041666666666666664,139.0,31.550992470910334,0.0,10673.0,5.44,18347.0,100.0,0.0,35.0,5.0,45013.6,37622.4,7391.199999999997,0.8357821684520134,34414.6,0.9147126522323872,74107.78,59592.1,-1565.6174311926607,0.0,0.0,1997-05-31,18.57609102244389,13.0,90846.3,126691.8,-35845.5,1.3945576808556777,120276.20000000001,0.9493530808380587,52299.46923076923,16454.2,-1408.4163989647948,0.0,0.0,1997-06-30,5.129114713216958,20.0,110630.0,149152.19999999998,-38522.19999999998,1.3481953521164953,139528.80000000002,0.9354730572324297,39489.28999999999,7848.3,-987.9371064431622,0.0,0.0,1997-07-31,2.4464775561097256
6887,9263,970508,39576.0,12,3298.0,A,1997-05-08,12,68,POPLATEK MESICNE,960604,1996-06-04,11097,11405,645729,68,1964-07-29,F,Frydek - Mistek,north Moravia,228848,15,40,18,2,6,57.2,9893,4.09,4.72,96,5623.0,5887,338,32.77481177275838,True,0.0,0,602,False,True,False,True,False,True,True,39576.0,12.0,3298.0,0.08333333333333333,338.0,32.77481177275838,1.0,9893.0,4.72,5887.0,96.0,0.0,75.0,8.0,19967.2,19748.899999999998,218.3000000000029,0.9890175378852374,6514.6,0.3298548347080239,19410.475000000002,9404.4,386.42066932035965,0.0,0.0,1997-05-31,2.8515463917525774,16.0,49864.8,43797.799999999996,6067.000000000007,0.8783133931472069,17329.199999999997,0.3956546754705608,21540.94375,9404.4,246.7303428410847,0.0,0.0,1997-06-30,2.8515463917525774,25.0,69869.99999999999,70376.7,-506.70000000001164,1.0072376236206726,30673.799999999996,0.43584544536124364,22010.688,9404.4,94.31893086657604,0.0,0.0,1997-07-31,2.8515463917525774
6660,8094,970509,220428.0,36,6123.0,C,1997-05-09,36,67,POPLATEK MESICNE,961124,1996-11-24,9689,9997,620607,67,1962-06-07,M,Bruntal,north Moravia,106054,38,25,6,2,6,63.1,8110,5.77,6.55,109,3244.0,3079,166,34.92128678986995,False,,0,601,False,True,False,True,False,True,True,220428.0,36.0,6123.0,0.027777777777777776,166.0,34.92128678986995,0.0,8110.0,6.55,3079.0,109.0,0.0,20.0,8.0,46258.4,61202.6,-14944.199999999997,1.3230305624370398,49414.6,0.8073806115980106,63540.5,33544.3,-1995.1202222547156,0.0,0.0,1997-06-07,5.478409276498449,14.0,115538.5,111505.20000000001,4033.2999999999884,0.9650829370042281,87929.20000000001,0.7885588424679525,68276.17142857144,33544.3,-396.1539226838253,0.0,0.0,1997-06-30,5.478409276498449,22.0,161803.5,175053.8,-13250.299999999988,1.0818846200198386,139689.80000000002,0.7979775476022367,66598.78181818183,33544.3,-268.0056282454641,0.0,0.0,1997-07-31,5.478409276498449
5451,2350,970511,159744.0,48,3328.0,C,1997-05-11,48,18,POPLATEK MESICNE,960804,1996-08-04,2841,2841,735410,18,1973-04-10,F,Pisek,south Bohemia,70699,60,13,2,1,4,65.3,8968,2.83,3.35,131,1740.0,1910,280,24.084873374401095,False,,0,599,False,True,False,True,False,True,True,159744.0,48.0,3328.0,0.020833333333333332,280.0,24.084873374401095,1.0,8968.0,3.35,1910.0,131.0,0.0,28.0,7.0,222.3,32540.800000000003,-32318.500000000004,145.7268248992387,23374.6,0.7182946241449458,40465.142857142855,21279.8,-633.828975535168,0.0,0.0,1997-06-10,6.394170673076923,13.0,9020.8,41721.6,-32700.8,4.624531689906671,23389.199999999997,0.5605882663113037,30703.26923076923,12688.7,-590.5998351692531,0.0,0.0,1997-07-07,3.8127103365384616,19.0,15488.5,50902.399999999994,-35413.899999999994,3.286251977145808,23403.799999999996,0.4597688955944003,26496.989473684207,12306.4,-360.80276416022383,0.0,0.0,1997-08-07,3.697836538461538
6014,4999,970518,165168.0,36,4588.0,C,1997-05-18,36,1,POPLATEK MESICNE,960212,1996-02-12,6039,6039,585703,1,1958-07-03,F,Hl.m. Praha,Prague,1204953,0,0,0,1,1,100.0,12541,0.29,0.43,167,85677.0,99107,461,38.874743326488705,False,,0,592,False,True,False,True,False,True,True,165168.0,36.0,4588.0,0.027777777777777776,461.0,38.874743326488705,1.0,12541.0,0.43,99107.0,167.0,0.0,97.0,7.0,41407.3,33358.1,8049.200000000004,0.805589700615577,15414.6,0.46208081153268526,41228.57142857143,25756.2,719.8942434210527,0.0,0.0,1997-06-14,5.6138186573670446,14.0,69086.1,67216.2,1869.9000000000087,0.9729196912303454,31329.2,0.46608903673464536,40212.49285714287,25756.2,-43.18408218282812,0.0,0.0,1997-07-14,5.6138186573670446,22.0,103744.20000000001,93274.3,10469.900000000009,0.8990709931640211,39443.799999999996,0.4228750805411507,37624.886363636375,19429.4,-98.40498934960726,0.0,0.0,1997-08-14,4.234829991281605
5556,2872,970519,268320.0,60,4472.0,C,1997-05-19,60,1,POPLATEK MESICNE,960904,1996-09-04,3471,3471,525929,1,1952-09-29,F,Hl.m. Praha,Prague,1204953,0,0,0,1,1,100.0,12541,0.29,0.43,167,85677.0,99107,257,44.63518138261465,False,,0,591,False,True,False,True,False,True,True,268320.0,60.0,4472.0,0.016666666666666666,257.0,44.63518138261465,1.0,12541.0,0.43,99107.0,167.0,0.0,52.0,7.0,18281.7,12685.6,5596.1,0.6938581281758165,114.6,0.009033153090662589,19510.37142857143,12596.0,868.2142857142857,0.0,0.0,1997-06-12,2.8166368515205726,14.0,30511.9,31171.2,-659.2999999999993,1.021574481612695,6029.2,0.19341592829508342,18513.028571428575,11993.6,-31.89271137026243,0.0,0.0,1997-07-12,2.6819320214669053,20.0,42722.2,43756.8,-1034.6000000000058,1.024192944348738,6043.8,0.13811937528851997,17766.239999999998,11618.3,-45.34002205071666,0.0,0.0,1997-08-12,2.598009838998211
6346,6649,970522,100260.0,60,1671.0,C,1997-05-22,60,1,POPLATEK MESICNE,950708,1995-07-08,8030,8030,670719,1,1967-07-19,M,Hl.m. Praha,Prague,1204953,0,0,0,1,1,100.0,12541,0.29,0.43,167,85677.0,99107,684,29.842573579739906,False,,0,588,False,True,False,True,False,True,True,100260.0,60.0,1671.0,0.016666666666666666,684.0,29.842573579739906,0.0,12541.0,0.43,99107.0,167.0,0.0,62.0,7.0,39502.7,51230.6,-11727.900000000001,1.2968557375638232,49559.6,0.9673638925975374,76555.02857142857,52268.6,-442.2773076923081,0.0,0.0,1997-06-12,31.279832435667263,17.0,182121.0,164116.2,18004.79999999999,0.9011333062452642,160774.2,0.9796304104627669,85819.65882352942,52268.6,474.1187139542592,0.0,0.0,1997-07-16,31.279832435667263,23.0,223141.8,212042.80000000002,11098.99999999997,0.9502560692077003,207029.80000000002,0.9763539419685933,82497.73043478261,52268.6,33.9829098101162,0.0,0.0,1997-08-12,31.279832435667263
5850,4293,970522,164196.0,36,4561.0,C,1997-05-22,36,64,POPLATEK PO OBRATU,960204,1996-02-04,5171,5171,565923,64,1956-09-23,F,Zlin,south Moravia,197099,29,41,10,2,10,74.7,9624,1.6,2.31,145,4484.0,4265,473,40.65982203969884,False,,0,588,False,True,False,True,False,True,True,164196.0,36.0,4561.0,0.027777777777777776,473.0,40.65982203969884,1.0,9624.0,2.31,4265.0,145.0,0.0,49.0,8.0,81266.1,98958.0,-17691.899999999994,1.2176883388234598,89600.0,0.9054254792388767,77100.8875,51371.3,2216.0749282296647,0.0,0.0,1997-06-15,11.26316597237448,17.0,138405.3,146697.0,-8291.700000000012,1.0599011750187672,127981.0,0.872411348484642,69874.95882352942,40649.6,11.092241758751017,0.0,0.0,1997-07-21,8.912431484323612,24.0,166613.5,186755.0,-20141.5,1.1208808357015745,158681.0,0.8496701578530275,66251.72916666667,40649.6,-161.74395521772212,0.0,0.0,1997-08-12,8.912431484323612
5940,4660,970528,106944.0,24,4456.0,C,1997-05-28,24,63,POPLATEK MESICNE,970103,1997-01-03,5618,5618,535322,63,1953-03-22,F,Vyskov,south Moravia,86513,38,36,5,1,5,50.5,8288,3.79,4.52,110,1562.0,1460,145,44.18343600273785,False,,0,582,False,True,False,True,False,True,True,106944.0,24.0,4456.0,0.041666666666666664,145.0,44.18343600273785,1.0,8288.0,4.52,1460.0,110.0,0.0,18.0,12.0,47527.7,80447.6,-32919.90000000001,1.6926109908329074,72958.6,0.9068970746538784,43367.325000000004,16319.7,326.0381590319792,0.0,0.0,1997-06-15,3.662410233393178,21.0,80529.9,110051.2,-29521.300000000003,1.3665710925868209,95073.2,0.8638918622253803,33360.6761904762,58.3,-649.0669582810898,0.0,0.0,1997-07-12,0.013083482944344704,30.0,112092.7,126754.8,-14662.100000000006,1.1307932559992222,104287.8,0.8227457836248914,34552.14333333333,58.3,-72.52952695829094,0.0,0.0,1997-08-22,0.013083482944344704
7119,10361,970602,86880.0,12,7240.0,A,1997-06-02,12,21,POPLATEK MESICNE,960621,1996-06-21,12442,12750,405525,21,1940-05-25,F,Tabor,south Bohemia,103347,87,16,7,1,7,67.0,9104,1.51,2.07,123,2299.0,2354,346,57.021218343600275,True,0.0,0,577,False,True,False,True,False,True,True,86880.0,12.0,7240.0,0.08333333333333333,346.0,57.021218343600275,1.0,9104.0,2.07,2354.0,123.0,0.0,58.0,6.0,65376.0,60073.6,5302.4000000000015,0.9188797283448308,52833.6,0.879466529947765,63634.53333333333,39877.7,-2250.3435301315385,0.0,0.0,1997-06-30,5.507969613259668,11.0,109008.9,100028.20000000001,8980.699999999983,0.9176065660091425,85548.20000000001,0.8552322721765244,61064.26363636363,39877.7,-736.13624497992,0.0,0.0,1997-07-31,5.507969613259668,16.0,152636.9,146882.80000000002,5754.099999999977,0.9622957338904691,125162.80000000002,0.8521212005680681,59955.51875,39877.7,-342.33448322245454,0.0,0.0,1997-08-31,5.507969613259668
5253,1447,970603,100080.0,48,2085.0,C,1997-06-03,48,65,POPLATEK MESICNE,970220,1997-02-20,1755,1755,655818,65,1965-08-18,F,Znojmo,south Moravia,114200,101,41,4,1,4,43.7,8403,5.74,5.72,105,2157.0,2718,103,31.79192334017796,False,,0,576,False,True,False,True,False,True,True,100080.0,48.0,2085.0,0.020833333333333332,103.0,31.79192334017796,1.0,8403.0,5.72,2718.0,105.0,0.0,10.0,3.0,18895.4,12900.0,5995.4000000000015,0.6826697148663237,12900.0,0.9999224866289435,40149.166666666664,35804.7,-596.6087912087911,0.0,0.0,1997-06-30,17.17251798561151,9.0,31550.800000000003,29709.3,1841.5000000000036,0.9416039655423778,19414.6,0.6534636136289435,38057.277777777774,31651.4,-250.45670130562212,0.0,0.0,1997-07-31,15.180527577937651,15.0,44187.600000000006,46818.6,-2630.9999999999927,1.0595176131400406,26229.199999999997,0.5602183700843236,35914.886666666665,27197.6,-190.43995887950362,0.0,0.0,1997-08-31,13.04441247002398
6851,9138,970603,272220.0,60,4537.0,D,1997-06-03,60,26,POPLATEK MESICNE,960718,1996-07-18,10942,11250,465923,26,1946-09-23,F,Plzen - mesto,west Bohemia,170449,0,0,0,1,1,100.0,10787,2.64,3.09,131,6041.0,6261,320,50.69404517453799,False,,1,576,False,True,False,True,False,True,True,272220.0,60.0,4537.0,0.016666666666666666,320.0,50.69404517453799,1.0,10787.0,3.09,6261.0,131.0,1.0,63.0,6.0,6.4,2681.7999999999997,-2675.3999999999996,362.40540540540536,15.799999999999999,0.005889369315640376,-1086.1833333333334,-1095.2,-0.034117647058821914,1.0,1.0,1997-06-30,-0.24139299096319156,11.0,14908.1,2733.0,12175.1,0.18331086383483913,67.0,0.024506217995610827,5673.454545454545,-1095.2,409.5794483931718,1.0,1.0,1997-07-31,-0.24139299096319156,17.0,28502.8,14932.599999999999,13570.2,0.5238810263894639,81.6,0.005464188139497509,8523.241176470588,-1095.2,259.1106207599158,1.0,1.0,1997-08-31,-0.24139299096319156
6695,8320,970604,309660.0,60,5161.0,C,1997-06-04,60,51,POPLATEK MESICNE,970119,1997-01-19,9965,10273,585927,51,1958-09-27,F,Trutnov,east Bohemia,121947,37,28,7,3,11,70.5,8541,2.51,2.97,131,3496.0,3839,136,38.68583162217659,False,,0,575,False,True,False,True,False,True,True,309660.0,60.0,5161.0,0.016666666666666666,136.0,38.68583162217659,1.0,8541.0,2.97,3839.0,131.0,0.0,17.0,8.0,46797.0,54280.799999999996,-7483.799999999996,1.1598957220394033,40014.6,0.7371642060506468,56074.825000000004,36992.3,-2512.5353412784402,0.0,0.0,1997-06-30,7.16766130594846,17.0,77991.2,100218.6,-22227.40000000001,1.284982344388285,71686.20000000001,0.7152912204798264,46029.18235294118,22368.5,-1024.011556212151,0.0,0.0,1997-07-31,4.334140670412711,24.0,109131.40000000001,131299.4,-22167.999999999985,1.2031202465995432,88500.8,0.6740329808591596,42253.175,22368.5,-552.3240204815763,0.0,0.0,1997-08-31,4.334140670412711
6908,9353,970608,188616.0,24,7859.0,C,1997-06-08,24,59,POPLATEK MESICNE,951103,1995-11-03,11208,11516,381109,59,1938-11-09,M,Kromeriz,south Moravia,108871,41,29,7,2,6,62.1,8444,3.24,3.47,106,2595.0,2305,583,58.57905544147844,False,,0,571,False,True,False,True,False,True,True,188616.0,24.0,7859.0,0.041666666666666664,583.0,58.57905544147844,0.0,8444.0,3.47,2305.0,106.0,0.0,63.0,13.0,154638.40000000002,125113.6,29524.800000000017,0.8090667708229596,107014.6,0.855332631043859,88884.20769230771,39113.1,2902.625891341256,0.0,0.0,1997-07-05,4.9768545616490645,22.0,197641.7,172027.2,25614.5,0.8703949096020243,135829.2,0.7895751975548195,79247.75454545456,39113.1,-425.8235568374214,0.0,0.0,1997-08-02,4.9768545616490645,30.0,233876.0,245154.80000000002,-11278.800000000017,1.048221073470243,190857.80000000002,0.7785163557215452,74381.48,39113.1,-440.7969924652183,0.0,0.0,1997-08-31,4.9768545616490645
7255,11096,970609,213300.0,60,3555.0,C,1997-06-09,60,28,POPLATEK MESICNE,961210,1996-12-10,13332,13640,555609,28,1955-06-09,F,Plzen - sever,west Bohemia,72541,66,26,10,0,8,36.9,8594,1.62,2.01,112,1580.0,1525,181,42.001368925393564,False,,0,570,False,True,False,True,False,True,True,213300.0,60.0,3555.0,0.016666666666666666,181.0,42.001368925393564,1.0,8594.0,2.01,1525.0,112.0,0.0,22.0,7.0,24377.7,32670.6,-8292.899999999998,1.340128883000324,22454.6,0.6872819206895285,30048.928571428572,23660.7,107.3223545579478,0.0,0.0,1997-07-08,6.655611814345992,13.0,48713.4,53901.2,-5187.799999999996,1.1064736505016997,33469.2,0.6209245633758919,28466.053846153845,19207.7,1.2316353206013055,0.0,0.0,1997-08-07,5.403009845288326,19.0,73056.6,78831.79999999999,-5775.1999999999825,1.079036267274041,48183.799999999996,0.6112151287281437,28670.28947368421,19207.7,25.735375342383307,0.0,0.0,1997-09-06,5.403009845288326
5674,3418,970610,207264.0,48,4318.0,C,1997-06-10,48,42,POPLATEK PO OBRATU,960902,1996-09-02,4132,4132,621015,42,1962-10-15,M,Havlickuv Brod,east Bohemia,95907,87,25,5,2,7,59.1,8388,2.41,2.94,87,1658.0,1668,281,34.652977412731005,False,,0,569,False,True,False,True,False,True,True,207264.0,48.0,4318.0,0.020833333333333332,281.0,34.652977412731005,0.0,8388.0,2.94,1668.0,87.0,0.0,58.0,5.0,30007.8,9618.0,20389.8,0.3205059849110928,5300.0,0.5509928266971619,49725.780000000006,36663.9,611.4545886075948,0.0,0.0,1997-06-30,8.490944881889764,13.0,83455.8,43907.0,39548.8,0.5261045235379261,35271.0,0.8032932495217272,58206.26923076922,36663.9,489.7615220518926,0.0,0.0,1997-08-01,8.490944881889764,21.0,116037.7,89125.0,26912.699999999997,0.7680627239015949,76171.0,0.8546439871642394,64473.357142857145,36663.9,379.84318633445434,0.0,0.0,1997-09-02,8.490944881889764
6278,6265,970610,87360.0,24,3640.0,C,1997-06-10,24,5,POPLATEK MESICNE,961101,1996-11-01,7567,7567,370315,5,1937-03-15,M,Kolin,central Bohemia,95616,65,30,4,1,6,51.4,9307,3.85,4.43,118,2616.0,3040,221,60.238193018480494,False,,0,569,False,True,False,True,False,True,True,87360.0,24.0,3640.0,0.041666666666666664,221.0,60.238193018480494,0.0,9307.0,4.43,3040.0,118.0,0.0,69.0,10.0,60603.6,47275.1,13328.5,0.7800579493965805,36361.6,0.7691328176393569,48736.759999999995,28705.8,784.3342730790491,0.0,0.0,1997-07-08,7.886208791208791,20.0,147668.7,143403.2,4265.5,0.9711078169726085,121576.20000000001,0.8477868849029526,64155.68500000001,28705.8,606.1192164733868,0.0,0.0,1997-08-07,7.886208791208791,26.0,147895.5,171731.30000000002,-23835.800000000017,1.1611586481086436,138990.80000000002,0.8093457084077952,59670.77692307693,28705.8,-76.63324194828184,0.0,0.0,1997-09-07,7.886208791208791
5486,2516,970613,466608.0,48,9721.0,C,1997-06-13,48,6,POPLATEK MESICNE,951116,1995-11-16,3038,3038,465305,6,1946-03-05,F,Kutna Hora,central Bohemia,77963,60,23,4,2,4,51.5,8546,2.95,4.02,126,2640.0,3120,575,51.27446954140999,False,,0,566,False,True,False,True,False,True,True,466608.0,48.0,9721.0,0.020833333333333332,575.0,51.27446954140999,1.0,8546.0,4.02,3120.0,126.0,0.0,102.0,7.0,31118.3,57175.6,-26057.3,1.837303538318664,47454.6,0.8299654054280947,28124.82857142857,18375.8,1686.1024154589375,0.0,0.0,1997-07-12,1.890319925933546,12.0,53934.899999999994,66911.2,-12976.300000000003,1.2405688975246543,47469.2,0.7094251870361459,34458.78333333334,18375.8,587.7594446036419,0.0,0.0,1997-08-12,1.890319925933546,17.0,74602.9,71965.8,2637.0999999999913,0.9646385778759556,52523.799999999996,0.7298337566766897,38415.682352941185,18375.8,394.32194394817895,0.0,0.0,1997-09-10,1.890319925933546
5174,1093,970613,385104.0,48,8023.0,C,1997-06-13,48,54,POPLATEK MESICNE,960114,1996-01-14,1311,1311,566218,54,1956-12-18,F,Brno - mesto,south Moravia,387570,0,0,0,1,1,100.0,9897,1.6,1.96,140,18721.0,18696,516,40.48459958932238,False,,0,566,False,True,False,True,False,True,True,385104.0,48.0,8023.0,0.020833333333333332,516.0,40.48459958932238,1.0,9897.0,1.96,18696.0,140.0,0.0,102.0,7.0,48348.8,61598.4,-13249.599999999999,1.2740156112331384,43314.6,0.7031659399279863,51867.385714285716,38489.0,500.69525423728817,0.0,0.0,1997-07-12,4.797332668577838,13.0,96662.70000000001,92496.8,4165.900000000009,0.9568928149863909,55929.2,0.6046543809690609,50804.63846153847,26051.3,48.27491911111115,0.0,0.0,1997-08-12,3.2470771531845943,20.0,144981.40000000002,137100.40000000002,7881.0,0.9456347804974948,90271.79999999999,0.6584309131781293,47474.34499999999,21743.6,-100.27021341463411,0.0,0.0,1997-09-07,2.7101582949021563
6621,7957,970614,42900.0,12,3575.0,A,1997-06-14,12,51,POPLATEK MESICNE,950907,1995-09-07,9525,9833,640921,51,1964-09-21,M,Trutnov,east Bohemia,121947,37,28,7,3,11,70.5,8541,2.51,2.97,131,3496.0,3839,646,32.72826830937714,True,0.0,0,565,False,True,False,True,False,True,True,42900.0,12.0,3575.0,0.08333333333333333,646.0,32.72826830937714,0.0,8541.0,2.97,3839.0,131.0,0.0,175.0,13.0,60167.1,98130.6,-37963.50000000001,1.630940647951323,82336.6,0.8390426733080883,71265.15384615386,42906.8,-1914.0904824633626,0.0,0.0,1997-07-12,12.001902097902098,24.0,162643.40000000002,217793.2,-55149.79999999999,1.3390759226877775,186205.2,0.8549594066324998,73035.34999999999,41999.4,-123.88480353652527,0.0,0.0,1997-08-13,11.748083916083916,34.0,241082.7,256901.80000000002,-15819.100000000006,1.0656124823038637,209519.80000000002,0.8155605933450317,71125.98823529413,30299.4,-85.9836696863346,0.0,0.0,1997-09-12,8.475356643356644
6313,6461,970615,150912.0,36,4192.0,C,1997-06-15,36,50,POPLATEK MESICNE,960717,1996-07-17,7796,7796,755927,50,1975-09-27,F,Svitavy,east Bohemia,102609,75,33,2,3,6,52.0,8187,4.83,5.45,94,2123.0,2134,333,21.71663244353183,False,,0,564,False,True,False,True,False,True,True,150912.0,36.0,4192.0,0.027777777777777776,333.0,21.71663244353183,1.0,8187.0,5.45,2134.0,94.0,0.0,67.0,11.0,98611.3,92578.1,6033.199999999997,0.93880885041724,88385.6,0.9547035994085058,68295.89090909091,27973.3,2245.299268407803,0.0,0.0,1997-07-12,6.673020038167938,18.0,142940.8,127985.20000000001,14955.599999999977,0.8953658062232323,119600.20000000001,0.9344773108350745,68110.22222222222,27973.3,399.8159548788058,0.0,0.0,1997-08-12,6.673020038167938,23.0,146269.0,146592.30000000002,-323.30000000001746,1.0022034593559856,134014.80000000002,0.9141945777876616,63057.58695652173,27973.3,-94.34423014306356,0.0,0.0,1997-09-12,6.673020038167938
6435,7045,970616,288720.0,48,6015.0,C,1997-06-16,48,51,POPLATEK MESICNE,961226,1996-12-26,8502,8502,430419,51,1943-04-19,M,Trutnov,east Bohemia,121947,37,28,7,3,11,70.5,8541,2.51,2.97,131,3496.0,3839,172,54.16016427104723,False,,0,563,False,True,False,True,False,True,True,288720.0,48.0,6015.0,0.020833333333333332,172.0,54.16016427104723,0.0,8541.0,2.97,3839.0,131.0,0.0,21.0,9.0,36434.1,59895.9,-23461.800000000003,1.6439065626277958,53880.6,0.8995557366074036,73164.08888888889,50788.4,-41.466229508196285,0.0,0.0,1997-07-12,8.443624272651704,14.0,72806.6,89125.8,-16319.199999999997,1.224127700954296,77095.2,0.8650058119443309,71668.35714285713,50788.4,-6.7322218105470375,0.0,0.0,1997-08-12,8.443624272651704,20.0,109177.90000000001,137493.7,-28315.800000000003,1.2593431514697437,119447.8,0.868744758888888,71214.75,50788.4,2.4348046676813966,0.0,0.0,1997-09-12,8.443624272651704
6970,9677,970617,31620.0,60,527.0,C,1997-06-17,60,8,POPLATEK MESICNE,961013,1996-10-13,11603,11911,391024,8,1939-10-24,M,Mlada Boleslav,central Bohemia,112065,95,19,7,1,8,69.4,11277,1.25,1.44,127,5179.0,4987,247,57.648186173853524,False,,0,562,False,True,False,True,False,True,True,31620.0,60.0,527.0,0.016666666666666666,247.0,57.648186173853524,0.0,11277.0,1.44,4987.0,127.0,0.0,37.0,6.0,13726.2,15885.6,-2159.3999999999996,1.1572352701206363,6414.6,0.4037742499968527,30187.033333333336,23720.6,352.26031128404674,0.0,0.0,1997-07-13,45.01062618595825,12.0,27453.4,27071.2,382.2000000000007,0.9860423101579345,8129.200000000001,0.30027851449087994,30282.83333333334,23720.6,60.86554345270746,0.0,0.0,1997-08-13,45.01062618595825,20.0,47483.600000000006,43056.8,4426.800000000003,0.9067529262118665,14643.800000000001,0.34009633562327846,31051.18499999999,23662.2,74.02257157992416,0.0,0.0,1997-09-13,44.899810246679316
6310,6440,970617,34572.0,12,2881.0,A,1997-06-17,12,1,POPLATEK MESICNE,961101,1996-11-01,7772,7772,766230,1,1976-12-30,F,Hl.m. Praha,Prague,1204953,0,0,0,1,1,100.0,12541,0.29,0.43,167,85677.0,99107,228,20.462696783025326,True,0.0,0,562,False,True,False,True,False,True,True,34572.0,12.0,2881.0,0.08333333333333333,228.0,20.462696783025326,1.0,12541.0,0.43,99107.0,167.0,0.0,40.0,6.0,32867.4,64695.6,-31828.199999999997,1.9683221574521423,61814.6,0.9554536096178161,68764.6,51833.4,-2360.764404223228,0.0,0.0,1997-07-12,17.991461298160363,13.0,103660.70000000001,85792.2,17868.500000000015,0.8276171430721277,80030.20000000001,0.9328268440855454,68407.66153846154,38233.4,13.059362697994413,0.0,0.0,1997-08-12,13.270878167303021,19.0,103994.40000000001,158929.8,-54935.39999999998,1.5282387490215912,150286.8,0.9456115491773778,62958.300000000025,28726.1,-264.67227271373923,0.0,0.0,1997-09-12,9.970878167303018
5932,4626,970618,33348.0,12,2779.0,A,1997-06-18,12,9,POPLATEK MESICNE,960615,1996-06-15,5574,5574,705912,9,1970-09-12,F,Nymburk,central Bohemia,81344,61,23,4,2,6,55.3,8899,3.39,3.97,149,2987.0,2487,368,26.765229295003422,True,0.0,0,561,False,True,False,True,False,True,True,33348.0,12.0,2779.0,0.08333333333333333,368.0,26.765229295003422,1.0,8899.0,3.97,2487.0,149.0,0.0,63.0,4.0,106.1,8893.3,-8787.199999999999,83.03734827264239,6114.6,0.6874740002023769,13522.175,8384.5,-693.0231707317074,0.0,0.0,1997-07-12,3.017092479309104,7.0,154.0,11686.599999999999,-11532.599999999999,75.3974193548387,6129.200000000001,0.5244190424039153,10939.714285714286,5639.1,-240.9670591182365,0.0,0.0,1997-08-12,2.0291831594098597,11.0,13190.5,14479.899999999998,-1289.3999999999978,1.0976689534927793,6143.800000000001,0.42426920978668464,9697.563636363637,2880.3,-92.9858550073447,0.0,0.0,1997-09-15,1.0364519611370997
6877,9241,970619,285240.0,60,4754.0,C,1997-06-19,60,74,POPLATEK MESICNE,960925,1996-09-25,11071,11379,520528,74,1952-05-28,M,Ostrava - mesto,north Moravia,323870,0,0,0,1,1,100.0,10673,4.75,5.44,100,18782.0,18347,267,45.059548254620125,False,,0,560,False,True,False,True,False,True,True,285240.0,60.0,4754.0,0.016666666666666666,267.0,45.059548254620125,0.0,10673.0,5.44,18347.0,100.0,0.0,54.0,7.0,28918.2,21663.3,7254.9000000000015,0.7490974854076184,13314.6,0.6145871318251687,52794.92857142857,43349.2,1121.5217371737176,0.0,0.0,1997-07-12,9.118468657972233,16.0,57871.9,69126.6,-11254.700000000004,1.1944554359639832,52429.2,0.7584409121682222,44941.14375,24839.6,-294.5830505499649,0.0,0.0,1997-08-12,5.224989482541018,24.0,86675.6,102063.90000000001,-15388.300000000003,1.177525422086238,77017.8,0.7545963401717927,41687.75416666667,20706.1,-227.6478938409532,0.0,0.0,1997-09-12,4.355511148506521
6763,8772,970619,88272.0,48,1839.0,C,1997-06-19,48,1,POPLATEK MESICNE,960516,1996-05-16,10505,10813,795513,1,1979-05-13,F,Hl.m. Praha,Prague,1204953,0,0,0,1,1,100.0,12541,0.29,0.43,167,85677.0,99107,399,18.102669404517453,False,,0,560,False,True,False,True,False,True,True,88272.0,48.0,1839.0,0.020833333333333332,399.0,18.102669404517453,1.0,12541.0,0.43,99107.0,167.0,0.0,77.0,6.0,11106.1,9210.9,1895.2000000000007,0.8292803702136471,14.6,0.0015849064796621762,10816.933333333334,7120.8,420.79787234042544,0.0,0.0,1997-07-13,3.8721044045677,12.0,22198.199999999997,18421.8,3776.399999999998,0.8298407149807201,29.2,0.0015849925092819767,11757.483333333335,7120.8,102.22915004602639,0.0,0.0,1997-08-13,3.8721044045677,19.0,33313.8,35132.7,-1818.8999999999942,1.054567339440729,7543.8,0.21471692420667338,12008.447368421052,5264.3,33.901738804302724,0.0,0.0,1997-09-13,2.8625883632408917
7085,10202,970619,305424.0,48,6363.0,C,1997-06-19,48,70,POPLATEK MESICNE,960708,1996-07-08,12239,12547,636013,70,1963-10-13,F,Karvina,north Moravia,285387,0,2,8,5,7,89.9,10177,6.63,7.75,81,9878.0,10108,346,33.68377823408624,False,,0,560,False,True,False,True,False,True,True,305424.0,48.0,6363.0,0.020833333333333332,346.0,33.68377823408624,1.0,10177.0,7.75,10108.0,81.0,0.0,83.0,7.0,48295.0,27438.899999999998,20856.100000000002,0.5681402186516481,14914.6,0.5435369662425884,46581.07142857143,30536.5,-1360.8798753339272,0.0,0.0,1997-07-12,4.799072764419299,14.0,97704.4,66577.8,31126.59999999999,0.6814137192007812,41529.2,0.6237601158326674,50714.10714285715,30536.5,57.04803493449777,0.0,0.0,1997-08-12,4.799072764419299,21.0,97904.2,91416.70000000001,6487.499999999985,0.9337267070594821,53843.799999999996,0.5889865966875123,43894.81904761904,16167.9,-308.6793225971536,0.0,0.0,1997-09-12,2.5409240924092407
7049,10063,970624,233424.0,36,6484.0,C,1997-06-24,36,4,POPLATEK TYDNE,961013,1996-10-13,12068,12376,590217,4,1959-02-17,M,Kladno,central Bohemia,149893,63,29,6,2,6,67.4,9753,4.64,5.05,109,5244.0,5892,254,38.34907597535934,False,,0,555,False,True,False,True,False,True,True,233424.0,36.0,6484.0,0.027777777777777776,254.0,38.34907597535934,0.0,9753.0,5.05,5892.0,109.0,0.0,49.0,10.0,39125.4,57838.7,-18713.299999999996,1.478252535372536,39592.0,0.6845125406943674,54933.240000000005,28535.5,-1624.335377358491,0.0,0.0,1997-07-12,4.400909932140654,19.0,78187.9,93815.4,-15627.5,1.1998557339980482,57322.0,0.6110019143774437,50801.5105263158,28535.5,-302.11923068473897,0.0,0.0,1997-08-12,4.400909932140654,28.0,117237.5,129592.09999999999,-12354.599999999991,1.1053715289772557,74852.0,0.5775924798465351,50342.185714285704,28535.5,-95.26898269939035,0.0,0.0,1997-09-12,4.400909932140654
6959,9633,970630,59448.0,24,2477.0,D,1997-06-30,24,70,POPLATEK MESICNE,960108,1996-01-08,11549,11857,520826,70,1952-08-26,M,Karvina,north Moravia,285387,0,2,8,5,7,89.9,10177,6.63,7.75,81,9878.0,10108,539,44.84325804243669,False,,1,549,False,True,False,True,False,True,True,59448.0,24.0,2477.0,0.041666666666666664,539.0,44.84325804243669,0.0,10177.0,7.75,10108.0,81.0,1.0,120.0,6.0,45746.4,18991.399999999998,26755.000000000004,0.4151361607435613,16514.6,0.8695372885996504,61736.583333333336,38829.9,2341.0955156950677,0.0,0.0,1997-07-12,15.676180863948325,12.0,46398.200000000004,55483.8,-9085.599999999999,1.195792168830497,50530.2,0.9107034719418651,62674.16666666668,38829.9,27.89064956268225,0.0,0.0,1997-08-14,15.676180863948325,22.0,80143.4,87068.2,-6924.800000000003,1.086391563228373,79637.79999999999,0.9146494971815521,53973.7590909091,34241.9,-251.70370570783498,0.0,0.0,1997-09-28,13.823940250302787
5214,1270,970701,74772.0,36,2077.0,C,1997-07-01,36,55,POPLATEK PO OBRATU,960607,1996-06-07,1533,1533,601222,55,1960-12-22,M,Brno - venkov,south Moravia,157042,49,70,18,0,9,33.9,8743,1.88,2.43,111,3659.0,3894,389,36.52292950034223,False,,0,548,False,True,False,True,False,True,True,74772.0,36.0,2077.0,0.027777777777777776,389.0,36.52292950034223,0.0,8743.0,2.43,3894.0,111.0,0.0,71.0,6.0,12600.8,11839.3,761.5,0.9394927708740021,5600.0,0.47296098916412593,29085.099999999995,21438.1,310.7272189349113,0.0,0.0,1997-07-31,10.321665864227251,11.0,25064.8,29478.6,-4413.799999999999,1.1760486399795738,17000.0,0.576669968384917,26846.609090909093,16299.5,-70.65097132284923,0.0,0.0,1997-08-14,7.847616754935002,17.0,37651.5,40917.9,-3266.4000000000015,1.086724653077485,22200.0,0.5425365784515224,25797.252941176474,16299.5,-74.64378709778194,0.0,0.0,1997-09-14,7.847616754935002
6350,6678,970709,294384.0,48,6133.0,C,1997-07-09,48,54,POPLATEK MESICNE,960103,1996-01-03,8064,8064,666129,54,1966-11-29,F,Brno - mesto,south Moravia,387570,0,0,0,1,1,100.0,9897,1.6,1.96,140,18721.0,18696,553,30.60917180013689,False,,0,540,False,True,False,True,False,True,True,294384.0,48.0,6133.0,0.020833333333333332,553.0,30.60917180013689,1.0,9897.0,1.96,18696.0,140.0,0.0,129.0,10.0,131965.1,92847.6,39117.5,0.7035715990697611,86714.6,0.9339354605239066,94615.43999999999,73353.5,-1342.7113435674498,0.0,0.0,1997-08-01,11.96045980759824,19.0,226236.2,178599.2,47637.0,0.7894333911487589,166333.2,0.9313158663876077,84613.0210526316,51486.1,-630.5063532082036,0.0,0.0,1997-09-04,8.394929072232186,26.0,226458.2,232285.80000000002,-5827.600000000006,1.0257291379639246,213886.80000000002,0.9207875781146411,75896.96153846153,41078.6,-708.1476729866331,0.0,0.0,1997-09-30,6.697961845752486
5063,442,970710,357840.0,48,7455.0,D,1997-07-10,48,54,POPLATEK MESICNE,970330,1997-03-30,533,533,415519,54,1941-05-19,F,Brno - mesto,south Moravia,387570,0,0,0,1,1,100.0,9897,1.6,1.96,140,18721.0,18696,102,56.14236824093087,False,,1,539,False,True,False,True,False,True,True,357840.0,48.0,7455.0,0.020833333333333332,102.0,56.14236824093087,1.0,9897.0,1.96,18696.0,140.0,0.0,2.0,2.0,50147.0,0.0,50147.0,0.0,0.0,0.0,38323.5,16400.0,7307.833333333333,0.0,0.0,1997-08-03,2.1998658618376927,5.0,63123.0,20100.0,43023.0,0.31842088587541983,20100.0,0.999950251231282,42018.2,16400.0,341.0089928057554,0.0,0.0,1997-09-01,2.1998658618376927,7.0,63284.4,41500.0,21784.4,0.6557594642682198,41500.0,0.9999759041950796,39099.77142857143,16400.0,-62.12054361054764,0.0,0.0,1997-09-30,2.1998658618376927
5041,319,970711,369000.0,60,6150.0,C,1997-07-11,60,47,POPLATEK TYDNE,951017,1995-10-17,389,389,745630,47,1974-06-30,F,Pardubice,east Bohemia,162580,83,26,5,1,6,72.8,9538,1.51,1.81,111,6079.0,5410,633,23.030800821355236,False,,0,538,False,True,False,True,False,True,True,369000.0,60.0,6150.0,0.016666666666666666,633.0,23.030800821355236,1.0,9538.0,1.81,5410.0,111.0,0.0,171.0,10.0,38961.4,46432.5,-7471.0999999999985,1.1917258690429746,36614.0,0.7885255257518817,58239.36,50142.3,-210.14996541843715,0.0,0.0,1997-08-10,8.153219512195122,17.0,51130.0,57165.0,-6035.0,1.1180106002229566,37944.0,0.6637511807717874,53522.31764705882,42671.2,-261.0456556632664,0.0,0.0,1997-09-06,6.93840650406504,25.0,71470.2,70813.5,656.6999999999971,0.9907976919374518,41774.0,0.5899074342119198,57668.015999999996,42671.2,80.43139930595498,0.0,0.0,1997-10-06,6.93840650406504
5086,525,970716,210384.0,48,4383.0,C,1997-07-16,48,70,POPLATEK MESICNE,960320,1996-03-20,631,631,565322,70,1956-03-22,F,Karvina,north Moravia,285387,0,2,8,5,7,89.9,10177,6.63,7.75,81,9878.0,10108,483,41.31690622861054,False,,0,533,False,True,False,True,False,True,True,210384.0,48.0,4383.0,0.020833333333333332,483.0,41.31690622861054,1.0,10177.0,7.75,10108.0,81.0,0.0,59.0,6.0,2508.7,14851.3,-12342.599999999999,5.917559867713273,4014.6,0.2703015694538893,40910.71666666667,34135.8,-159.2041273968151,0.0,0.0,1997-08-12,7.788227241615332,12.0,4363.4,36202.600000000006,-31839.200000000004,8.29497754559619,14529.2,0.40131920582483505,33078.63333333334,14639.2,-448.7262802082525,0.0,0.0,1997-09-12,3.339995436915355,17.0,13352.9,47053.9,-33701.0,3.5236073356847064,14543.800000000001,0.30908151967170266,28231.652941176468,12777.5,-378.0948411588219,0.0,0.0,1997-10-12,2.9152407027150353
6942,9513,970716,18324.0,12,1527.0,A,1997-07-16,12,59,POPLATEK MESICNE,960512,1996-05-12,11405,11713,515411,59,1951-04-11,F,Kromeriz,south Moravia,108871,41,29,7,2,6,62.1,8444,3.24,3.47,106,2595.0,2305,430,46.26420260095825,True,0.0,0,533,False,True,False,True,False,True,True,18324.0,12.0,1527.0,0.08333333333333333,430.0,46.26420260095825,1.0,8444.0,3.47,2305.0,106.0,0.0,86.0,7.0,20444.4,24500.6,-4056.199999999997,1.198342903538204,14654.6,0.5981078786691482,28541.54285714286,19013.6,48.07733773377332,0.0,0.0,1997-08-14,12.451604453176161,13.0,40895.9,45561.2,-4665.299999999996,1.1140502091845592,25869.2,0.5677776753536924,26654.338461538464,14564.5,-106.22916799489957,0.0,0.0,1997-09-14,9.537982973149967,19.0,61329.8,64521.799999999996,-3191.9999999999927,1.0520293229502957,34983.8,0.5421928372606273,26203.252631578944,14564.5,-46.60055391968589,0.0,0.0,1997-10-14,9.537982973149967
5270,1528,970721,191088.0,48,3981.0,C,1997-07-21,48,50,POPLATEK MESICNE,960608,1996-06-08,1852,1852,620905,50,1962-09-05,M,Svitavy,east Bohemia,102609,75,33,2,3,6,52.0,8187,4.83,5.45,94,2123.0,2134,408,34.874743326488705,False,,0,528,False,True,False,True,False,True,True,191088.0,48.0,3981.0,0.020833333333333332,408.0,34.874743326488705,0.0,8187.0,5.45,2134.0,94.0,0.0,78.0,8.0,18216.0,29955.6,-11739.599999999999,1.6443761321842234,25974.6,0.8670743675851065,24508.999999999996,8578.1,-1080.5290067273445,0.0,0.0,1997-08-14,2.1547601105249936,14.0,36388.1,49151.2,-12763.099999999999,1.3507121638072939,41189.2,0.8379930094685487,22393.68571428571,7554.5,-245.7533665490277,0.0,0.0,1997-09-14,1.897638784225069,20.0,54556.1,64646.799999999996,-10090.699999999997,1.1849383489958227,52703.799999999996,0.8152450663440983,22109.280000000006,7554.5,-90.84909148501161,0.0,0.0,1997-10-14,1.897638784225069
6705,8381,970725,333648.0,48,6951.0,D,1997-07-25,48,14,POPLATEK MESICNE,960917,1996-09-17,10047,10355,765710,14,1976-07-10,F,Ceske Budejovice,south Bohemia,177686,69,27,10,1,9,74.8,10045,1.42,1.71,135,6604.0,6295,311,21.0403832991102,False,,1,524,False,True,False,True,False,True,True,333648.0,48.0,6951.0,0.020833333333333332,311.0,21.0403832991102,1.0,10045.0,1.71,6295.0,135.0,0.0,97.0,9.0,17900.4,75744.4,-57843.99999999999,4.231199794429485,60014.6,0.7923200616803133,56505.911111111105,24807.6,-4384.445486111113,0.0,0.0,1997-08-19,3.5689253344842466,19.0,45251.600000000006,105130.8,-59879.2,2.3231991090014716,73671.2,0.7007508670069379,46198.652631578945,22929.3,-866.8317346542345,0.0,0.0,1997-09-23,3.298705222270177,28.0,63678.0,128175.2,-64497.2,2.0128331160979287,80985.79999999999,0.6318318065288251,41803.0142857143,17145.2,-484.2788061393076,0.0,0.0,1997-10-22,2.466580348151345
7051,10068,970728,77808.0,12,6484.0,A,1997-07-28,12,1,POPLATEK MESICNE,970402,1997-04-02,12074,12382,551129,1,1955-11-29,M,Hl.m. Praha,Prague,1204953,0,0,0,1,1,100.0,12541,0.29,0.43,167,85677.0,99107,117,41.661875427789184,True,0.0,0,521,False,True,False,True,False,True,True,77808.0,12.0,6484.0,0.08333333333333333,117.0,41.661875427789184,0.0,12541.0,0.43,99107.0,167.0,0.0,23.0,5.0,10634.0,28798.3,-18164.3,2.7078796426892335,22314.6,0.7748313327060032,53588.53999999999,39534.1,-1515.6543046357615,0.0,0.0,1997-08-12,6.097177668106107,14.0,55963.9,67796.6,-11832.700000000004,1.2114128677081528,54829.2,0.8087188927041664,55319.028571428564,39534.1,-21.31456692913393,0.0,0.0,1997-09-24,6.097177668106107,23.0,212031.0,171594.90000000002,40436.09999999998,0.8092877490190161,152143.8,0.886640065409488,66303.5347826087,39534.1,479.7844445980666,0.0,0.0,1997-10-19,6.097177668106107
6758,8742,970729,33144.0,12,2762.0,A,1997-07-29,12,70,POPLATEK MESICNE,970128,1997-01-28,10469,10777,805127,70,1980-01-27,F,Karvina,north Moravia,285387,0,2,8,5,7,89.9,10177,6.63,7.75,81,9878.0,10108,182,17.503080082135522,True,0.0,0,520,False,True,False,True,False,True,True,33144.0,12.0,2762.0,0.08333333333333333,182.0,17.503080082135522,1.0,10177.0,7.75,10108.0,81.0,0.0,32.0,9.0,15876.0,17268.6,-1392.5999999999985,1.087648800151162,8114.6,0.46987770417380836,32874.833333333336,25733.5,162.8960600375234,0.0,0.0,1997-08-26,9.316980448950035,19.0,31819.2,35857.2,-4037.9999999999964,1.126869095731642,17549.2,0.48940549163092406,31969.95789473684,24408.0,-20.34884708442265,0.0,0.0,1997-09-26,8.837074583635047,28.0,47741.6,53425.8,-5684.200000000004,1.119038343114954,25963.8,0.4859695882965103,30965.80357142858,21741.8,-46.58638667977811,0.0,0.0,1997-10-25,7.871759594496742
6249,6138,970730,67608.0,24,2817.0,C,1997-07-30,24,54,POPLATEK MESICNE,970122,1997-01-22,7411,7411,635125,54,1963-01-25,F,Brno - mesto,south Moravia,387570,0,0,0,1,1,100.0,9897,1.6,1.96,140,18721.0,18696,189,34.510609171800134,False,,0,519,False,True,False,True,False,True,True,67608.0,24.0,2817.0,0.041666666666666664,189.0,34.510609171800134,1.0,9897.0,1.96,18696.0,140.0,0.0,23.0,6.0,17019.6,21500.9,-4481.300000000003,1.2632280883165108,7814.6,0.36343764969607334,16276.033333333331,6437.7,-111.4158940397351,0.0,0.0,1997-08-20,2.285303514376997,11.0,33991.899999999994,35201.8,-1209.9000000000087,1.0355633088086045,7829.200000000001,0.2224027634165464,14540.40909090909,1909.0,-117.72885399264949,0.0,0.0,1997-09-12,0.6776712815051473,16.0,50957.7,48902.700000000004,2054.9999999999927,0.9596536018383516,7843.800000000001,0.1603927719170533,14909.83125,1909.0,-12.062932726956443,0.0,0.0,1997-10-12,0.6776712815051473
5808,4099,970731,41856.0,48,872.0,C,1997-07-31,48,54,POPLATEK MESICNE,960526,1996-05-26,4937,4937,606109,54,1960-11-09,F,Brno - mesto,south Moravia,387570,0,0,0,1,1,100.0,9897,1.6,1.96,140,18721.0,18696,431,36.72279260780287,False,,0,518,False,True,False,True,False,True,True,41856.0,48.0,872.0,0.020833333333333332,431.0,36.72279260780287,1.0,9897.0,1.96,18696.0,140.0,0.0,103.0,8.0,18320.3,19213.6,-893.2999999999993,1.048702875887628,14714.6,0.7658030872357479,47123.25,36175.8,507.89419555901827,0.0,0.0,1997-08-19,41.48600917431193,16.0,36632.1,41627.2,-4995.0999999999985,1.1363275289287555,32629.2,0.7838244267107394,46472.350000000006,32074.0,33.915811117213714,0.0,0.0,1997-09-18,36.78211009174312,25.0,54931.5,64420.799999999996,-9489.299999999996,1.1727265280116506,50923.8,0.790474652990137,44705.136000000006,27579.8,-60.04028888623613,0.0,0.0,1997-10-18,31.62821100917431
5377,2116,970804,92400.0,12,7700.0,A,1997-08-04,12,70,POPLATEK MESICNE,960502,1996-05-02,2560,2560,745620,70,1974-06-20,F,Karvina,north Moravia,285387,0,2,8,5,7,89.9,10177,6.63,7.75,81,9878.0,10108,459,23.123887748117728,True,0.0,0,514,False,True,False,True,False,True,True,92400.0,12.0,7700.0,0.08333333333333333,459.0,23.123887748117728,1.0,10177.0,7.75,10108.0,81.0,0.0,104.0,7.0,46829.5,12428.4,34401.1,0.2653911446599972,14.6,0.0011746343347225129,57244.17142857142,34075.2,1638.4831261101244,0.0,0.0,1997-08-31,4.425350649350649,13.0,47117.1,41056.799999999996,6060.300000000003,0.8713594138982683,16229.2,0.3952769023181954,60179.50769230769,34075.2,253.99936359454074,0.0,0.0,1997-09-30,4.425350649350649,19.0,49904.6,53485.2,-3580.5999999999985,1.0717274213715495,16243.800000000001,0.30370076767465254,55269.10526315789,34075.2,-154.14113812571753,0.0,0.0,1997-10-31,4.425350649350649
5446,2334,970804,48312.0,24,2013.0,C,1997-08-04,24,50,POPLATEK MESICNE,960319,1996-03-19,2822,2822,581019,50,1958-10-19,M,Svitavy,east Bohemia,102609,75,33,2,3,6,52.0,8187,4.83,5.45,94,2123.0,2134,503,38.79260780287474,False,,0,514,False,True,False,True,False,True,True,48312.0,24.0,2013.0,0.041666666666666664,503.0,38.79260780287474,0.0,8187.0,5.45,2134.0,94.0,0.0,94.0,7.0,16332.0,22330.6,-5998.5999999999985,1.3672074940304904,9610.6,0.43035877411381185,38750.41428571429,32957.1,-323.16299595141686,0.0,0.0,1997-08-31,16.372131147540983,14.0,28554.1,42265.2,-13711.099999999999,1.4801278930909014,16825.2,0.39807695037642377,37185.12857142858,27470.9,-161.06279111799634,0.0,0.0,1997-10-02,13.646746150024839,20.0,43359.5,54999.799999999996,-11640.299999999996,1.268430945215115,16839.8,0.30617372838213264,35447.57000000001,27470.9,-142.36136142956914,0.0,0.0,1997-10-31,13.646746150024839
5856,4320,970809,51360.0,12,4280.0,B,1997-08-09,12,61,POPLATEK MESICNE,960723,1996-07-23,5203,5203,455908,61,1945-09-08,F,Trebic,south Moravia,117897,139,28,5,1,6,53.8,8814,4.76,5.74,107,2112.0,2059,382,51.917864476386036,True,1.0,1,509,False,True,False,True,False,True,True,51360.0,12.0,4280.0,0.08333333333333333,382.0,51.917864476386036,1.0,8814.0,5.74,2059.0,107.0,1.0,87.0,6.0,6404.2,39894.6,-33490.4,6.228470617623181,35614.6,0.8926949337771584,41766.666666666664,30903.7,-1127.6601063829787,0.0,0.0,1997-08-31,7.220490654205608,11.0,31929.6,50689.2,-18759.6,1.5874803480047353,42129.2,0.8311113390754031,34918.83636363636,20259.3,-385.91930271398746,0.0,0.0,1997-10-07,4.733481308411215,16.0,32006.1,86183.8,-54177.700000000004,2.69264631909795,73343.79999999999,0.8510062099117244,29912.225000000002,10290.0,-382.15721929604547,0.0,0.0,1997-10-31,2.4042056074766354
4986,97,970810,102876.0,12,8573.0,A,1997-08-10,12,74,POPLATEK MESICNE,960505,1996-05-05,116,116,420128,74,1942-01-28,M,Ostrava - mesto,north Moravia,323870,0,0,0,1,1,100.0,10673,4.75,5.44,100,18782.0,18347,462,55.53182751540041,True,0.0,0,508,False,True,False,True,False,True,True,102876.0,12.0,8573.0,0.08333333333333333,462.0,55.53182751540041,0.0,10673.0,5.44,18347.0,100.0,0.0,118.0,10.0,18101.8,18932.6,-830.7999999999993,1.0458382128731467,6494.6,0.34301981662230113,40314.340000000004,30507.3,-30.248296593186456,0.0,0.0,1997-09-07,3.5585326023562347,19.0,36207.200000000004,34485.2,1722.0000000000073,0.9524140940449951,9609.2,0.27863899182861557,40788.405263157896,29676.5,36.92203561653094,0.0,0.0,1997-10-07,3.461623702321241,28.0,54318.9,50037.799999999996,4281.100000000006,0.9211688534036329,12723.800000000001,0.2542786797445183,41779.15714285714,29676.5,60.16271064998561,0.0,0.0,1997-11-07,3.461623702321241
7001,9859,970810,300600.0,60,5010.0,C,1997-08-10,60,27,POPLATEK MESICNE,960708,1996-07-08,11825,12133,645626,27,1964-06-26,F,Plzen - jih,west Bohemia,67298,71,19,10,0,7,43.8,8561,0.65,1.29,110,1029.0,1127,398,33.12251882272416,False,,0,508,False,True,False,True,False,True,True,300600.0,60.0,5010.0,0.016666666666666666,398.0,33.12251882272416,1.0,8561.0,1.29,1127.0,110.0,0.0,95.0,9.0,30336.0,31863.1,-1527.0999999999985,1.0503049081979101,23603.6,0.7407584083655273,57253.38888888889,42335.9,-610.39509529148,0.0,0.0,1997-09-08,8.450279441117765,21.0,60636.3,76762.2,-16125.899999999994,1.2659237795878113,60243.2,0.784792713175063,49016.90952380952,27737.1,-625.469067196379,0.0,0.0,1997-10-08,5.536347305389222,30.0,90875.6,106827.29999999999,-15951.699999999983,1.17552043100204,82048.8,0.768043673820514,46670.29666666665,27737.1,-335.71277034468204,0.0,0.0,1997-11-08,5.536347305389222
6677,8169,970812,97980.0,60,1633.0,C,1997-08-12,60,29,POPLATEK MESICNE,951128,1995-11-28,9782,10090,805314,29,1980-03-14,F,Rokycany,west Bohemia,45714,52,10,5,1,6,55.6,8843,2.82,3.6,113,818.0,888,623,17.412731006160165,False,,0,506,False,True,False,True,False,True,True,97980.0,60.0,1633.0,0.016666666666666666,623.0,17.412731006160165,1.0,8843.0,3.6,888.0,113.0,0.0,137.0,8.0,11087.6,17990.6,-6902.999999999998,1.6224410655989032,10634.6,0.5910869516885658,15186.275000000001,9135.7,-326.06294793779585,0.0,0.0,1997-09-08,5.594427434170239,15.0,22158.199999999997,28761.199999999997,-6603.0,1.2979349434997653,14049.2,0.4884605489148953,14264.913333333336,7502.7,-102.77464416375142,0.0,0.0,1997-10-08,4.594427434170239,22.0,33537.1,36131.799999999996,-2594.699999999997,1.077335925410205,14063.800000000001,0.389225302218483,14867.745454545455,7502.7,-2.229202933276873,0.0,0.0,1997-11-08,4.594427434170239
6665,8114,970815,99300.0,60,1655.0,C,1997-08-15,60,59,POPLATEK MESICNE,951014,1995-10-14,9715,10023,735320,59,1973-03-20,F,Kromeriz,south Moravia,108871,41,29,7,2,6,62.1,8444,3.24,3.47,106,2595.0,2305,671,24.40520191649555,False,,0,503,False,True,False,True,False,True,True,99300.0,60.0,1655.0,0.016666666666666666,671.0,24.40520191649555,1.0,8444.0,3.47,2305.0,106.0,0.0,144.0,8.0,18775.4,17521.6,1253.800000000003,0.9331714279627616,9414.6,0.537283279878557,33344.55,22918.2,253.12603924176898,0.0,0.0,1997-09-12,13.84785498489426,16.0,37555.8,35763.2,1792.6000000000058,0.9522430025987303,19549.2,0.5466136527589042,33763.6375,22918.2,62.37586127698669,0.0,0.0,1997-10-12,13.84785498489426,24.0,56337.8,54564.8,1773.0,0.96851193138654,30243.800000000003,0.5542629265950467,33546.73333333334,22918.2,13.53486460906303,0.0,0.0,1997-11-12,13.84785498489426
5817,4127,970815,100800.0,24,4200.0,D,1997-08-15,24,50,POPLATEK MESICNE,960503,1996-05-03,4968,4968,380526,50,1938-05-26,M,Svitavy,east Bohemia,102609,75,33,2,3,6,52.0,8187,4.83,5.45,94,2123.0,2134,469,59.22245037645448,False,,1,503,False,True,False,True,False,True,True,100800.0,24.0,4200.0,0.041666666666666664,469.0,59.22245037645448,0.0,8187.0,5.45,2134.0,94.0,1.0,64.0,4.0,0.0,320.0,-320.0,320.0,30.0,0.09345794392523364,-1687.4,-1891.5,-17.049340866290024,1.0,1.0,1997-09-12,-0.45035714285714284,8.0,0.0,643.4,-643.4,643.4,63.400000000000006,0.09838609559279951,-1848.6375,-2214.8,-11.568179617526026,1.0,1.0,1997-10-12,-0.5273333333333334,12.0,0.0,970.2,-970.2,970.2,100.2,0.10317133443163097,-2011.0249999999996,-2541.6,-10.96237578514417,1.0,1.0,1997-11-12,-0.6051428571428571
6984,9730,970815,116040.0,60,1934.0,C,1997-08-15,60,54,POPLATEK MESICNE,970101,1997-01-01,11668,11976,396027,54,1939-10-27,F,Brno - mesto,south Moravia,387570,0,0,0,1,1,100.0,9897,1.6,1.96,140,18721.0,18696,226,57.80150581793292,False,,0,503,False,True,False,True,False,True,True,116040.0,60.0,1934.0,0.016666666666666666,226.0,57.80150581793292,1.0,9897.0,1.96,18696.0,140.0,0.0,39.0,9.0,10814.3,17150.6,-6336.299999999999,1.585772008173606,10194.6,0.5943818652487233,28031.566666666666,25264.7,91.74642207398419,0.0,0.0,1997-09-14,13.063443640124095,16.0,21617.4,24521.199999999997,-2903.7999999999956,1.134274506901528,10609.2,0.43263654973860427,28626.362500000003,25264.7,67.61605517793882,0.0,0.0,1997-10-14,13.063443640124095,22.0,32426.800000000003,39033.8,-6607.0,1.203714097163545,18423.800000000003,0.4719839732751289,27742.054545454543,21860.8,-15.517237473347569,0.0,0.0,1997-11-12,11.303412616339193
6541,7565,970817,153504.0,48,3198.0,C,1997-08-17,48,59,POPLATEK MESICNE,960402,1996-04-02,9062,9370,751220,59,1975-12-20,M,Kromeriz,south Moravia,108871,41,29,7,2,6,62.1,8444,3.24,3.47,106,2595.0,2305,502,21.659137577002053,False,,0,501,False,True,False,True,False,True,True,153504.0,48.0,3198.0,0.020833333333333332,502.0,21.659137577002053,0.0,8444.0,3.47,2305.0,106.0,0.0,111.0,8.0,19286.7,26389.4,-7102.700000000001,1.3681983854995672,16314.6,0.6182020734812659,23673.4125,18990.2,613.1153792864566,0.0,0.0,1997-09-12,5.938148843026892,15.0,38582.3,40478.8,-1896.5,1.0491274722483561,20329.199999999997,0.5022060385673841,23285.499999999996,16396.3,114.06435703636932,0.0,0.0,1997-10-12,5.127048155096936,22.0,57869.600000000006,58568.2,-698.5999999999913,1.0120544801678226,28343.799999999996,0.48393694979613855,23369.09090909091,16396.3,54.37720711912045,0.0,0.0,1997-11-12,5.127048155096936
5117,718,970820,76944.0,12,6412.0,A,1997-08-20,12,1,POPLATEK MESICNE,960303,1996-03-03,861,861,565913,1,1956-09-13,F,Hl.m. Praha,Prague,1204953,0,0,0,1,1,100.0,12541,0.29,0.43,167,85677.0,99107,535,40.93360711841205,True,0.0,0,498,False,True,False,True,False,True,True,76944.0,12.0,6412.0,0.08333333333333333,535.0,40.93360711841205,1.0,12541.0,0.43,99107.0,167.0,0.0,110.0,10.0,59871.4,27508.6,32362.800000000003,0.45945377168778934,7207.6,0.2620030825602699,87178.78,57356.4,951.7227317554244,0.0,0.0,1997-09-12,8.945165315034311,19.0,60226.200000000004,97790.2,-37563.99999999999,1.623688300302853,57188.2,0.5847990412225231,68683.9894736842,21692.4,-1256.075020850709,0.0,0.0,1997-10-12,3.3830941983780414,28.0,101110.20000000001,137632.8,-36522.59999999998,1.3612023198221361,76729.8,0.5574924182867872,56310.52857142858,21565.4,-924.8110869662313,0.0,0.0,1997-11-12,3.363287585776669
6097,5362,970821,202848.0,48,4226.0,C,1997-08-21,48,76,POPLATEK TYDNE,960906,1996-09-06,6473,6473,405930,76,1940-09-30,F,Sumperk,north Moravia,127369,31,32,13,2,7,51.2,8369,4.73,5.88,107,3736.0,2807,349,56.889801505817935,False,,0,497,False,True,False,True,False,True,True,202848.0,48.0,4226.0,0.020833333333333332,349.0,56.889801505817935,1.0,8369.0,5.88,2807.0,107.0,0.0,74.0,8.0,27787.1,22631.3,5155.799999999999,0.8144241599821507,4030.0,0.17806409423699757,34726.674999999996,24239.1,871.081099005211,0.0,0.0,1997-09-12,5.73570752484619,15.0,53300.1,46462.600000000006,6837.499999999993,0.8717005840404796,9260.0,0.1992957928356821,36839.78,24239.1,208.42401821564988,0.0,0.0,1997-10-12,5.73570752484619,22.0,78825.7,70493.90000000001,8331.799999999988,0.8942896252158217,14690.0,0.2083838689039916,38101.81818181818,24239.1,122.75429406807561,0.0,0.0,1997-11-12,5.73570752484619
5389,2165,970822,78600.0,24,3275.0,C,1997-08-22,24,51,POPLATEK MESICNE,970408,1997-04-08,2621,2621,560509,51,1956-05-09,M,Trutnov,east Bohemia,121947,37,28,7,3,11,70.5,8541,2.51,2.97,131,3496.0,3839,136,41.28678986995209,False,,0,496,False,True,False,True,False,True,True,78600.0,24.0,3275.0,0.041666666666666664,136.0,41.28678986995209,0.0,8541.0,2.97,3839.0,131.0,0.0,14.0,6.0,19926.3,34882.4,-14956.100000000002,1.7504830057258134,19114.6,0.547956907870219,50527.23333333333,32453.6,-1961.3315844700946,0.0,0.0,1997-09-13,9.909496183206107,14.0,43780.899999999994,86329.79999999999,-42548.899999999994,1.9718148367247652,54794.2,0.6347004776974151,36808.38571428571,16260.8,-777.6075682765007,0.0,0.0,1997-10-18,4.965129770992366,20.0,66738.0,102112.2,-35374.2,1.530022925126238,54808.799999999996,0.5367454942162228,32568.610000000004,12035.5,-466.55722672820445,0.0,0.0,1997-11-13,3.6749618320610686
7219,10905,970823,57120.0,48,1190.0,C,1997-08-23,48,32,POPLATEK MESICNE,961121,1996-11-21,13097,13405,580813,32,1958-08-13,M,Ceska Lipa,north Bohemia,105058,32,19,7,2,10,81.0,9272,2.8,3.22,118,4340.0,4505,275,39.0280629705681,False,,0,495,False,True,False,True,False,True,True,57120.0,48.0,1190.0,0.020833333333333332,275.0,39.0280629705681,0.0,9272.0,3.22,4505.0,118.0,0.0,49.0,7.0,9337.0,11425.6,-2088.6000000000004,1.223559648747055,5614.6,0.4913622599898483,46362.2142857143,40673.7,-19.193411264612287,0.0,0.0,1997-09-17,34.17957983193277,14.0,18670.1,19851.2,-1181.1000000000022,1.0632046317571007,8229.2,0.4145233273894077,45530.24999999999,40673.7,-42.73771984194625,0.0,0.0,1997-10-17,34.17957983193277,21.0,28200.0,25676.8,2523.2000000000007,0.9104925357256834,8243.800000000001,0.3210477533121997,45687.695238095235,40673.7,-0.5772946358083447,0.0,0.0,1997-11-16,34.17957983193277
6338,6592,970824,390660.0,60,6511.0,C,1997-08-24,60,1,POPLATEK MESICNE,961020,1996-10-20,7959,7959,785629,1,1978-06-29,F,Hl.m. Praha,Prague,1204953,0,0,0,1,1,100.0,12541,0.29,0.43,167,85677.0,99107,308,19.15400410677618,False,,0,494,False,True,False,True,False,True,True,390660.0,60.0,6511.0,0.016666666666666666,308.0,19.15400410677618,1.0,12541.0,0.43,99107.0,167.0,0.0,81.0,8.0,31906.2,31582.3,323.90000000000146,0.9898173453013739,14316.6,0.45329652062957326,50651.7875,34926.4,-678.7491738594327,0.0,0.0,1997-09-17,5.364214406389188,17.0,106364.9,101736.59999999999,4628.300000000003,0.9564775929127662,67205.2,0.660573868461611,74130.27647058823,34926.4,1051.3919256323584,0.0,0.0,1997-10-15,5.364214406389188,28.0,184105.1,165473.9,18631.20000000001,0.898796400553811,113676.8,0.6869730696317086,77107.16428571427,34926.4,375.41525052119795,0.0,0.0,1997-11-16,5.364214406389188
6922,9424,970826,83628.0,36,2323.0,C,1997-08-26,36,54,POPLATEK MESICNE,961230,1996-12-30,11290,11598,775923,54,1977-09-23,F,Brno - mesto,south Moravia,387570,0,0,0,1,1,100.0,9897,1.6,1.96,140,18721.0,18696,239,19.923340177960302,False,,0,492,False,True,False,True,False,True,True,83628.0,36.0,2323.0,0.027777777777777776,239.0,19.923340177960302,1.0,9897.0,1.96,18696.0,140.0,0.0,34.0,5.0,14050.0,11737.3,2312.7000000000007,0.8353355633051028,9414.6,0.8020411814317235,27020.380000000005,21828.0,974.9052401746726,0.0,0.0,1997-09-12,9.396470081790788,11.0,28101.3,36407.59999999999,-8306.299999999992,1.295538087629838,31762.199999999997,0.8723817999044183,26625.827272727274,21828.0,58.067250944287046,0.0,0.0,1997-10-12,9.396470081790788,17.0,42132.2,56960.9,-14828.700000000004,1.3519243731783963,49992.8,0.8776533086150567,24863.788235294116,16399.5,-59.846274548659274,0.0,0.0,1997-11-12,7.059621179509255
5367,2064,970826,83628.0,36,2323.0,C,1997-08-26,36,54,POPLATEK MESICNE,961230,1996-12-30,2503,2503,775923,54,1977-09-23,F,Brno - mesto,south Moravia,387570,0,0,0,1,1,100.0,9897,1.6,1.96,140,18721.0,18696,239,19.923340177960302,False,,0,492,False,True,False,True,False,True,True,83628.0,36.0,2323.0,0.027777777777777776,239.0,19.923340177960302,1.0,9897.0,1.96,18696.0,140.0,0.0,34.0,5.0,14054.6,11737.3,2317.300000000001,0.83506218162156,9414.6,0.8020411814317235,27610.7,22414.7,975.0917030567686,0.0,0.0,1997-09-12,9.649031424881619,11.0,28108.4,36407.59999999999,-8299.19999999999,1.2952108547318686,31762.199999999997,0.8723817999044183,27217.818181818177,22414.7,58.17016347969785,0.0,0.0,1997-10-12,9.649031424881619,17.0,42141.8,56960.9,-14819.099999999999,1.351616408971402,49992.8,0.8776533086150567,25457.147058823528,16995.7,-59.7557800815594,0.0,0.0,1997-11-12,7.3162720619888075
5638,3249,970827,68124.0,12,5677.0,A,1997-08-27,12,74,POPLATEK MESICNE,961011,1996-10-11,3929,3929,571101,74,1957-11-01,M,Ostrava - mesto,north Moravia,323870,0,0,0,1,1,100.0,10673,4.75,5.44,100,18782.0,18347,320,39.81930184804928,True,0.0,0,491,False,True,False,True,False,True,True,68124.0,12.0,5677.0,0.08333333333333333,320.0,39.81930184804928,0.0,10673.0,5.44,18347.0,100.0,0.0,51.0,6.0,20732.7,17888.6,2844.100000000002,0.862778954069944,4014.6,0.2244097129058224,25005.600000000002,16487.0,489.81806588735395,0.0,0.0,1997-09-13,2.9041747401796725,12.0,41489.100000000006,35677.2,5811.900000000009,0.8598966982484977,7929.2,0.222242153471868,26464.499999999996,16487.0,138.5327729233492,0.0,0.0,1997-10-13,2.9041747401796725,18.0,69954.1,49565.799999999996,20388.30000000001,0.708537333232316,7943.8,0.16026453190441992,29156.155555555557,16487.0,183.82226168762594,0.0,0.0,1997-11-13,2.9041747401796725
5830,4190,970828,405780.0,60,6763.0,C,1997-08-28,60,62,POPLATEK MESICNE,951004,1995-10-04,5050,5050,510119,62,1951-01-19,M,Uherske Hradiste,south Moravia,145688,22,41,13,2,5,40.7,8544,1.29,1.86,109,2719.0,2906,694,46.60643394934976,False,,0,490,False,True,False,True,False,True,True,405780.0,60.0,6763.0,0.016666666666666666,694.0,46.60643394934976,0.0,8544.0,1.86,2906.0,109.0,0.0,176.0,8.0,12905.2,12020.6,884.6000000000004,0.9313818164912987,14.6,0.0012144806015838157,43347.024999999994,40442.7,103.0915841584157,0.0,0.0,1997-09-23,5.97999408546503,16.0,24116.1,25941.2,-1825.1000000000022,1.0756351302602718,1929.2,0.07436531982638327,43454.5625,39706.9,12.909255898366686,0.0,0.0,1997-10-23,5.87119621469762,24.0,37827.8,37961.8,-134.0,1.0035158397834454,1943.8,0.051202756382563976,42770.775,38624.0,-24.879511688609075,0.0,0.0,1997-11-22,5.711074966730741
5338,1888,970830,57360.0,12,4780.0,B,1997-08-30,12,6,POPLATEK MESICNE,961021,1996-10-21,2291,2291,570919,6,1957-09-19,M,Kutna Hora,central Bohemia,77963,60,23,4,2,4,51.5,8546,2.95,4.02,126,2640.0,3120,313,39.945242984257355,True,1.0,1,488,False,True,False,True,False,True,True,57360.0,12.0,4780.0,0.08333333333333333,313.0,39.945242984257355,0.0,8546.0,4.02,3120.0,126.0,1.0,75.0,9.0,28990.1,22266.6,6723.5,0.7680495048480396,15014.6,0.6742801199949703,28825.48888888889,15091.4,797.6441825095058,0.0,0.0,1997-09-16,3.1571966527196653,18.0,58034.1,48213.2,9820.900000000001,0.8307593163447637,28929.2,0.6000141037287771,32010.46666666666,15091.4,278.7350131862861,0.0,0.0,1997-10-16,3.1571966527196653,27.0,87116.8,75959.79999999999,11157.000000000015,0.8719205489578478,44643.8,0.5877215616475868,34050.10740740741,15091.4,180.71500912023515,0.0,0.0,1997-11-15,3.1571966527196653
6007,4949,970830,289920.0,48,6040.0,C,1997-08-30,48,33,POPLATEK MESICNE,961014,1996-10-14,5978,5978,445127,33,1944-01-27,F,Decin,north Bohemia,133777,24,17,7,3,11,84.7,8705,5.75,7.61,116,4650.0,4859,320,53.59069130732375,False,,0,488,False,True,False,True,False,True,True,289920.0,48.0,6040.0,0.020833333333333332,320.0,53.59069130732375,1.0,8705.0,7.61,4859.0,116.0,0.0,45.0,5.0,36460.6,34154.4,2306.199999999997,0.9367224696667179,28114.6,0.8231377761642374,64066.759999999995,54768.4,982.6238410596022,0.0,0.0,1997-09-12,9.067615894039735,11.0,72936.2,71708.8,1227.3999999999942,0.98315811410364,59629.2,0.8315348808670502,61851.190909090896,45989.6,-57.18252237701058,0.0,0.0,1997-10-12,7.614172185430463,17.0,109414.2,119663.2,-10249.0,1.0936615753569887,101543.79999999999,0.8485729232301723,61801.94705882352,44312.3,-27.23399832218198,0.0,0.0,1997-11-20,7.336473509933775
6612,7907,970831,97392.0,12,8116.0,A,1997-08-31,12,70,POPLATEK MESICNE,960727,1996-07-27,9467,9775,600623,70,1960-06-23,M,Karvina,north Moravia,285387,0,2,8,5,7,89.9,10177,6.63,7.75,81,9878.0,10108,400,37.18822724161533,True,0.0,0,487,False,True,False,True,False,True,True,97392.0,12.0,8116.0,0.08333333333333333,400.0,37.18822724161533,0.0,10177.0,7.75,10108.0,81.0,0.0,81.0,7.0,16647.9,14472.4,2175.500000000002,0.8692706425049102,29.2,0.002017494161703539,18143.457142857143,5765.8,159.76885977139673,0.0,0.0,1997-09-30,0.7104238541153278,10.0,29447.9,28915.600000000002,532.2999999999993,0.9818906648465647,29.2,0.0010098005989639168,17155.61,5765.8,1.9168638219968976,0.0,0.0,1997-10-20,0.7104238541153278,15.0,47021.9,43373.4,3648.5,0.922388878610209,43.8,0.0010098122394776642,17169.82,5765.8,-0.741339491916865,0.0,0.0,1997-11-19,0.7104238541153278
5718,3637,970901,14028.0,12,1169.0,A,1997-09-01,12,53,POPLATEK MESICNE,951028,1995-10-28,4386,4386,456227,53,1945-12-27,F,Blansko,south Moravia,107911,88,33,6,2,7,50.9,8240,2.53,3.56,99,1850.0,1903,674,51.67967145790554,True,0.0,0,486,False,True,False,True,False,True,True,14028.0,12.0,1169.0,0.08333333333333333,674.0,51.67967145790554,1.0,8240.0,3.56,1903.0,99.0,0.0,156.0,7.0,16202.4,15379.6,822.7999999999993,0.94915881851957,9114.6,0.5926036695577546,59584.28571428572,52396.0,-640.1326310102648,0.0,0.0,1997-09-30,44.82121471343028,14.0,32414.600000000002,27359.199999999997,5055.400000000005,0.8440133762756202,14829.2,0.5419989619958919,60725.63571428571,52396.0,-82.14479407681632,0.0,0.0,1997-10-31,44.82121471343028,21.0,48641.8,40238.799999999996,8403.000000000007,0.8272303403586964,21443.8,0.532900262923772,62389.82380952379,52396.0,30.40316160166947,0.0,0.0,1997-11-30,44.82121471343028
6104,5395,970905,158184.0,36,4394.0,C,1997-09-05,36,47,POPLATEK MESICNE,960426,1996-04-26,6511,6511,530807,47,1953-08-07,M,Pardubice,east Bohemia,162580,83,26,5,1,6,72.8,9538,1.51,1.81,111,6079.0,5410,497,44.07939767282683,False,,0,482,False,True,False,True,False,True,True,158184.0,36.0,4394.0,0.027777777777777776,497.0,44.07939767282683,0.0,9538.0,1.81,5410.0,111.0,0.0,95.0,5.0,7925.3,9460.400000000001,-1535.1000000000013,1.1935455382713247,5066.6,0.5355021455598536,29724.24,24425.3,159.4244266055046,0.0,0.0,1997-10-04,5.558784706417843,9.0,12241.4,13868.800000000001,-1627.4000000000015,1.1328497680193428,5081.200000000001,0.3663499113181156,28111.04444444444,22890.1,-51.845578800557874,0.0,0.0,1997-10-31,5.209399180700956,16.0,54783.8,40077.2,14706.600000000006,0.7315386749609379,26895.8,0.671083032671128,40366.89375,22890.1,397.65983055660735,0.0,0.0,1997-12-02,5.209399180700956
5229,1329,970906,23520.0,12,1960.0,A,1997-09-06,12,53,POPLATEK MESICNE,960916,1996-09-16,1608,1608,411111,53,1941-11-11,M,Blansko,south Moravia,107911,88,33,6,2,7,50.9,8240,2.53,3.56,99,1850.0,1903,355,55.81930184804928,True,0.0,0,481,False,True,False,True,False,True,True,23520.0,12.0,1960.0,0.08333333333333333,355.0,55.81930184804928,0.0,8240.0,3.56,1903.0,99.0,0.0,63.0,9.0,23603.5,17404.800000000003,6198.699999999997,0.737350928848313,1914.6,0.10999781681968077,23436.944444444445,18539.1,-10.295388427109991,0.0,0.0,1997-10-06,9.458724489795918,14.0,23669.6,29347.600000000002,-5678.000000000004,1.2398333798044834,8529.2,0.2906169289165412,20597.10714285714,13357.8,-185.98551344367195,0.0,0.0,1997-10-31,6.815204081632653,21.0,35483.5,43271.4,-7787.9000000000015,1.2194451098366892,12043.800000000001,0.2783252142243093,18925.547619047615,11261.2,-143.92401652329227,0.0,0.0,1997-11-30,5.745510204081633
6625,7966,970907,473280.0,60,7888.0,D,1997-09-07,60,54,POPLATEK MESICNE,961227,1996-12-27,9538,9846,675701,54,1967-07-01,F,Brno - mesto,south Moravia,387570,0,0,0,1,1,100.0,9897,1.6,1.96,140,18721.0,18696,254,30.187542778918548,False,,1,480,False,True,False,True,False,True,True,473280.0,60.0,7888.0,0.016666666666666666,254.0,30.187542778918548,1.0,9897.0,1.96,18696.0,140.0,0.0,43.0,7.0,40731.7,12402.300000000001,28329.399999999994,0.30448018422545037,4514.6,0.3639837785105577,39039.471428571436,13506.7,1884.8766803039161,0.0,0.0,1997-09-30,1.712309837728195,14.0,49583.5,39014.6,10568.900000000001,0.7868305619699705,23239.199999999997,0.595638667609879,37639.09999999999,13506.7,122.44745626247546,0.0,0.0,1997-10-31,1.712309837728195,19.0,49850.899999999994,50916.9,-1066.0000000000073,1.0213632780295236,27253.799999999996,0.5352498826542335,34446.26842105264,13506.7,-128.6415204045983,0.0,0.0,1997-11-30,1.712309837728195
5206,1242,970907,128544.0,24,5356.0,C,1997-09-07,24,74,POPLATEK PO OBRATU,961124,1996-11-24,1499,1499,516129,74,1951-11-29,F,Ostrava - mesto,north Moravia,323870,0,0,0,1,1,100.0,10673,4.75,5.44,100,18782.0,18347,287,45.7741273100616,False,,0,480,False,True,False,True,False,True,True,128544.0,24.0,5356.0,0.041666666666666664,287.0,45.7741273100616,1.0,10673.0,5.44,18347.0,100.0,0.0,60.0,10.0,33236.8,19609.7,13627.100000000002,0.5899818880912695,300.0,0.01529777111474858,35685.520000000004,16682.4,1045.264088159032,0.0,0.0,1997-10-07,3.1147124719940256,18.0,39918.5,42536.4,-2617.9000000000015,1.0655544282869274,13737.0,0.3229393427901094,37157.83333333333,16682.4,207.45132545512612,0.0,0.0,1997-11-06,3.1147124719940256,28.0,100238.1,69892.1,30346.0,0.6972538660063787,26693.0,0.3819118053141154,37698.0357142857,14064.6,164.16931301552947,0.0,0.0,1997-11-30,2.625952203136669
5963,4746,970907,204780.0,60,3413.0,C,1997-09-07,60,54,POPLATEK MESICNE,970221,1997-02-21,5727,5727,530224,54,1953-02-24,M,Brno - mesto,south Moravia,387570,0,0,0,1,1,100.0,9897,1.6,1.96,140,18721.0,18696,198,44.53388090349076,False,,0,480,False,True,False,True,False,True,True,204780.0,60.0,3413.0,0.016666666666666666,198.0,44.53388090349076,0.0,9897.0,1.96,18696.0,140.0,0.0,23.0,17.0,215806.7,224865.6,-9058.899999999994,1.0419720890403819,221452.6,0.9848176652290735,98187.83529411764,60888.0,-158.5845496568146,0.0,0.0,1997-10-07,17.840023439789043,24.0,272480.7,257993.2,14487.5,0.9468276218182725,251167.2,0.973538164811457,92965.97083333333,47239.0,-348.7405009399535,0.0,0.0,1997-11-03,13.840902431878114,31.0,364412.10000000003,367420.80000000005,-3008.7000000000116,1.0082535452210692,357181.8,0.9721301240155047,94577.52258064516,47239.0,-0.2993758021548501,0.0,0.0,1997-12-01,13.840902431878114
4990,110,970908,162576.0,36,4516.0,C,1997-09-08,36,36,POPLATEK MESICNE,960717,1996-07-17,132,132,530126,36,1953-01-26,M,Liberec,north Bohemia,159617,29,19,8,1,9,85.2,9198,3.33,4.28,131,5796.0,6132,418,44.616016427104725,False,,0,479,False,True,False,True,False,True,True,162576.0,36.0,4516.0,0.027777777777777776,418.0,44.616016427104725,0.0,9198.0,4.28,6132.0,131.0,0.0,84.0,8.0,23669.9,26198.6,-2528.699999999997,1.1067851243509963,18534.6,0.7074382815004809,50920.65,34325.8,391.02860461739493,0.0,0.0,1997-10-06,7.600930026572189,15.0,47328.200000000004,51077.2,-3748.9999999999927,1.0791900137758508,35749.2,0.6998915388561069,49554.08666666667,31197.2,78.73455703391201,0.0,0.0,1997-11-06,6.90814880425155,23.0,70968.1,79615.79999999999,-8647.699999999983,1.1218375321090444,56623.799999999996,0.7112041679645502,46377.8695652174,26316.9,-72.79044167435318,0.0,0.0,1997-12-06,5.827480070859168
6641,8026,970909,128268.0,36,3563.0,C,1997-09-09,36,36,POPLATEK MESICNE,970323,1997-03-23,9606,9914,421208,36,1942-12-08,M,Liberec,north Bohemia,159617,29,19,8,1,9,85.2,9198,3.33,4.28,131,5796.0,6132,170,54.75427789185489,False,,0,478,False,True,False,True,False,True,True,128268.0,36.0,3563.0,0.027777777777777776,170.0,54.75427789185489,0.0,9198.0,4.28,6132.0,131.0,0.0,18.0,6.0,24164.2,29377.6,-5213.399999999998,1.2156986079155148,25814.6,0.8786872076953973,54903.366666666676,43110.4,-1051.9627737226278,0.0,0.0,1997-10-06,12.099466741509964,12.0,48330.2,45515.2,2815.0,0.9417353593537922,38389.2,0.8434183872994669,56209.75000000001,43110.4,-197.21343528126707,0.0,0.0,1997-10-31,12.099466741509964,18.0,72503.3,71092.8,1410.5,0.9805321891253347,60403.799999999996,0.8496352705861833,56925.216666666674,43110.4,-59.45634985341819,0.0,0.0,1997-12-08,12.099466741509964
5369,2080,970912,214596.0,36,5961.0,C,1997-09-12,36,74,POPLATEK MESICNE,970427,1997-04-27,2522,2522,370908,74,1937-09-08,M,Ostrava - mesto,north Moravia,323870,0,0,0,1,1,100.0,10673,4.75,5.44,100,18782.0,18347,138,60.01095140314853,False,,0,475,False,True,False,True,False,True,True,214596.0,36.0,5961.0,0.027777777777777776,138.0,60.01095140314853,0.0,10673.0,5.44,18347.0,100.0,0.0,17.0,8.0,49526.0,60092.6,-10566.599999999999,1.2133301027722252,20914.6,0.3480337340415618,67419.675,46025.1,600.3685597116937,0.0,0.0,1997-10-12,7.721036738802214,12.0,99086.4,83807.2,15279.199999999997,0.8457906857985981,44629.2,0.5325159113308722,66531.11666666668,46025.1,184.81536751661775,0.0,0.0,1997-11-07,7.721036738802214,20.0,173342.9,162796.8,10546.100000000006,0.9391550553552793,104029.79999999999,0.639012320805318,72478.09999999999,46025.1,293.56686353090066,0.0,0.0,1997-12-07,7.721036738802214
6196,5837,970914,177804.0,36,4939.0,C,1997-09-14,36,5,POPLATEK MESICNE,960718,1996-07-18,7065,7065,715707,5,1971-07-07,F,Kolin,central Bohemia,95616,65,30,4,1,6,51.4,9307,3.85,4.43,118,2616.0,3040,423,26.190280629705683,False,,0,473,False,True,False,True,False,True,True,177804.0,36.0,4939.0,0.027777777777777776,423.0,26.190280629705683,1.0,9307.0,4.43,3040.0,118.0,0.0,91.0,8.0,68480.0,66690.6,1789.3999999999942,0.9738555219695975,61751.6,0.9259277030390632,77843.0875,48086.0,-1754.4533364226133,0.0,0.0,1997-10-12,9.735978943105891,16.0,87602.8,101889.2,-14286.399999999994,1.163068268728069,92011.2,0.9030426871279083,59167.256250000006,32010.2,-1182.4182891299981,0.0,0.0,1997-11-12,6.481109536343389,23.0,97156.0,122292.8,-25136.800000000003,1.258713216752267,107475.8,0.878832778113036,49320.24782608696,21159.8,-779.1214533986214,0.0,0.0,1997-12-13,4.284227576432476
5236,1374,970915,389136.0,48,8107.0,C,1997-09-15,48,53,POPLATEK MESICNE,960926,1996-09-26,1662,1662,670907,53,1967-09-07,M,Blansko,south Moravia,107911,88,33,6,2,7,50.9,8240,2.53,3.56,99,1850.0,1903,354,30.023271731690624,False,,0,472,False,True,False,True,False,True,True,389136.0,48.0,8107.0,0.020833333333333332,354.0,30.023271731690624,0.0,8240.0,3.56,1903.0,99.0,0.0,62.0,6.0,48908.7,90121.90000000001,-41213.20000000001,1.8426181309637968,82014.6,0.910030635942696,54618.1,37556.6,314.87410551849575,0.0,0.0,1997-10-12,4.632613790551376,12.0,97744.29999999999,106179.79999999999,-8435.5,1.0862905940234466,89965.20000000001,0.8472831246327022,49752.95833333334,29620.6,57.14833388870381,0.0,0.0,1997-11-12,3.653706673245343,19.0,170909.0,171101.69999999998,-192.69999999998254,1.001121642969984,146779.8,0.8578461941278542,59171.100000000006,29620.6,477.75723655955966,0.0,0.0,1997-12-12,3.653706673245343
5719,3664,970920,271584.0,48,5658.0,C,1997-09-20,48,1,POPLATEK MESICNE,960428,1996-04-28,4417,4417,760424,1,1976-04-24,M,Hl.m. Praha,Prague,1204953,0,0,0,1,1,100.0,12541,0.29,0.43,167,85677.0,99107,510,21.4072553045859,False,,0,467,False,True,False,True,False,True,True,271584.0,48.0,5658.0,0.020833333333333332,510.0,21.4072553045859,0.0,12541.0,0.43,99107.0,167.0,0.0,90.0,5.0,357.4,40172.6,-39815.2,112.08872767857143,34514.6,0.8591363482486011,62155.36,52586.2,-453.35073099415195,0.0,0.0,1997-10-20,9.294132202191587,11.0,25951.600000000002,60403.2,-34451.59999999999,2.32744310781964,49087.2,0.8126454782945557,63753.09090909092,47228.2,-5.1896725971154085,0.0,0.0,1997-11-19,8.347154471544714,19.0,91827.1,131475.8,-39648.69999999998,1.4317599950341995,114501.8,0.8708897691455832,71351.96315789473,47228.2,226.13122598523043,0.0,0.0,1997-12-19,8.347154471544714
5643,3273,970921,94512.0,12,7876.0,B,1997-09-21,12,74,POPLATEK MESICNE,951229,1995-12-29,3962,3962,521128,74,1952-11-28,M,Ostrava - mesto,north Moravia,323870,0,0,0,1,1,100.0,10673,4.75,5.44,100,18782.0,18347,632,44.813141683778234,True,1.0,1,466,False,True,False,True,False,True,True,94512.0,12.0,7876.0,0.08333333333333333,632.0,44.813141683778234,0.0,10673.0,5.44,18347.0,100.0,0.0,134.0,7.0,50170.4,51637.6,-1467.199999999997,1.0292238207424946,43761.6,0.8474590713148691,41140.942857142865,22343.9,1090.7020304568528,0.0,0.0,1997-10-19,2.8369603859827324,13.0,100165.5,95328.2,4837.300000000003,0.9516974237893906,79576.2,0.8347515766417845,40077.61538461538,22343.9,181.51142945027908,0.0,0.0,1997-11-18,2.8369603859827324,22.0,175053.7,172918.8,2134.9000000000233,0.987798670929715,149290.8,0.8633528375582207,42899.25000000001,22343.9,201.493105303268,0.0,0.0,1997-12-18,2.8369603859827324
7050,10065,970923,311232.0,48,6484.0,C,1997-09-23,48,76,POPLATEK MESICNE,960330,1996-03-30,12070,12378,465827,76,1946-08-27,F,Sumperk,north Moravia,127369,31,32,13,2,7,51.2,8369,4.73,5.88,107,3736.0,2807,542,51.07460643394935,False,,0,464,False,True,False,True,False,True,True,311232.0,48.0,6484.0,0.020833333333333332,542.0,51.07460643394935,1.0,8369.0,5.88,2807.0,107.0,0.0,136.0,11.0,84879.3,77195.3,7684.0,0.909460734705226,70711.6,0.9159972692991762,82208.70000000001,52548.9,1648.1144713526287,0.0,0.0,1997-10-21,8.104395434916718,15.0,85154.2,92393.59999999999,-7239.399999999994,1.085002442598925,79426.2,0.8596411478592906,74905.14,45049.9,-438.1224468713105,0.0,0.0,1997-11-20,6.947856261566934,24.0,171295.1,173991.9,-2696.7999999999884,1.0157376612777522,154540.8,0.8882017599568718,76097.90833333334,45049.9,-48.32341016294154,0.0,0.0,1997-12-20,6.947856261566934
6355,6699,970924,127200.0,48,2650.0,C,1997-09-24,48,35,POPLATEK MESICNE,960608,1996-06-08,8089,8089,650406,35,1965-04-06,M,Jablonec n. Nisou,north Bohemia,88768,10,18,5,1,7,80.5,8867,1.02,1.21,130,3384.0,3620,473,32.46817248459959,False,,0,463,False,True,False,True,False,True,True,127200.0,48.0,2650.0,0.020833333333333332,473.0,32.46817248459959,0.0,8867.0,1.21,3620.0,130.0,0.0,95.0,8.0,21857.9,21771.8,86.10000000000218,0.996015353014104,6314.6,0.2900224132863022,37133.837499999994,31417.7,550.104279749478,0.0,0.0,1997-10-12,11.855735849056604,15.0,42023.3,37243.59999999999,4779.700000000012,0.8862396280247378,6329.200000000001,0.16993604441986226,40115.52666666666,31417.7,223.19726676499207,0.0,0.0,1997-11-12,11.855735849056604,23.0,69663.4,56015.39999999999,13648.000000000007,0.8040749651184822,9643.800000000001,0.17216029591333973,44259.234782608684,31417.7,248.90037018426355,0.0,0.0,1997-12-12,11.855735849056604
6688,8268,970926,8616.0,24,359.0,C,1997-09-26,24,59,POPLATEK MESICNE,960919,1996-09-19,9901,10209,751027,59,1975-10-27,M,Kromeriz,south Moravia,108871,41,29,7,2,6,62.1,8444,3.24,3.47,106,2595.0,2305,372,21.916495550992472,False,,0,461,False,True,False,True,False,True,True,8616.0,24.0,359.0,0.041666666666666664,372.0,21.916495550992472,0.0,8444.0,3.47,2305.0,106.0,0.0,79.0,8.0,12916.6,12642.6,274.0,0.9787112157057039,4414.6,0.3491568856971116,27197.8,21157.0,-63.02187499999994,0.0,0.0,1997-10-14,58.93314763231198,17.0,27120.5,24125.2,2995.2999999999993,0.8895230721014693,7669.200000000001,0.3178784889456276,26575.735294117647,18178.2,-53.06225070867718,0.0,0.0,1997-11-13,50.63565459610028,26.0,46404.9,39347.8,7057.0999999999985,0.8479051155133291,14663.800000000001,0.37266193632334405,28596.296153846146,18178.2,82.9071499083662,0.0,0.0,1997-12-16,50.63565459610028
6239,6083,970928,360864.0,48,7518.0,D,1997-09-28,48,6,POPLATEK TYDNE,960919,1996-09-19,7348,7348,776026,6,1977-10-26,F,Kutna Hora,central Bohemia,77963,60,23,4,2,4,51.5,8546,2.95,4.02,126,2640.0,3120,374,19.923340177960302,False,,1,459,False,True,False,True,False,True,True,360864.0,48.0,7518.0,0.020833333333333332,374.0,19.923340177960302,1.0,8546.0,4.02,3120.0,126.0,0.0,86.0,13.0,110915.1,47028.0,63887.100000000006,0.4239961556527862,39510.0,0.8401199260031045,51471.984615384616,27582.2,1503.245039056008,0.0,0.0,1997-10-28,3.6688214950784785,31.0,326956.3,282740.0,44216.29999999999,0.8647612394646029,267704.0,0.9468170516479747,71011.87741935486,27582.2,759.5171335738817,0.0,0.0,1997-11-27,3.6688214950784785,42.0,387741.5,318408.0,69333.5,0.821184162169481,295854.0,0.9291634344506594,69746.9023809524,27582.2,285.7365197914654,0.0,0.0,1997-12-25,3.6688214950784785
5531,2753,970930,66432.0,24,2768.0,C,1997-09-30,24,26,POPLATEK MESICNE,960213,1996-02-13,3324,3324,715413,26,1971-04-13,F,Plzen - mesto,west Bohemia,170449,0,0,0,1,1,100.0,10787,2.64,3.09,131,6041.0,6261,595,26.466803559206024,False,,0,457,False,True,False,True,False,True,True,66432.0,24.0,2768.0,0.041666666666666664,595.0,26.466803559206024,1.0,10787.0,3.09,6261.0,131.0,0.0,107.0,6.0,22100.1,24851.6,-2751.5,1.1244508191899951,15214.6,0.6121934928337478,22141.600000000002,14993.5,-151.2048622366288,0.0,0.0,1997-10-12,5.4167268786127165,12.0,44189.1,37103.2,7085.9000000000015,0.839626975272742,17829.2,0.4805170304170418,21858.55,12446.9,13.49237308918505,0.0,0.0,1997-11-12,4.496712427745664,21.0,77323.2,69885.79999999999,7437.400000000009,0.9038024318389326,40974.8,0.5863024204856999,25986.12857142857,12446.9,159.19376942081402,0.0,0.0,1997-12-19,4.496712427745664
6113,5445,971001,78696.0,36,2186.0,C,1997-10-01,36,72,POPLATEK MESICNE,970219,1997-02-19,6571,6571,715324,72,1971-03-24,F,Olomouc,north Moravia,226122,32,50,7,4,4,62.6,8994,3.8,4.79,110,9672.0,9208,224,26.524298425735797,False,,0,456,False,True,False,True,False,True,True,78696.0,36.0,2186.0,0.027777777777777776,224.0,26.524298425735797,1.0,8994.0,4.79,9208.0,110.0,0.0,41.0,10.0,13267.4,21907.6,-8640.199999999999,1.6511109101323445,16114.6,0.7355376427521613,39830.72,27515.9,-1020.9968609213779,0.0,0.0,1997-10-31,12.58732845379689,20.0,27811.300000000003,31915.199999999997,-4103.899999999994,1.1475210608256057,20329.199999999997,0.636955527287083,36966.02,27515.9,-301.18376785977324,0.0,0.0,1997-11-30,12.58732845379689,28.0,47485.3,47508.2,-22.89999999999418,1.0004611856472287,30129.199999999997,0.6341761174677747,39691.549999999996,27515.9,32.21189027315671,0.0,0.0,1997-12-25,12.58732845379689
7181,10679,971002,197808.0,24,8242.0,C,1997-10-02,24,1,POPLATEK MESICNE,970530,1997-05-30,12826,13134,626103,1,1962-11-03,F,Hl.m. Praha,Prague,1204953,0,0,0,1,1,100.0,12541,0.29,0.43,167,85677.0,99107,125,34.913073237508556,False,,0,455,False,True,False,True,False,True,True,197808.0,24.0,8242.0,0.041666666666666664,125.0,34.913073237508556,1.0,12541.0,0.43,99107.0,167.0,0.0,15.0,6.0,49710.7,38226.4,11484.299999999996,0.7689618339344662,23314.6,0.6098923808577094,70453.40000000001,55122.3,-1589.2447142434114,0.0,0.0,1997-10-31,6.6879762193642325,12.0,99479.2,82552.79999999999,16926.40000000001,0.8298415162012138,52729.2,0.6387252918702713,74811.13333333335,55122.3,-290.49162763592426,0.0,0.0,1997-11-30,6.6879762193642325,22.0,173887.2,180959.2,-7072.0,1.0406640588608083,136223.80000000002,0.7527832086834564,69786.55454545455,36593.6,-390.00814480451214,0.0,0.0,1997-12-31,4.439893229798592
6118,5477,971004,349392.0,48,7279.0,C,1997-10-04,48,57,POPLATEK MESICNE,951217,1995-12-17,6610,6610,540603,57,1954-06-03,M,Hodonin,south Moravia,161954,21,37,20,3,8,48.0,8720,3.73,4.5,116,3729.0,3651,657,43.337440109514034,False,,0,453,False,True,False,True,False,True,True,349392.0,48.0,7279.0,0.020833333333333332,657.0,43.337440109514034,0.0,8720.0,4.5,3651.0,116.0,0.0,145.0,9.0,76428.4,63435.9,12992.499999999993,0.8299934318469072,49814.6,0.7852622054356376,80869.07777777777,57457.4,427.1913358855531,0.0,0.0,1997-10-31,7.893584283555434,20.0,168263.3,136771.8,31491.5,0.8128390870790774,109529.20000000001,0.800811272416738,90500.93,57457.4,491.95809849358085,0.0,0.0,1997-12-03,7.893584283555434,27.0,201218.5,201607.7,-389.20000000001164,1.0019292364805599,160743.80000000002,0.7973058702327827,88764.88518518518,57457.4,38.10740321715043,0.0,0.0,1997-12-31,7.893584283555434
7264,11141,971007,44940.0,12,3745.0,A,1997-10-07,12,1,POPLATEK TYDNE,970211,1997-02-11,13386,13694,765120,1,1976-01-20,F,Hl.m. Praha,Prague,1204953,0,0,0,1,1,100.0,12541,0.29,0.43,167,85677.0,99107,238,21.713894592744694,True,0.0,0,450,False,True,False,True,False,True,True,44940.0,12.0,3745.0,0.08333333333333333,238.0,21.713894592744694,1.0,12541.0,0.43,99107.0,167.0,0.0,40.0,8.0,32977.6,24378.7,8598.899999999998,0.7392278629171645,20634.0,0.8463598813767191,78826.0,61386.0,1057.5388384371697,0.0,0.0,1997-10-31,16.391455273698263,18.0,65716.2,84851.4,-19135.199999999997,1.2911596963960728,77362.0,0.9117243590045774,74498.23333333332,52323.3,-5.200374830393567,0.0,0.0,1997-12-06,13.971508678237651,29.0,92437.2,132144.09999999998,-39706.89999999998,1.4295399520977257,120910.0,0.9149790646796591,62716.21034482758,29207.2,-497.54604086675346,0.0,0.0,1998-01-03,7.798985313751669
5343,1906,971008,44952.0,24,1873.0,C,1997-10-08,24,1,POPLATEK MESICNE,960801,1996-08-01,2316,2316,700325,1,1970-03-25,M,Hl.m. Praha,Prague,1204953,0,0,0,1,1,100.0,12541,0.29,0.43,167,85677.0,99107,433,27.540041067761805,False,,0,449,False,True,False,True,False,True,True,44952.0,24.0,1873.0,0.041666666666666664,433.0,27.540041067761805,0.0,12541.0,0.43,99107.0,167.0,0.0,89.0,13.0,148570.3,97900.40000000001,50669.89999999998,0.658945570241359,88514.6,0.9041198593687118,70176.61538461539,42332.5,1437.904855321236,0.0,0.0,1997-11-06,22.60144153764015,21.0,168757.2,150600.80000000002,18156.399999999994,0.8924058208727043,131829.2,0.8753494314144984,77293.15714285716,42332.5,556.0537963862034,0.0,0.0,1997-11-30,22.60144153764015,34.0,176358.1,190695.2,-14337.100000000006,1.0812892558421994,162537.80000000002,0.8523389558890004,66171.80588235296,37381.1,-383.4886203065232,0.0,0.0,1998-01-06,19.957875066737852
5051,378,971011,230400.0,60,3840.0,C,1997-10-11,60,68,POPLATEK MESICNE,960722,1996-07-22,458,458,610724,68,1961-07-24,M,Frydek - Mistek,north Moravia,228848,15,40,18,2,6,57.2,9893,4.09,4.72,96,5623.0,5887,446,36.21629021218344,False,,0,446,False,True,False,True,False,True,True,230400.0,60.0,3840.0,0.016666666666666666,446.0,36.21629021218344,0.0,9893.0,4.72,5887.0,96.0,0.0,168.0,10.0,40851.3,20081.8,20769.500000000004,0.49157085402780254,6514.6,0.3243870376640708,43776.38,36898.1,271.7831163645077,0.0,0.0,1997-11-09,9.608880208333334,20.0,41037.700000000004,52963.6,-11925.899999999994,1.2905769432267589,25829.199999999997,0.4876691223949581,45758.08,36898.1,18.335860585587053,0.0,0.0,1997-12-10,9.608880208333334,36.0,182077.2,135845.40000000002,46231.79999999999,0.7460827270919859,95143.8,0.7003777796099123,53926.03055555556,23788.2,400.6046736285836,0.0,0.0,1998-01-07,6.19484375
5779,3942,971014,107352.0,36,2982.0,C,1997-10-14,36,27,POPLATEK TYDNE,960510,1996-05-10,4754,4754,396228,27,1939-12-28,F,Plzen - jih,west Bohemia,67298,71,19,10,0,7,43.8,8561,0.65,1.29,110,1029.0,1127,522,57.79603011635866,False,,0,443,False,True,False,True,False,True,True,107352.0,36.0,2982.0,0.027777777777777776,522.0,57.79603011635866,1.0,8561.0,1.29,1127.0,110.0,0.0,84.0,5.0,273.1,24540.5,-24267.4,89.5311929952572,8130.0,0.3312755944013202,50547.4,36858.6,-2044.4429657794678,0.0,0.0,1997-11-12,12.36036217303823,11.0,21867.8,51081.0,-29213.2,2.335793459174715,18260.0,0.3574644688931522,49365.69090909091,31912.8,-259.03579194201654,0.0,0.0,1997-12-12,10.701810865191147,22.0,75509.2,84921.5,-9412.300000000003,1.124636141872224,35690.0,0.42026553622420443,50461.15909090908,26512.8,43.815757592912306,0.0,0.0,1998-01-12,8.890945674044266
6605,7890,971014,79344.0,48,1653.0,C,1997-10-14,48,23,POPLATEK MESICNE,960326,1996-03-26,9447,9755,515605,23,1951-06-05,F,Cheb,west Bohemia,87419,21,11,4,3,9,85.5,8624,1.79,2.66,102,2879.0,3198,567,46.36002737850787,False,,0,443,False,True,False,True,False,True,True,79344.0,48.0,1653.0,0.020833333333333332,567.0,46.36002737850787,1.0,8624.0,2.66,3198.0,102.0,0.0,105.0,8.0,6575.7,11971.6,-5395.900000000001,1.820305016193532,6014.6,0.5023637305180162,26385.324999999997,24108.3,-8.707508984301098,0.0,0.0,1997-11-12,14.584573502722323,16.0,18772.4,22943.2,-4170.799999999999,1.2221121373858757,11029.2,0.48069664664708295,26433.2875,22104.3,5.176809015421117,0.0,0.0,1997-12-12,13.372232304900182,23.0,27838.4,33114.8,-5276.4000000000015,1.1894940264517195,15243.800000000001,0.4603180354996708,26333.143478260863,22104.3,-2.424753408761228,0.0,0.0,1998-01-12,13.372232304900182
6655,8085,971017,260400.0,60,4340.0,D,1997-10-17,60,73,POPLATEK MESICNE,960408,1996-04-08,9679,9987,505619,73,1950-06-19,F,Opava,north Moravia,182027,17,49,12,2,7,56.4,8746,3.33,3.74,90,4355.0,4433,557,47.32922655715264,False,,1,440,False,True,False,True,False,True,True,260400.0,60.0,4340.0,0.016666666666666666,557.0,47.32922655715264,1.0,8746.0,3.74,4433.0,90.0,0.0,127.0,8.0,40046.2,28335.6,11710.599999999999,0.7075550849997003,12114.6,0.42752482654940965,30140.825,18481.4,-469.1784,0.0,0.0,1997-11-12,4.258387096774194,16.0,40173.799999999996,56734.2,-16560.4,1.4121837569819888,24292.199999999997,0.4281680508749418,24479.4625,4494.4,-479.49014289494573,0.0,0.0,1997-12-12,1.0355760368663594,21.0,47913.6,68629.79999999999,-20716.19999999999,1.4323358642251003,24306.799999999996,0.3541675166251887,20472.038095238095,338.6,-413.0451676705193,0.0,0.0,1998-01-09,0.07801843317972351
6534,7542,971019,590820.0,60,9847.0,C,1997-10-19,60,54,POPLATEK MESICNE,960516,1996-05-16,9032,9340,670822,54,1967-08-22,M,Brno - mesto,south Moravia,387570,0,0,0,1,1,100.0,9897,1.6,1.96,140,18721.0,18696,521,30.16016427104723,False,,0,438,False,True,False,True,False,True,True,590820.0,60.0,9847.0,0.016666666666666666,521.0,30.16016427104723,0.0,9897.0,1.96,18696.0,140.0,0.0,111.0,7.0,22822.0,16933.6,5888.4000000000015,0.7419532927310168,14.6,0.0008621402336045729,32577.071428571428,26138.7,232.16216216216202,0.0,0.0,1997-11-14,2.6544835990657054,16.0,52585.2,40827.2,11758.0,0.7763862001817967,6989.200000000001,0.1711856021083467,34012.931249999994,26138.7,90.8828958235494,0.0,0.0,1997-12-14,2.6544835990657054,28.0,72857.4,63760.799999999996,9096.599999999999,0.8751331349576713,13003.800000000001,0.20394342694215034,36952.11071428573,26138.7,131.18439673390412,0.0,0.0,1998-01-17,2.6544835990657054
5681,3448,971020,68664.0,24,2861.0,C,1997-10-20,24,58,POPLATEK TYDNE,960606,1996-06-06,4169,4169,805219,58,1980-02-19,F,Jihlava,south Moravia,109164,98,16,6,1,4,63.6,8757,3.38,3.95,96,2212.0,2471,501,17.66735112936345,False,,0,437,False,True,False,True,False,True,True,68664.0,24.0,2861.0,0.041666666666666664,501.0,17.66735112936345,1.0,8757.0,3.95,2471.0,96.0,0.0,73.0,5.0,103.2,18290.7,-18187.5,175.5345489443378,15430.0,0.8435519935271188,21940.140000000003,18454.9,-380.8467741935484,0.0,0.0,1997-11-12,6.450506815798672,9.0,3891.2,21181.4,-17290.2,5.44201222958738,15460.0,0.7298511972203338,21740.411111111112,18454.9,-56.616285153695216,0.0,0.0,1997-12-12,6.450506815798672,13.0,3980.6,24772.100000000002,-20791.500000000004,6.221644564998996,16190.0,0.6535314514533909,20586.184615384616,15851.0,-72.88242708486004,0.0,0.0,1998-01-12,5.540370499825236
6607,7894,971021,153144.0,36,4254.0,C,1997-10-21,36,27,POPLATEK MESICNE,960409,1996-04-09,9452,9760,690217,27,1969-02-17,M,Plzen - jih,west Bohemia,67298,71,19,10,0,7,43.8,8561,0.65,1.29,110,1029.0,1127,560,28.673511293634498,False,,0,436,False,True,False,True,False,True,True,153144.0,36.0,4254.0,0.027777777777777776,560.0,28.673511293634498,0.0,8561.0,1.29,1127.0,110.0,0.0,171.0,7.0,1426.5,25553.3,-24126.8,17.900735551663747,13814.6,0.5405978641559347,41668.61428571429,33588.9,-479.1649151172189,0.0,0.0,1997-11-12,7.895839210155148,15.0,24442.1,37306.59999999999,-12864.499999999993,1.5262630353760362,13829.2,0.37068050477650677,42432.75333333333,33588.9,-20.85722881135826,0.0,0.0,1997-12-17,7.895839210155148,24.0,29224.2,70359.9,-41135.7,2.4075079041375247,35143.8,0.49947911411025164,39775.4375,16580.0,-150.10552908841044,0.0,0.0,1998-01-12,3.897508227550541
6242,6097,971022,26208.0,36,728.0,C,1997-10-22,36,29,POPLATEK MESICNE,970615,1997-06-15,7366,7366,735412,29,1973-04-12,F,Rokycany,west Bohemia,45714,52,10,5,1,6,55.6,8843,2.82,3.6,113,818.0,888,129,24.528405201916495,False,,0,435,False,True,False,True,False,True,True,26208.0,36.0,728.0,0.027777777777777776,129.0,24.528405201916495,1.0,8843.0,3.6,888.0,113.0,0.0,12.0,5.0,8167.9,13683.0,-5515.1,1.6750113234339998,9800.0,0.7161648640748319,39225.1,32132.7,-85.22125435540057,0.0,0.0,1997-11-13,44.138324175824174,13.0,20331.699999999997,33420.6,-13088.900000000001,1.6436872623901402,25654.6,0.7676053809512411,35491.12307692307,24558.8,-184.09557526940227,0.0,0.0,1997-12-13,33.73461538461538,19.0,28465.399999999998,39418.2,-10952.8,1.3847272573981957,27769.199999999997,0.7044587409181312,33185.66315789474,24558.8,-167.61595886586417,0.0,0.0,1998-01-13,33.73461538461538
7242,11027,971023,48096.0,24,2004.0,C,1997-10-23,24,32,POPLATEK TYDNE,960726,1996-07-26,13248,13556,580719,32,1958-07-19,M,Ceska Lipa,north Bohemia,105058,32,19,7,2,10,81.0,9272,2.8,3.22,118,4340.0,4505,454,39.26351813826147,False,,0,434,False,True,False,True,False,True,True,48096.0,24.0,2004.0,0.041666666666666664,454.0,39.26351813826147,0.0,9272.0,3.22,4505.0,118.0,0.0,83.0,6.0,12675.1,5833.2,6841.900000000001,0.46017308162605214,30.0,0.005142093174728326,33034.9,26669.8,284.3091346153847,0.0,0.0,1997-11-18,13.308283433133733,14.0,30862.1,30166.4,695.6999999999971,0.9774261172727303,18560.0,0.6152336628280859,34839.428571428565,26669.8,96.56502981668258,0.0,0.0,1997-12-18,13.308283433133733,20.0,43034.0,42199.6,834.4000000000015,0.9805878935749971,24790.0,0.5874324061743198,34170.83500000001,26669.8,-1.1685636799833108,0.0,0.0,1998-01-17,13.308283433133733
7277,11231,971024,89280.0,12,7440.0,A,1997-10-24,12,1,POPLATEK MESICNE,970205,1997-02-05,13495,13803,471114,1,1947-11-14,M,Hl.m. Praha,Prague,1204953,0,0,0,1,1,100.0,12541,0.29,0.43,167,85677.0,99107,261,49.94387405886379,True,0.0,0,433,False,True,False,True,False,True,True,89280.0,12.0,7440.0,0.08333333333333333,261.0,49.94387405886379,0.0,12541.0,0.43,99107.0,167.0,0.0,52.0,8.0,44895.3,45908.1,-1012.7999999999956,1.0225363782761607,28455.6,0.6198248277574598,52126.85,24133.4,347.7111225012813,0.0,0.0,1997-11-14,3.2437365591397853,18.0,112087.3,88999.2,23088.100000000006,0.794009722691842,54094.2,0.6077986341603726,58485.53333333334,24133.4,529.7486922661135,0.0,0.0,1997-12-23,3.2437365591397853,32.0,157024.90000000002,201593.3,-44568.399999999965,1.2838219682230763,149235.8,0.7402778749200746,49534.415624999994,7911.8,-254.15606851467086,0.0,0.0,1998-01-21,1.0634139784946237
6675,8158,971101,238716.0,36,6631.0,C,1997-11-01,36,48,POPLATEK TYDNE,960616,1996-06-16,9767,10075,640701,48,1964-07-01,M,Rychnov nad Kneznou,east Bohemia,78955,50,24,8,1,9,59.0,9060,1.78,2.44,124,1655.0,1717,503,33.33607118412046,False,,0,425,False,True,False,True,False,True,True,238716.0,36.0,6631.0,0.027777777777777776,503.0,33.33607118412046,0.0,9060.0,2.44,1717.0,124.0,0.0,106.0,7.0,40099.2,42046.7,-1947.5,1.0485409050328927,23730.0,0.5643590493653636,70349.51428571428,43170.4,821.3452924393725,0.0,0.0,1997-11-30,6.510390589654652,15.0,100111.5,88193.4,11918.100000000006,0.8809429391934074,51560.0,0.5846176174450985,73088.3,37122.9,456.6501407615942,0.0,0.0,1997-12-31,5.5983863670637914,28.0,139895.5,185825.1,-45929.600000000006,1.3283041391314294,130875.0,0.7042875032086451,65799.19642857143,32773.5,-178.95714972145896,0.0,0.0,1998-01-22,4.942467199517418
5398,2187,971104,53472.0,12,4456.0,A,1997-11-04,12,9,POPLATEK TYDNE,960226,1996-02-26,2647,2647,400326,9,1940-03-26,M,Nymburk,central Bohemia,81344,61,23,4,2,6,55.3,8899,3.39,3.97,149,2987.0,2487,617,57.609856262833674,True,0.0,0,422,False,True,False,True,False,True,True,53472.0,12.0,4456.0,0.08333333333333333,617.0,57.609856262833674,0.0,8899.0,3.97,2487.0,149.0,0.0,134.0,7.0,54106.4,72386.0,-18279.6,1.3378207047464856,67930.0,0.9384281708041499,66231.87142857142,45804.3,-1530.636524822695,0.0,0.0,1997-11-30,10.279241472172352,15.0,124621.4,115772.0,8849.399999999994,0.928982269640129,106860.0,0.9230131377782385,69629.28666666668,45804.3,-1.1242773187332895,0.0,0.0,1997-12-31,10.279241472172352,22.0,168848.6,165064.0,3784.600000000006,0.9775800475689608,151696.0,0.919007663647654,70853.89090909089,45804.3,14.292480916593952,0.0,0.0,1998-01-31,10.279241472172352
5956,4725,971104,168264.0,36,4674.0,C,1997-11-04,36,73,POPLATEK MESICNE,970414,1997-04-14,5699,5699,501008,73,1950-10-08,M,Opava,north Moravia,182027,17,49,12,2,7,56.4,8746,3.33,3.74,90,4355.0,4433,204,47.07460643394935,False,,0,422,False,True,False,True,False,True,True,168264.0,36.0,4674.0,0.027777777777777776,204.0,47.07460643394935,0.0,8746.0,3.74,4433.0,90.0,0.0,25.0,6.0,28151.2,32150.8,-3999.5999999999985,1.1420350807396935,14014.6,0.43588850390957895,32749.8,23469.4,-820.867809952207,0.0,0.0,1997-11-30,5.021266581086864,14.0,70323.0,76301.6,-5978.600000000006,1.085000853193789,40029.2,0.5246112190148172,32850.607142857145,21582.1,-270.9302223959569,0.0,0.0,1998-01-02,4.617479674796748,22.0,98457.2,110552.4,-12095.199999999997,1.12283588365418,56143.799999999996,0.5078432685019185,30938.931818181813,15390.9,-222.80576038627652,0.0,0.0,1998-01-31,3.2928754813863925
5731,3711,971105,460980.0,60,7683.0,D,1997-11-05,60,3,POPLATEK MESICNE,970508,1997-05-08,4474,4474,646209,3,1964-12-09,F,Beroun,central Bohemia,75232,55,26,4,1,5,41.7,8980,1.95,2.21,111,2824.0,2813,181,32.90622861054072,False,,1,421,False,True,False,True,False,True,True,460980.0,60.0,7683.0,0.016666666666666666,181.0,32.90622861054072,1.0,8980.0,2.21,2813.0,111.0,0.0,26.0,6.0,28488.3,24397.800000000003,4090.4999999999964,0.8563846777562103,16714.6,0.6850582815548304,14147.483333333332,5080.4,349.6877297794118,0.0,0.0,1997-12-04,0.6612521150592217,19.0,127047.7,99795.6,27252.09999999999,0.7854909180495354,84429.2,0.8460127900148902,51280.50526315789,5080.4,1600.8636522790935,0.0,0.0,1998-01-03,0.6612521150592217,28.0,127193.70000000001,131793.4,-4599.6999999999825,1.0361548083371397,108743.8,0.8251018252672345,42642.17142857142,5080.4,66.9504209733726,0.0,0.0,1998-02-02,0.6612521150592217
6956,9631,971109,59448.0,24,2477.0,C,1997-11-09,24,11,POPLATEK MESICNE,960625,1996-06-25,11547,11855,571201,11,1957-12-01,M,Praha - zapad,central Bohemia,75637,35,36,9,0,7,36.5,9622,0.45,0.59,154,3475.0,3529,502,39.93976728268309,False,,0,417,False,True,False,True,False,True,True,59448.0,24.0,2477.0,0.041666666666666664,502.0,39.93976728268309,0.0,9622.0,0.59,3529.0,154.0,0.0,93.0,6.0,23402.7,22573.399999999998,829.3000000000029,0.9645227036750598,20096.6,0.8902385002480686,22604.149999999998,12311.0,-138.72022782188472,0.0,0.0,1997-12-07,4.970125151392814,15.0,38343.8,49598.8,-11255.0,1.2934948154638959,44645.2,0.900108468179307,22821.566666666662,12311.0,-20.424000194372926,0.0,0.0,1998-01-08,4.970125151392814,24.0,53557.2,67090.2,-13533.0,1.2526597234410417,59659.799999999996,0.8892343556233903,19249.370833333334,5438.0,-163.29976313503934,0.0,0.0,1998-02-07,2.1953976584578117
6437,7052,971109,63972.0,36,1777.0,D,1997-11-09,36,55,POPLATEK PO OBRATU,970717,1997-07-17,8510,8510,470524,55,1947-05-24,M,Brno - venkov,south Moravia,157042,49,70,18,0,9,33.9,8743,1.88,2.43,111,3659.0,3894,115,50.46406570841889,False,,1,417,False,True,False,True,False,True,True,63972.0,36.0,1777.0,0.027777777777777776,115.0,50.46406570841889,0.0,8743.0,2.43,3894.0,111.0,0.0,11.0,3.0,16117.5,6700.0,9417.5,0.41567143344604024,6700.0,0.9998507685420086,37767.63333333333,32352.7,582.3459833795011,0.0,0.0,1997-12-05,18.206359032076534,12.0,26922.2,35876.7,-8954.499999999996,1.332557051167766,34100.0,0.950451115874206,32856.05000000001,19438.2,-273.407367744699,0.0,0.0,1998-01-05,10.938773213280811,23.0,42952.2,72858.7,-29906.5,1.6962345063930044,69305.3,0.951215829875775,22635.213043478263,-1513.8,-569.3932848705523,1.0,1.0,1998-02-05,-0.8518851997749015
5447,2335,971112,541200.0,60,9020.0,D,1997-11-12,60,70,POPLATEK MESICNE,960404,1996-04-04,2823,2823,466218,70,1946-12-18,F,Karvina,north Moravia,285387,0,2,8,5,7,89.9,10177,6.63,7.75,81,9878.0,10108,587,50.902121834360024,False,,1,414,False,True,False,True,False,True,True,541200.0,60.0,9020.0,0.016666666666666666,587.0,50.902121834360024,1.0,10177.0,7.75,10108.0,81.0,1.0,174.0,12.0,20991.1,20395.3,595.7999999999993,0.9715702573825392,6109.3,0.2995298166824375,-199.94999999999982,-5011.4,208.0792607802875,1.0,1.0,1997-12-12,-0.5555875831485587,23.0,34994.799999999996,28362.199999999997,6632.5999999999985,0.8104458249275628,8810.2,0.3106208044226322,1182.321739130435,-5011.4,104.0628358692133,1.0,1.0,1998-01-10,-0.5555875831485587,34.0,48993.2,42679.6,6313.5999999999985,0.8711153565115871,8841.600000000002,0.2071573501778326,1470.1735294117648,-5011.4,46.5463366423347,1.0,1.0,1998-02-10,-0.5555875831485587
5973,4784,971124,219456.0,48,4572.0,C,1997-11-24,48,46,POPLATEK MESICNE,970808,1997-08-08,5774,5774,605115,46,1960-01-15,F,Nachod,east Bohemia,112709,48,20,7,3,10,73.5,8369,1.79,2.31,117,2854.0,2618,108,37.8590006844627,False,,0,402,False,True,False,True,False,True,True,219456.0,48.0,4572.0,0.020833333333333332,108.0,37.8590006844627,1.0,8369.0,2.31,2618.0,117.0,0.0,11.0,4.0,44477.3,30372.0,14105.300000000003,0.6828498391350388,25800.0,0.8494386461660027,79024.1,51633.1,1784.3333333333333,0.0,0.0,1997-12-12,11.29332895888014,11.0,74284.4,76058.6,-1774.2000000000116,1.0238701009888889,66914.6,0.8797653419160764,77819.84545454544,50476.7,-58.58311476745152,0.0,0.0,1998-01-12,11.040398075240594,16.0,104033.7,106845.2,-2811.5,1.0270150247946117,93129.20000000001,0.8716192059240293,75621.74375,49439.4,-130.84888992755327,0.0,0.0,1998-02-12,10.813517060367454
6075,5267,971126,129312.0,24,5388.0,D,1997-11-26,24,4,POPLATEK MESICNE,960112,1996-01-12,6363,6363,736020,4,1973-10-20,F,Kladno,central Bohemia,149893,63,29,6,2,6,67.4,9753,4.64,5.05,109,5244.0,5892,684,24.10130047912389,False,,1,400,False,True,False,True,False,True,True,129312.0,24.0,5388.0,0.041666666666666664,684.0,24.10130047912389,1.0,9753.0,5.05,5892.0,109.0,1.0,152.0,8.0,45782.1,78388.1,-32606.000000000007,1.7121623481153527,72999.6,0.9312468187541381,74360.4375,38910.6,-3584.351492537314,0.0,0.0,1997-12-17,7.221714922048998,13.0,63533.7,100491.20000000001,-36957.500000000015,1.581674266188398,89714.20000000001,0.8927478948614918,64550.430769230756,34559.1,-1180.7792760968616,0.0,0.0,1998-01-12,6.4140868596881955,18.0,106859.8,138894.30000000002,-32034.500000000015,1.2997684838593762,122728.8,0.8836065727206032,64274.97777777777,34559.1,-349.2009448728442,0.0,0.0,1998-02-12,6.4140868596881955
5281,1580,971127,194256.0,24,8094.0,C,1997-11-27,24,69,POPLATEK MESICNE,960108,1996-01-08,1913,1913,680415,69,1968-04-15,M,Jesenik,north Moravia,42821,4,13,5,1,3,48.4,8173,7.01,7.01,124,1358.0,1358,689,29.61806981519507,False,,0,399,False,True,False,True,False,True,True,194256.0,24.0,8094.0,0.041666666666666664,689.0,29.61806981519507,0.0,8173.0,7.01,1358.0,124.0,0.0,134.0,9.0,82290.3,82808.8,-518.5,1.0062886356151866,74714.6,0.9022434542771508,62217.34444444444,35444.2,1597.4341590341378,0.0,0.0,1997-12-24,4.37907091672844,16.0,82512.7,123117.6,-40604.90000000001,1.4920867686214534,106929.20000000001,0.868505652273499,53174.54375,27137.8,-125.99569069978797,0.0,0.0,1998-01-12,3.3528292562391893,21.0,101921.90000000001,131226.40000000002,-29304.500000000015,1.2875065368038,106943.80000000002,0.8149502314303263,48934.69047619047,27137.8,-298.2899967700541,0.0,0.0,1998-02-12,3.3528292562391893
5103,666,971128,12540.0,12,1045.0,A,1997-11-28,12,27,POPLATEK MESICNE,960315,1996-03-15,798,798,405212,27,1940-02-12,F,Plzen - jih,west Bohemia,67298,71,19,10,0,7,43.8,8561,0.65,1.29,110,1029.0,1127,623,57.79329226557152,True,0.0,0,398,False,True,False,True,False,True,True,12540.0,12.0,1045.0,0.08333333333333333,623.0,57.79329226557152,1.0,8561.0,1.29,1127.0,110.0,0.0,152.0,11.0,22205.0,14332.6,7872.4,0.6454381698640007,6114.6,0.42659206340347156,51580.799999999996,41492.6,94.1078691423519,0.0,0.0,1997-12-12,39.70583732057416,26.0,37106.8,40765.2,-3658.399999999994,1.0985614884202242,24329.2,0.5967983280266496,52925.399999999994,41492.6,29.931057177405535,0.0,0.0,1998-01-26,39.70583732057416,37.0,54386.9,66997.79999999999,-12610.899999999987,1.2318512021975474,42343.799999999996,0.6320083344776325,49438.98108108108,34218.3,-154.13515927700033,0.0,0.0,1998-02-14,32.74478468899522
6468,7176,971130,203940.0,60,3399.0,C,1997-11-30,60,1,POPLATEK MESICNE,961207,1996-12-07,8661,8661,545511,1,1954-05-11,F,Hl.m. Praha,Prague,1204953,0,0,0,1,1,100.0,12541,0.29,0.43,167,85677.0,99107,358,43.5564681724846,False,,0,396,False,True,False,True,False,True,True,203940.0,60.0,3399.0,0.016666666666666666,358.0,43.5564681724846,1.0,12541.0,0.43,99107.0,167.0,0.0,54.0,7.0,37411.7,30543.6,6868.0999999999985,0.8163965712177951,21034.6,0.6886520039548726,55487.91428571429,32978.4,529.5890522875817,0.0,0.0,1997-12-21,9.702383053839364,19.0,62463.399999999994,68227.2,-5763.800000000003,1.0922573497864385,49209.2,0.7212442948810023,52649.63157894737,32978.4,-108.50080350739944,0.0,0.0,1998-01-24,9.702383053839364,28.0,87658.09999999999,94525.40000000001,-6867.3000000000175,1.0783295744537649,65998.4,0.6982007142978045,49730.432142857135,28752.2,-158.58679778094546,0.0,0.0,1998-02-28,8.459017358046484
7209,10857,971130,385560.0,60,6426.0,D,1997-11-30,60,50,POPLATEK MESICNE,961002,1996-10-02,13038,13346,560415,50,1956-04-15,M,Svitavy,east Bohemia,102609,75,33,2,3,6,52.0,8187,4.83,5.45,94,2123.0,2134,424,41.62628336755647,False,,1,396,False,True,False,True,False,True,True,385560.0,60.0,6426.0,0.016666666666666666,424.0,41.62628336755647,0.0,8187.0,5.45,2134.0,94.0,0.0,59.0,9.0,41976.7,40241.8,1734.8999999999942,0.9586470911936578,33815.5,0.8402869581639448,16509.366666666665,-2132.2,409.85175469075745,1.0,1.0,1997-12-26,-0.33180827886710235,16.0,65089.0,65162.7,-73.69999999999709,1.0011169150407129,58736.399999999994,0.9013668652946348,14452.225,-2132.2,-37.26792823505625,1.0,1.0,1998-01-28,-0.33180827886710235,27.0,116339.90000000001,113671.2,2668.7000000000116,0.9770527819537238,100818.6,0.8869239796537765,18064.085185185188,-2132.2,101.62776297229419,1.0,1.0,1998-02-28,-0.33180827886710235
5584,2986,971206,24792.0,24,1033.0,C,1997-12-06,24,63,POPLATEK MESICNE,960409,1996-04-09,3606,3606,580606,63,1958-06-06,M,Vyskov,south Moravia,86513,38,36,5,1,5,50.5,8288,3.79,4.52,110,1562.0,1460,606,39.501711156741955,False,,0,390,False,True,False,True,False,True,True,24792.0,24.0,1033.0,0.041666666666666664,606.0,39.501711156741955,0.0,8288.0,4.52,1460.0,110.0,0.0,135.0,9.0,23687.5,25958.6,-2271.0999999999985,1.0958313105515334,20234.6,0.7794650148692583,58619.58888888888,46789.7,-420.22601351351375,0.0,0.0,1998-01-05,45.294966118102614,19.0,23920.6,48796.2,-24875.6,2.039838472342987,40649.2,0.8330232062495389,56188.78421052631,44094.7,-369.2147773373207,0.0,0.0,1998-01-31,42.68606001936108,30.0,71026.79999999999,77735.8,-6709.000000000015,1.0944418945821215,60563.799999999996,0.7790878965946629,57502.11,42351.8,-53.64295399955311,0.0,0.0,1998-03-05,40.99883833494676
4988,103,971206,265320.0,36,7370.0,D,1997-12-06,36,44,POPLATEK MESICNE,960310,1996-03-10,124,124,670921,44,1967-09-21,M,Chrudim,east Bohemia,105606,77,26,7,2,7,53.0,8254,2.79,3.76,97,2166.0,2325,636,30.209445585215605,False,,1,390,False,True,False,True,False,True,True,265320.0,36.0,7370.0,0.027777777777777776,636.0,30.209445585215605,0.0,8254.0,3.76,2325.0,97.0,0.0,83.0,6.0,15885.699999999999,12214.6,3671.0999999999985,0.7688569684075359,12214.6,0.9999181374635712,19141.0,7778.2,714.9832957110609,0.0,0.0,1997-12-31,1.0553867028493893,16.0,34271.9,37023.899999999994,-2751.9999999999927,1.0802674999781166,29653.7,0.8009123589800379,15383.956250000001,-1120.9,-10.286601911810074,1.0,1.0,1998-01-31,-0.152089552238806,29.0,149199.09999999998,73902.40000000001,75296.69999999997,0.49532406479620333,66532.20000000001,0.9002589867313276,27730.94482758621,-1139.8,605.5356413582572,1.0,1.0,1998-03-03,-0.1546540027137042
6502,7424,971208,30276.0,12,2523.0,A,1997-12-08,12,68,POPLATEK MESICNE,960728,1996-07-28,8894,9202,620209,68,1962-02-09,M,Frydek - Mistek,north Moravia,228848,15,40,18,2,6,57.2,9893,4.09,4.72,96,5623.0,5887,498,35.827515400410675,True,0.0,0,388,False,True,False,True,False,True,True,30276.0,12.0,2523.0,0.08333333333333333,498.0,35.827515400410675,0.0,9893.0,4.72,5887.0,96.0,0.0,164.0,7.0,89.8,13428.800000000001,-13339.000000000002,147.8942731277533,2814.6,0.20957869811910823,18312.985714285714,14507.7,-316.67165055248614,0.0,0.0,1998-01-06,5.7501783590963145,18.0,54533.0,31857.600000000002,22675.399999999998,0.5841786775222797,10629.2,0.33363675742185783,24466.877777777772,5003.5,370.5624776482369,0.0,0.0,1998-02-06,1.9831549742370194,26.0,54677.0,57650.4,-2973.4000000000015,1.0543619005815867,25643.8,0.4448079318108493,27059.94615384616,5003.5,220.01633532369092,0.0,0.0,1998-03-08,1.9831549742370194
5651,3329,971208,19248.0,12,1604.0,A,1997-12-08,12,3,POPLATEK MESICNE,961012,1996-10-12,4024,4024,641016,3,1964-10-16,M,Beroun,central Bohemia,75232,55,26,4,1,5,41.7,8980,1.95,2.21,111,2824.0,2813,422,33.14442162902122,True,0.0,0,388,False,True,False,True,False,True,True,19248.0,12.0,1604.0,0.08333333333333333,422.0,33.14442162902122,0.0,8980.0,2.21,2813.0,111.0,0.0,72.0,12.0,23161.4,25267.6,-2106.199999999997,1.0908886816564776,14414.6,0.5704550311453741,26703.516666666663,18300.3,-328.06581943341274,0.0,0.0,1998-01-06,11.409164588528677,21.0,46901.9,45015.2,1886.7000000000044,0.9597530216681697,23309.199999999997,0.5177958157285599,27474.147619047617,18300.3,-24.730718085106385,0.0,0.0,1998-02-06,11.409164588528677,27.0,65769.9,65282.799999999996,487.09999999999854,0.9925787848425368,32723.799999999996,0.501254522561493,30146.16666666666,18300.3,164.7469649225385,0.0,0.0,1998-03-06,11.409164588528677
4962,25,971208,30276.0,12,2523.0,A,1997-12-08,12,68,POPLATEK MESICNE,960728,1996-07-28,31,31,620209,68,1962-02-09,M,Frydek - Mistek,north Moravia,228848,15,40,18,2,6,57.2,9893,4.09,4.72,96,5623.0,5887,498,35.827515400410675,True,0.0,0,388,False,True,False,True,False,True,True,30276.0,12.0,2523.0,0.08333333333333333,498.0,35.827515400410675,0.0,9893.0,4.72,5887.0,96.0,0.0,164.0,7.0,104.4,13428.800000000001,-13324.400000000001,127.40796963946869,2814.6,0.20957869811910823,22094.54285714286,18297.6,-316.0515538674034,0.0,0.0,1998-01-06,7.25231866825208,18.0,54562.2,31857.600000000002,22704.599999999995,0.5838660489120874,10629.2,0.33363675742185783,28256.777777777777,8793.4,370.99271868965025,0.0,0.0,1998-02-06,3.4852952833927864,26.0,54720.799999999996,57650.4,-2929.600000000006,1.053517976382356,25643.8,0.4448079318108493,30856.584615384614,8793.4,220.51282233888898,0.0,0.0,1998-03-08,3.4852952833927864
5862,4342,971209,100128.0,24,4172.0,C,1997-12-09,24,74,POPLATEK MESICNE,960429,1996-04-29,5232,5232,485406,74,1948-04-06,F,Ostrava - mesto,north Moravia,323870,0,0,0,1,1,100.0,10673,4.75,5.44,100,18782.0,18347,589,49.67556468172484,False,,0,387,False,True,False,True,False,True,True,100128.0,24.0,4172.0,0.041666666666666664,589.0,49.67556468172484,1.0,10673.0,5.44,18347.0,100.0,0.0,139.0,7.0,30713.0,20821.6,9891.400000000001,0.6779188643615289,10514.6,0.5049609558844718,60172.67142857143,40351.7,1030.0548672566372,0.0,0.0,1998-01-06,9.672027804410353,19.0,61704.9,68943.2,-7238.299999999996,1.11728700172917,48329.2,0.7009900760325016,61180.77368421054,40351.7,93.7714698867585,0.0,0.0,1998-02-06,9.672027804410353,27.0,130345.8,87664.79999999999,42681.000000000015,0.6725504577020686,56743.799999999996,0.647274079515615,62650.52962962962,35213.5,190.60708563202462,0.0,0.0,1998-03-06,8.440436241610739
7199,10789,971209,45768.0,12,3814.0,A,1997-12-09,12,75,POPLATEK MESICNE,960918,1996-09-18,12953,13261,440801,75,1944-08-01,M,Prerov,north Moravia,138032,67,30,4,2,5,64.6,8819,5.38,5.66,99,4063.0,4505,447,53.35523613963039,True,0.0,0,387,False,True,False,True,False,True,True,45768.0,12.0,3814.0,0.08333333333333333,447.0,53.35523613963039,0.0,8819.0,5.66,4505.0,99.0,0.0,146.0,14.0,60284.1,112978.29999999999,-52694.19999999999,1.8740667262723292,95221.6,0.8428234198654091,42508.09285714285,23695.1,-1633.0155814321927,0.0,0.0,1998-01-07,6.212663869952805,30.0,161186.2,176349.6,-15163.399999999994,1.094067022691628,140836.2,0.7986148048262949,47171.73999999999,23695.1,-54.74295690215693,0.0,0.0,1998-02-07,6.212663869952805,37.0,161375.40000000002,208920.9,-47545.49999999997,1.29461866790931,155650.80000000002,0.7450190717201022,44688.256756756746,23695.1,-194.6182986971655,0.0,0.0,1998-03-07,6.212663869952805
6727,8505,971210,42840.0,12,3570.0,A,1997-12-10,12,70,POPLATEK MESICNE,970320,1997-03-20,10184,10492,371111,70,1937-11-11,M,Karvina,north Moravia,285387,0,2,8,5,7,89.9,10177,6.63,7.75,81,9878.0,10108,265,60.07939767282683,True,0.0,0,386,False,True,False,True,False,True,True,42840.0,12.0,3570.0,0.08333333333333333,265.0,60.07939767282683,0.0,10177.0,7.75,10108.0,81.0,0.0,45.0,9.0,15592.8,25244.6,-9651.8,1.618886993548718,21674.6,0.8585496086446747,40328.34444444445,32843.7,-416.30328816261476,0.0,0.0,1998-01-05,9.199915966386554,19.0,31153.1,46989.2,-15836.099999999999,1.5082830189284877,39849.2,0.8480321428723436,36064.31052631579,26385.7,-314.2813536907911,0.0,0.0,1998-02-05,7.390952380952381,25.0,46626.5,55673.799999999996,-9047.299999999996,1.1940121173127445,44963.799999999996,0.8076149353028659,36232.564,26385.7,-93.33182998730383,0.0,0.0,1998-03-05,7.390952380952381
7279,11244,971211,155760.0,24,6490.0,C,1997-12-11,24,33,POPLATEK MESICNE,970112,1997-01-12,13512,13820,485731,33,1948-07-31,F,Decin,north Bohemia,133777,24,17,7,3,11,84.7,8705,5.75,7.61,116,4650.0,4859,333,49.36344969199179,False,,0,385,False,True,False,True,False,True,True,155760.0,24.0,6490.0,0.041666666666666664,333.0,49.36344969199179,1.0,8705.0,7.61,4859.0,116.0,0.0,83.0,16.0,104432.4,108059.1,-3626.7000000000116,1.034717820160983,89414.6,0.827452500969368,80223.11875,29602.6,2072.647544101564,0.0,0.0,1998-01-07,4.561263482280431,23.0,104635.0,138518.2,-33883.20000000001,1.323810160938874,101229.20000000001,0.7307954420759,64627.556521739105,21563.9,-797.2477125363187,0.0,0.0,1998-02-06,3.3226348228043148,29.0,141520.09999999998,168877.30000000002,-27357.20000000004,1.193301210914839,112943.80000000002,0.6687881154653973,54421.87586206896,2919.4,-869.5556574911982,0.0,0.0,1998-03-08,0.4498305084745763
6544,7594,971211,130464.0,48,2718.0,C,1997-12-11,48,16,POPLATEK MESICNE,960216,1996-02-16,9095,9403,740322,16,1974-03-22,M,Jindrichuv Hradec,south Bohemia,93931,74,21,10,1,8,56.9,8427,1.12,1.54,107,1874.0,1913,664,23.72347707049966,False,,0,385,False,True,False,True,False,True,True,130464.0,48.0,2718.0,0.020833333333333332,664.0,23.72347707049966,0.0,8427.0,1.54,1913.0,107.0,0.0,191.0,9.0,12637.1,12056.6,580.5,0.9539883368544322,3314.6,0.2748971602972399,28569.933333333334,22355.7,34.297504621072,0.0,0.0,1998-01-09,8.225055187637969,19.0,61970.5,22613.199999999997,39357.3,0.3648967670622786,5129.200000000001,0.22681324123780638,34144.621052631584,22355.7,421.4667502211737,0.0,0.0,1998-02-09,8.225055187637969,32.0,127499.5,115535.8,11963.699999999997,0.9061595836879072,89309.8,0.7729987328712583,43362.271875,22355.7,425.23231330174553,0.0,0.0,1998-03-09,8.225055187637969
5933,4631,971213,87528.0,24,3647.0,C,1997-12-13,24,77,POPLATEK PO OBRATU,961212,1996-12-12,5579,5579,510216,77,1951-02-16,M,Vsetin,north Moravia,148545,8,35,12,3,4,53.5,8909,4.01,5.56,113,3460.0,3590,366,46.822724161533195,False,,0,383,False,True,False,True,False,True,True,87528.0,24.0,3647.0,0.041666666666666664,366.0,46.822724161533195,0.0,8909.0,5.56,3590.0,113.0,0.0,57.0,8.0,22158.2,42047.0,-19888.8,1.8974962995053972,38400.0,0.91324200913242,54747.95,42092.1,6.26143313555443,0.0,0.0,1998-01-12,11.541568412393747,18.0,48521.8,66147.0,-17625.199999999997,1.3632148186007402,62500.0,0.9448509403156558,46531.277777777774,30927.1,-494.71428889548685,0.0,0.0,1998-02-08,8.480148066904304,24.0,70605.70000000001,78241.0,-7635.299999999988,1.1081242998185723,67300.0,0.8601518366094936,49393.799999999996,30927.1,85.25977763873514,0.0,0.0,1998-03-12,8.480148066904304
6574,7745,971220,77544.0,36,2154.0,C,1997-12-20,36,2,POPLATEK MESICNE,961129,1996-11-29,9274,9582,425414,2,1942-04-14,F,Benesov,central Bohemia,88884,80,26,6,2,5,46.7,8507,1.67,1.85,132,2159.0,2674,386,55.68514715947981,False,,0,376,False,True,False,True,False,True,True,77544.0,36.0,2154.0,0.027777777777777776,386.0,55.68514715947981,1.0,8507.0,1.85,2674.0,132.0,0.0,64.0,9.0,39353.7,26128.4,13225.299999999996,0.6639207007041091,13814.6,0.5286994726247063,28970.800000000003,13621.5,581.783064516129,0.0,0.0,1998-01-18,6.323816155988858,16.0,43174.2,54056.8,-10882.600000000006,1.252033574829995,29429.199999999997,0.5444024729086273,26001.85625,9867.5,-211.1535542168675,0.0,0.0,1998-02-12,4.581012070566388,21.0,55347.899999999994,66385.2,-11037.300000000003,1.1993951099299174,29443.799999999996,0.44352290084385004,23983.066666666666,9712.8,-210.69998702706704,0.0,0.0,1998-03-12,4.509192200557103
6399,6902,971221,49320.0,36,1370.0,C,1997-12-21,36,60,POPLATEK MESICNE,961022,1996-10-22,8333,8333,660201,60,1966-02-01,M,Prostejov,south Moravia,110643,49,41,4,1,4,51.9,8441,3.45,4.48,115,1879.0,2252,425,31.88501026694045,False,,0,375,False,True,False,True,False,True,True,49320.0,36.0,1370.0,0.027777777777777776,425.0,31.88501026694045,0.0,8441.0,4.48,2252.0,115.0,0.0,81.0,12.0,10499.9,18329.6,-7829.699999999999,1.7455265739127122,12394.6,0.6761699016944345,26707.79166666666,18857.1,-70.7499508116085,0.0,0.0,1998-01-20,13.764306569343065,21.0,20973.3,27479.199999999997,-6505.899999999998,1.3101366910933856,15609.2,0.5680162444232576,24134.457142857147,16457.1,-135.48866636579027,0.0,0.0,1998-02-14,12.012481751824817,29.0,31430.899999999998,38848.799999999996,-7417.899999999998,1.235967281646989,21043.800000000003,0.5416707421917232,24238.082758620694,16457.1,-27.978941242183822,0.0,0.0,1998-03-16,12.012481751824817
7187,10711,971224,24180.0,60,403.0,C,1997-12-24,60,36,POPLATEK MESICNE,960708,1996-07-08,12864,13172,381019,36,1938-10-19,M,Liberec,north Bohemia,159617,29,19,8,1,9,85.2,9198,3.33,4.28,131,5796.0,6132,534,59.181382614647504,False,,0,372,False,True,False,True,False,True,True,24180.0,60.0,403.0,0.016666666666666666,534.0,59.181382614647504,0.0,9198.0,4.28,6132.0,131.0,0.0,134.0,10.0,22392.9,23192.6,-799.6999999999971,1.0356659626058882,19134.6,0.8249948261589404,83866.72,70001.5,1205.1196948682382,0.0,0.0,1998-01-13,173.70099255583128,19.0,44783.3,46965.2,-2181.899999999994,1.0486978695658968,38849.2,0.8271735844075101,83068.22631578949,68621.7,90.26699636175688,0.0,0.0,1998-02-13,170.27717121588088,29.0,67169.70000000001,69677.79999999999,-2508.0999999999767,1.0373243095575895,57503.8,0.8252696659529155,83786.9344827586,68621.7,68.68744747859394,0.0,0.0,1998-03-13,170.27717121588088
6353,6686,971225,116496.0,24,4854.0,C,1997-12-25,24,61,POPLATEK MESICNE,960210,1996-02-10,8074,8074,581007,61,1958-10-07,M,Trebic,south Moravia,117897,139,28,5,1,6,53.8,8814,4.76,5.74,107,2112.0,2059,684,39.21697467488022,False,,0,371,False,True,False,True,False,True,True,116496.0,24.0,4854.0,0.041666666666666664,684.0,39.21697467488022,0.0,8814.0,5.74,2059.0,107.0,0.0,120.0,4.0,29270.6,4868.400000000001,24402.199999999997,0.1663182060427172,14.6,0.0029983160142933417,37755.1,24403.4,2381.3,0.0,0.0,1998-01-12,5.027482488669139,10.0,58551.5,56316.8,2234.699999999997,0.9618171726228599,46609.2,0.8276104535333411,33136.84999999999,19972.6,-14.37666334918358,0.0,0.0,1998-02-14,4.114668314791924,14.0,87778.4,61185.2,26593.199999999997,0.6970337003898409,46623.799999999996,0.7619986206039924,35082.35,19972.6,134.63177347731016,0.0,0.0,1998-03-12,4.114668314791924
5043,339,971225,468060.0,60,7801.0,C,1997-12-25,60,46,POPLATEK TYDNE,960911,1996-09-11,414,414,476019,46,1947-10-19,F,Nachod,east Bohemia,112709,48,20,7,3,10,73.5,8369,1.79,2.31,117,2854.0,2618,470,50.18480492813142,False,,0,371,False,True,False,True,False,True,True,468060.0,60.0,7801.0,0.016666666666666666,470.0,50.18480492813142,1.0,8369.0,2.31,2618.0,117.0,0.0,112.0,12.0,47165.4,76866.2,-29700.799999999996,1.6296812985515112,64930.0,0.8447035926897298,78315.87500000001,53828.0,-504.9129385709293,0.0,0.0,1998-01-24,6.900141007563133,21.0,94270.3,111132.4,-16862.09999999999,1.178857191955558,87260.0,0.7851824923920262,70098.12857142858,39366.8,-619.1380585148671,0.0,0.0,1998-02-12,5.046378669401359,29.0,141364.2,164874.6,-23510.399999999994,1.1663025978104937,129066.0,0.7828083718876534,68024.95172413794,32718.5,-294.2922157973276,0.0,0.0,1998-03-12,4.194141776695296
5469,2445,971226,293160.0,60,4886.0,C,1997-12-26,60,52,POPLATEK MESICNE,960707,1996-07-07,2952,2952,785117,52,1978-01-17,F,Usti nad Orlici,east Bohemia,139012,59,41,8,3,10,61.9,8363,2.52,3.49,108,2564.0,2799,537,19.939767282683093,False,,0,370,False,True,False,True,False,True,True,293160.0,60.0,4886.0,0.016666666666666666,537.0,19.939767282683093,1.0,8363.0,3.49,2799.0,108.0,0.0,97.0,6.0,35129.4,4900.6,30228.800000000003,0.13949741534397558,14.6,0.002978619226375061,30296.233333333334,17240.8,1972.2451745379874,0.0,0.0,1998-01-14,3.528612361850184,11.0,35266.5,32301.199999999997,2965.300000000003,0.9158914014319132,22529.199999999997,0.6974509476134753,28405.363636363636,17240.8,19.874749453696072,0.0,0.0,1998-02-12,3.528612361850184,22.0,172760.1,101401.8,71358.3,0.5869481034793134,86743.8,0.8554379169017029,53205.19999999998,17240.8,946.8578027092113,0.0,0.0,1998-03-16,3.528612361850184
5976,4794,971227,465504.0,48,9698.0,D,1997-12-27,48,72,POPLATEK MESICNE,961218,1996-12-18,5788,5788,620504,72,1962-05-04,M,Olomouc,north Moravia,226122,32,50,7,4,4,62.6,8994,3.8,4.79,110,9672.0,9208,374,35.64955509924709,False,,1,369,False,True,False,True,False,True,True,465504.0,48.0,9698.0,0.020833333333333332,374.0,35.64955509924709,0.0,8994.0,4.79,9208.0,110.0,0.0,86.0,12.0,18470.8,22799.6,-4328.799999999999,1.234292272545177,5774.6,0.253265264949168,20847.800000000003,12945.6,332.5315803313174,0.0,0.0,1998-01-14,1.3348731697257168,21.0,35030.7,47239.2,-12208.5,1.348470099938056,13189.2,0.27919441492627045,19228.966666666674,5065.9,-108.5510383619294,0.0,0.0,1998-02-14,0.5223654361724066,30.0,51568.399999999994,66798.79999999999,-15230.399999999994,1.2953185416157642,15723.800000000001,0.23538693229620453,17051.366666666672,2043.9,-141.9006342892742,0.0,0.0,1998-03-14,0.21075479480305218
6059,5196,971228,79824.0,12,6652.0,A,1997-12-28,12,13,POPLATEK TYDNE,970629,1997-06-29,6275,6275,561230,13,1956-12-30,M,Rakovnik,central Bohemia,53921,61,22,1,1,2,41.3,8598,2.77,3.26,123,1597.0,1875,182,40.993839835728956,True,0.0,0,368,False,True,False,True,False,True,True,79824.0,12.0,6652.0,0.08333333333333333,182.0,40.993839835728956,0.0,8598.0,3.26,1875.0,123.0,0.0,31.0,14.0,95417.0,58987.5,36429.5,0.6182009683707477,44430.0,0.7531976571704654,42617.05714285715,22325.2,464.404584969153,0.0,0.0,1998-01-26,3.3561635598316295,24.0,189804.5,133575.0,56229.5,0.7037467302053945,104460.0,0.7820267113852788,61247.01249999999,22325.2,1199.2551542409833,0.0,0.0,1998-02-26,3.3561635598316295,30.0,205870.4,176662.5,29207.899999999994,0.8581206520186874,132990.0,0.75278707825895,66342.94999999998,22325.2,792.5360785501847,0.0,0.0,1998-03-26,3.3561635598316295
5799,4052,971228,106128.0,36,2948.0,C,1997-12-28,36,36,POPLATEK TYDNE,970125,1997-01-25,4882,4882,781221,36,1978-12-21,M,Liberec,north Bohemia,159617,29,19,8,1,9,85.2,9198,3.33,4.28,131,5796.0,6132,337,19.019849418206707,False,,0,368,False,True,False,True,False,True,True,106128.0,36.0,2948.0,0.027777777777777776,337.0,19.019849418206707,0.0,9198.0,4.28,6132.0,131.0,0.0,52.0,13.0,20500.3,58778.0,-38277.7,2.86703770004829,55830.0,0.9498290205685704,45607.88461538462,12817.5,-1599.734186890885,0.0,0.0,1998-01-27,4.3478629579375845,21.0,53540.2,77434.0,-23893.800000000003,1.446250737749621,71538.0,0.9238458061600051,36009.00476190477,12817.5,-923.9008946863896,0.0,0.0,1998-02-19,4.3478629579375845,27.0,77000.9,93797.0,-16796.100000000006,1.2181127998140306,84953.0,0.9057016141069106,36378.54444444444,12817.5,-248.84039072039076,0.0,0.0,1998-03-28,4.3478629579375845
6147,5602,971228,177504.0,48,3698.0,C,1997-12-28,48,19,POPLATEK PO OBRATU,960710,1996-07-10,6764,6764,440412,19,1944-04-12,M,Prachatice,south Bohemia,51428,50,11,3,1,4,52.7,8402,3.13,3.98,120,999.0,1099,536,53.711156741957566,False,,0,368,False,True,False,True,False,True,True,177504.0,48.0,3698.0,0.020833333333333332,536.0,53.711156741957566,0.0,8402.0,3.98,1099.0,120.0,0.0,86.0,7.0,96494.5,12797.8,83696.7,0.1326258737454078,9100.0,0.711004156639685,44722.142857142855,19952.8,2810.9911476109214,0.0,0.0,1998-01-27,5.3955651703623575,14.0,152336.0,104495.6,47840.399999999994,0.6859502287691106,97100.0,0.9292168357630775,62630.0,19952.8,1547.9970051113448,0.0,0.0,1998-02-12,5.3955651703623575,22.0,191080.1,151929.40000000002,39150.69999999998,0.7951042777124478,140836.0,0.9269770895094068,62457.24545454544,19952.8,266.4362591741419,0.0,0.0,1998-03-26,5.3955651703623575
6254,6157,971228,247920.0,48,5165.0,C,1997-12-28,48,34,POPLATEK MESICNE,961111,1996-11-11,7434,7434,425404,34,1942-04-04,F,Chomutov,north Bohemia,125236,28,11,1,4,5,87.7,9675,6.43,7.68,100,5323.0,5190,412,55.73442847364819,False,,0,368,False,True,False,True,False,True,True,247920.0,48.0,5165.0,0.020833333333333332,412.0,55.73442847364819,1.0,9675.0,7.68,5190.0,100.0,0.0,83.0,12.0,63380.5,55211.8,8168.699999999997,0.8711027665801535,40523.6,0.7339529964066303,45329.4,20191.6,-91.87796422132844,0.0,0.0,1998-01-21,3.909312681510164,18.0,70940.2,71714.59999999999,-774.3999999999942,1.0109019864338353,42338.2,0.5903624873807094,38958.47777777778,19285.4,-619.6011142900167,0.0,0.0,1998-02-12,3.7338625363020332,26.0,165965.6,86417.4,79548.20000000001,0.5206915126296495,42352.799999999996,0.49009007341029226,40345.86153846153,14974.1,75.82701748093626,0.0,0.0,1998-03-27,2.8991481122942884
7100,10280,971231,348120.0,60,5802.0,C,1997-12-31,60,69,POPLATEK MESICNE,961201,1996-12-01,12335,12643,625720,69,1962-07-20,F,Jesenik,north Moravia,42821,4,13,5,1,3,48.4,8173,7.01,7.01,124,1358.0,1358,395,35.449691991786445,False,,0,365,False,True,False,True,False,True,True,348120.0,60.0,5802.0,0.016666666666666666,395.0,35.449691991786445,1.0,8173.0,7.01,1358.0,124.0,0.0,65.0,11.0,35048.0,50916.899999999994,-15868.899999999994,1.4527347427886672,45114.6,0.8860263286584875,46692.83636363636,28838.6,-204.2395499224005,0.0,0.0,1998-01-25,4.970458462599104,18.0,70248.0,70248.4,-0.39999999999417923,0.9999914589531522,58643.799999999996,0.8347943185279875,47176.177777777775,28838.6,80.44415022714541,0.0,0.0,1998-02-28,4.970458462599104,25.0,105315.9,107975.30000000002,-2659.4000000000233,1.02524191274145,90568.4,0.8387803619868432,49604.564000000006,28838.6,125.8194557403555,0.0,0.0,1998-03-31,4.970458462599104
7147,10478,980102,267600.0,48,5575.0,C,1998-01-02,48,70,POPLATEK TYDNE,960224,1996-02-24,12582,12890,585120,70,1958-01-20,F,Karvina,north Moravia,285387,0,2,8,5,7,89.9,10177,6.63,7.75,81,9878.0,10108,678,39.950718685831625,False,,0,363,False,True,False,True,False,True,True,267600.0,48.0,5575.0,0.020833333333333332,678.0,39.950718685831625,1.0,10177.0,7.75,10108.0,81.0,0.0,112.0,11.0,37244.0,39920.3,-2676.300000000003,1.0718297758088335,34345.0,0.8603176750256128,20087.281818181815,8821.3,-1202.6919285714284,0.0,0.0,1998-01-31,1.5822959641255605,16.0,99131.9,39950.3,59181.59999999999,0.40299739037191495,34375.0,0.8604225644722449,31951.275,8821.3,732.1413515461777,0.0,0.0,1998-02-28,1.5822959641255605,22.0,110814.79999999999,90600.6,20214.199999999983,0.8175783597645825,79450.0,0.8769160809522127,37179.16363636364,8821.3,430.1431607207218,0.0,0.0,1998-03-31,1.5822959641255605
5909,4550,980103,61320.0,60,1022.0,C,1998-01-03,60,56,POPLATEK MESICNE,970206,1997-02-06,5487,5487,475917,56,1947-09-17,F,Breclav,south Moravia,124605,11,42,14,1,8,46.0,8772,4.69,4.98,126,2854.0,3158,331,50.29705681040383,False,,0,362,False,True,False,True,False,True,True,61320.0,60.0,1022.0,0.016666666666666666,331.0,50.29705681040383,1.0,8772.0,4.98,3158.0,126.0,0.0,74.0,13.0,12798.0,16460.6,-3662.5999999999985,1.2860848503789357,12294.6,0.7468654322787579,17821.376923076925,13302.6,-249.46563458856343,0.0,0.0,1998-02-01,13.01624266144814,21.0,21514.7,23741.2,-2226.5,1.103436095502354,15409.2,0.6490215734009486,19678.96666666666,13302.6,57.35253598445052,0.0,0.0,1998-03-03,13.01624266144814,29.0,30243.4,30621.8,-378.3999999999978,1.0124783430982265,18123.800000000003,0.5918400668782738,20943.044827586207,13302.6,71.99269471457079,0.0,0.0,1998-04-02,13.01624266144814
7037,10022,980103,218064.0,48,4543.0,C,1998-01-03,48,1,POPLATEK MESICNE,970507,1997-05-07,12020,12328,445408,1,1944-04-08,F,Hl.m. Praha,Prague,1204953,0,0,0,1,1,100.0,12541,0.29,0.43,167,85677.0,99107,241,53.738535249828885,False,,0,362,False,True,False,True,False,True,True,218064.0,48.0,4543.0,0.020833333333333332,241.0,53.738535249828885,1.0,12541.0,0.43,99107.0,167.0,0.0,39.0,13.0,35838.2,49639.299999999996,-13801.099999999999,1.38505602803634,33314.6,0.6711200375501357,38982.79230769232,20325.4,-1141.2479644268774,0.0,0.0,1998-02-01,4.474003962139555,20.0,63256.799999999996,71478.6,-8221.80000000001,1.1299570961999945,38829.2,0.5432207231154063,40500.94000000001,20325.4,-256.02497335357384,0.0,0.0,1998-03-03,4.474003962139555,27.0,90708.29999999999,89517.90000000001,1190.3999999999796,0.986865734825426,40543.799999999996,0.4529077099919681,42822.792592592596,20325.4,14.80421815354984,0.0,0.0,1998-04-02,4.474003962139555
5782,3953,980104,63576.0,12,5298.0,C,1998-01-04,12,1,POPLATEK MESICNE,970616,1997-06-16,4768,4768,605403,1,1960-04-03,F,Hl.m. Praha,Prague,1204953,0,0,0,1,1,100.0,12541,0.29,0.43,167,85677.0,99107,202,37.75496235455168,False,,0,361,False,True,False,True,False,True,True,63576.0,12.0,5298.0,0.08333333333333333,202.0,37.75496235455168,1.0,12541.0,0.43,99107.0,167.0,0.0,32.0,14.0,32101.300000000003,72037.29999999999,-39935.999999999985,2.2439918635113365,66739.6,0.9264460710483176,34596.857142857145,3699.1,-1747.0853505843074,0.0,0.0,1998-02-01,0.6982068705171762,20.0,82087.90000000001,77349.59999999999,4738.3000000000175,0.9422662503700254,66754.20000000001,0.8630081731751276,37621.34000000001,3699.1,-61.12993174550138,0.0,0.0,1998-02-28,0.6982068705171762,28.0,114319.4,114360.9,-41.5,1.0003542674798198,98467.80000000002,0.8610192730271184,43551.182142857135,3699.1,261.3603498296597,0.0,0.0,1998-04-02,0.6982068705171762
6237,6075,980106,407952.0,48,8499.0,D,1998-01-06,48,19,POPLATEK MESICNE,960915,1996-09-15,7339,7339,745228,19,1974-02-28,F,Prachatice,south Bohemia,51428,50,11,3,1,4,52.7,8402,3.13,3.98,120,999.0,1099,478,23.854893908281998,False,,1,359,False,True,False,True,False,True,True,407952.0,48.0,8499.0,0.020833333333333332,478.0,23.854893908281998,1.0,8402.0,3.98,1099.0,120.0,1.0,78.0,4.0,5600.9,4114.6,1486.2999999999993,0.7345007943733377,4114.6,0.9997570220623967,13262.2,12216.9,-118.73071895424836,0.0,0.0,1998-01-31,1.4374514648782208,9.0,16763.3,7629.200000000001,9134.099999999999,0.4550861055934337,7629.200000000001,0.999868941836387,14861.944444444445,12216.9,52.47108872838117,0.0,0.0,1998-03-07,1.4374514648782208,12.0,16829.399999999998,10743.800000000001,6085.599999999997,0.6383567829641602,10743.800000000001,0.9999069317251136,15355.733333333332,12216.9,46.05817765839013,0.0,0.0,1998-03-31,1.4374514648782208
6552,7632,980108,170448.0,48,3551.0,C,1998-01-08,48,68,POPLATEK MESICNE,960922,1996-09-22,9142,9450,436011,68,1943-10-11,F,Frydek - Mistek,north Moravia,228848,15,40,18,2,6,57.2,9893,4.09,4.72,96,5623.0,5887,473,54.24503764544832,False,,0,357,False,True,False,True,False,True,True,170448.0,48.0,3551.0,0.020833333333333332,473.0,54.24503764544832,1.0,9893.0,4.72,5887.0,96.0,0.0,85.0,6.0,22321.1,22394.6,-73.5,1.0032479023030987,9214.6,0.4114468913536588,39289.200000000004,28476.1,289.72918994413413,0.0,0.0,1998-01-31,8.019177696423542,14.0,44657.2,52138.2,-7481.0,1.167494435512403,16149.2,0.309732408629208,38502.65,27682.6,27.323318620138096,0.0,0.0,1998-03-09,7.7957195156294,19.0,66979.59999999999,68503.8,-1524.2000000000116,1.0227409130404925,28963.8,0.422799570249092,39088.82105263158,27682.6,40.49644409799557,0.0,0.0,1998-03-31,7.7957195156294
7067,10134,980111,136368.0,24,5682.0,C,1998-01-11,24,22,POPLATEK MESICNE,970426,1997-04-26,12160,12468,690704,22,1969-07-04,M,Domazlice,west Bohemia,58400,65,16,4,1,6,52.4,8620,1.1,1.25,100,1089.0,1117,260,28.522929500342233,False,,0,354,False,True,False,True,False,True,True,136368.0,24.0,5682.0,0.041666666666666664,260.0,28.522929500342233,0.0,8620.0,1.25,1117.0,100.0,0.0,59.0,8.0,185.1,34931.399999999994,-34746.299999999996,187.70231058570658,19714.6,0.5643643150771205,32241.087499999998,17152.7,-1133.6347543540417,0.0,0.0,1998-02-08,3.0187785990848295,15.0,58205.8,55844.6,2361.2000000000044,0.9594171127772012,19729.199999999997,0.3532811895655163,34950.26666666666,11470.8,226.14488726579867,0.0,0.0,1998-03-12,2.018796198521647,21.0,65782.2,92494.20000000001,-26712.000000000015,1.4060459205389828,46843.799999999996,0.5064457398870427,36383.899999999994,11470.8,116.86099298456878,0.0,0.0,1998-04-08,2.018796198521647
5320,1819,980111,143676.0,36,3991.0,C,1998-01-11,36,55,POPLATEK TYDNE,961021,1996-10-21,2205,2205,521212,55,1952-12-12,M,Brno - venkov,south Moravia,157042,49,70,18,0,9,33.9,8743,1.88,2.43,111,3659.0,3894,447,45.08145106091718,False,,0,354,False,True,False,True,False,True,True,143676.0,36.0,3991.0,0.027777777777777776,447.0,45.08145106091718,0.0,8743.0,2.43,3894.0,111.0,0.0,72.0,13.0,113481.8,26775.8,86706.0,0.23594588783498469,12330.0,0.46047324549610114,52778.61538461539,12482.7,2168.517577931717,0.0,0.0,1998-02-10,3.127712352793786,24.0,154910.69999999998,84842.40000000001,70068.29999999997,0.547682324834083,51960.0,0.6124224158862092,69159.79166666667,12482.7,1276.6538286479251,0.0,0.0,1998-03-12,3.127712352793786,34.0,239573.09999999998,146627.40000000002,92945.69999999995,0.612033604634224,103290.0,0.7044337931805843,73685.7382352941,12482.7,644.6017649721628,0.0,0.0,1998-04-11,3.127712352793786
5930,4616,980112,66696.0,24,2779.0,C,1998-01-12,24,1,POPLATEK MESICNE,970924,1997-09-24,5563,5563,760101,1,1976-01-01,M,Hl.m. Praha,Prague,1204953,0,0,0,1,1,100.0,12541,0.29,0.43,167,85677.0,99107,110,22.031485284052017,False,,0,353,False,True,False,True,False,True,True,66696.0,24.0,2779.0,0.041666666666666664,110.0,22.031485284052017,0.0,12541.0,0.43,99107.0,167.0,0.0,16.0,12.0,37989.1,54753.299999999996,-16764.199999999997,1.4412517998110033,39714.6,0.7253238558432854,51926.89166666667,24941.8,-193.37286638127335,0.0,0.0,1998-02-07,8.975098956459158,21.0,74716.79999999999,88685.3,-13968.500000000015,1.1869367138754088,55829.2,0.62951323936166,51329.23809523809,24941.8,-30.278898619063746,0.0,0.0,1998-03-12,8.975098956459158,26.0,74924.09999999999,110238.6,-35314.500000000015,1.4713173555991252,62343.799999999996,0.5655299910377033,49467.738461538465,24941.8,-128.68423504839944,0.0,0.0,1998-04-12,8.975098956459158
6486,7240,980115,152160.0,60,2536.0,C,1998-01-15,60,17,POPLATEK MESICNE,960423,1996-04-23,8737,8737,485411,17,1948-04-11,F,Pelhrimov,south Bohemia,74062,99,15,4,2,7,61.4,8114,2.38,2.62,119,1003.0,1181,632,49.76317590691308,False,,0,350,False,True,False,True,False,True,True,152160.0,60.0,2536.0,0.016666666666666666,632.0,49.76317590691308,1.0,8114.0,2.62,1181.0,119.0,0.0,121.0,6.0,15293.0,13186.3,2106.7000000000007,0.8621877860598928,1514.6,0.11485292667945675,20647.15,10915.0,306.2616740088106,0.0,0.0,1998-02-12,4.304022082018927,12.0,30603.6,33772.600000000006,-3169.0000000000073,1.1035138508590214,10429.2,0.3087974038894284,21006.375000000004,10915.0,36.436182527111036,0.0,0.0,1998-03-14,4.304022082018927,18.0,45899.5,51558.9,-5659.4000000000015,1.1232753455844708,16543.800000000003,0.3208656339519666,19518.216666666667,7749.0,-62.72229394917489,0.0,0.0,1998-04-13,3.0555993690851735
5245,1407,980117,125472.0,24,5228.0,C,1998-01-17,24,19,POPLATEK PO OBRATU,970411,1997-04-11,1705,1705,465701,19,1946-07-01,F,Prachatice,south Bohemia,51428,50,11,3,1,4,52.7,8402,3.13,3.98,120,999.0,1099,281,51.5482546201232,False,,0,348,False,True,False,True,False,True,True,125472.0,24.0,5228.0,0.041666666666666664,281.0,51.5482546201232,1.0,8402.0,3.98,1099.0,120.0,0.0,77.0,10.0,74615.0,63062.7,11552.300000000003,0.8451632357671277,42953.0,0.6811049779825795,77319.18,38399.2,-339.8775561097255,0.0,0.0,1998-02-14,7.344912012241775,16.0,110833.6,83272.4,27561.20000000001,0.7513213382824496,43053.0,0.517007832032798,74378.075,38399.2,-174.64054232018904,0.0,0.0,1998-03-14,7.344912012241775,27.0,167320.3,156635.09999999998,10685.200000000012,0.936133654232904,96306.0,0.6148391079706403,72350.03333333333,38399.2,-117.67272235474663,0.0,0.0,1998-04-14,7.344912012241775
6643,8038,980118,35856.0,24,1494.0,C,1998-01-18,24,47,POPLATEK MESICNE,960817,1996-08-17,9621,9929,675719,47,1967-07-19,F,Pardubice,east Bohemia,162580,83,26,5,1,6,72.8,9538,1.51,1.81,111,6079.0,5410,519,30.50239561943874,False,,0,347,False,True,False,True,False,True,True,35856.0,24.0,1494.0,0.041666666666666664,519.0,30.50239561943874,1.0,9538.0,1.81,5410.0,111.0,0.0,95.0,7.0,22317.4,26623.6,-4306.199999999997,1.1928991325543048,19914.6,0.7479774344027703,66007.85714285714,51011.6,-803.5614168247945,0.0,0.0,1998-02-14,34.14431057563588,13.0,44621.9,51847.2,-7225.299999999996,1.161896694298219,38429.2,0.741186772154096,64965.123076923075,48092.5,-213.5950521264273,0.0,0.0,1998-03-14,32.19042838018741,19.0,66922.20000000001,75370.79999999999,-8448.599999999977,1.1262282736031746,55243.799999999996,0.7329505199557395,63926.231578947365,46869.2,-122.00390690673865,0.0,0.0,1998-04-14,31.371619812583667
5260,1480,980119,123300.0,36,3425.0,C,1998-01-19,36,41,POPLATEK TYDNE,960703,1996-07-03,1793,1793,455317,41,1945-03-17,F,Usti nad Labem,north Bohemia,118650,8,8,5,1,3,85.6,9832,3.32,4.48,114,6445.0,5471,565,52.84325804243669,False,,0,346,False,True,False,True,False,True,True,123300.0,36.0,3425.0,0.027777777777777776,565.0,52.84325804243669,1.0,9832.0,4.48,5471.0,114.0,0.0,90.0,6.0,216.2,28555.2,-28339.0,131.4696132596685,25130.0,0.8800190501537319,29109.766666666666,21260.2,-821.7277280858675,0.0,0.0,1998-02-12,6.207357664233577,13.0,84479.2,79310.4,5168.800000000003,0.9388045956330595,72460.0,0.9136139319189928,46813.484615384616,21260.2,877.7793650176817,0.0,0.0,1998-03-12,6.207357664233577,19.0,105660.59999999999,117474.59999999999,-11814.0,1.1118003134535157,107199.0,0.9125214087010409,42574.19473684211,16839.4,40.54059390476192,0.0,0.0,1998-04-17,4.916613138686132
5569,2936,980120,504000.0,60,8400.0,C,1998-01-20,60,3,POPLATEK MESICNE,960327,1996-03-27,3546,3546,710228,3,1971-02-28,M,Beroun,central Bohemia,75232,55,26,4,1,5,41.7,8980,1.95,2.21,111,2824.0,2813,664,26.89390828199863,False,,0,345,False,True,False,True,False,True,True,504000.0,60.0,8400.0,0.016666666666666666,664.0,26.89390828199863,0.0,8980.0,2.21,2813.0,111.0,0.0,124.0,8.0,20171.0,16501.6,3669.4000000000015,0.8180448145944873,3854.6,0.2335753154048453,23129.3,15946.6,21.260247349823338,0.0,0.0,1998-02-15,1.898404761904762,14.0,35045.7,29163.199999999997,5882.5,0.8321239945558355,3869.2,0.13266950576391603,25975.185714285708,15946.6,167.88996351268798,0.0,0.0,1998-03-17,1.898404761904762,21.0,49238.8,46624.799999999996,2614.0000000000073,0.9468925543970527,8683.8,0.18624452556310025,27337.995238095235,15946.6,98.88848342818882,0.0,0.0,1998-04-16,1.898404761904762
7110,10345,980121,31260.0,12,2605.0,C,1998-01-21,12,36,POPLATEK MESICNE,960407,1996-04-07,12421,12729,680321,36,1968-03-21,M,Liberec,north Bohemia,159617,29,19,8,1,9,85.2,9198,3.33,4.28,131,5796.0,6132,654,29.83709787816564,False,,0,344,False,True,False,True,False,True,True,31260.0,12.0,2605.0,0.08333333333333333,654.0,29.83709787816564,0.0,9198.0,4.28,6132.0,131.0,0.0,131.0,5.0,10179.0,9361.6,817.3999999999996,0.9196070726915521,14.6,0.0015593958943028645,13465.12,7240.8,137.7194805194805,0.0,0.0,1998-02-12,2.7795777351247604,11.0,20352.6,21023.2,-670.6000000000022,1.032898357047402,2329.2,0.1107866173266997,12696.454545454546,5752.8,-32.003630470016226,0.0,0.0,1998-03-12,2.2083685220729365,17.0,30520.699999999997,30884.8,-364.1000000000022,1.0118964539983029,2843.7999999999997,0.09207467509340861,12578.876470588233,5752.8,-11.858014359929426,0.0,0.0,1998-04-12,2.2083685220729365
7139,10445,980122,23412.0,12,1951.0,C,1998-01-22,12,72,POPLATEK MESICNE,960529,1996-05-29,12542,12850,550826,72,1955-08-26,M,Olomouc,north Moravia,226122,32,50,7,4,4,62.6,8994,3.8,4.79,110,9672.0,9208,603,42.40930869267625,False,,0,343,False,True,False,True,False,True,True,23412.0,12.0,1951.0,0.08333333333333333,603.0,42.40930869267625,0.0,8994.0,4.79,9208.0,110.0,0.0,129.0,7.0,24158.3,17299.6,6858.700000000001,0.7160637932390425,12114.6,0.7002416101175682,61388.12857142858,50966.3,724.9372641509433,0.0,0.0,1998-02-18,26.123167606355718,14.0,48326.899999999994,42399.2,5927.699999999997,0.8773234508430948,32029.2,0.7554020971599191,66148.29999999999,50966.3,329.75005250842906,0.0,0.0,1998-03-20,26.123167606355718,21.0,72515.7,68538.79999999999,3976.9000000000087,0.9451450493472536,52983.8,0.7730369799736797,66758.05714285713,50966.3,110.38946196696868,0.0,0.0,1998-04-20,26.123167606355718
6791,8926,980123,566640.0,60,9444.0,C,1998-01-23,60,1,POPLATEK MESICNE,970321,1997-03-21,10689,10997,725206,1,1972-02-06,F,Hl.m. Praha,Prague,1204953,0,0,0,1,1,100.0,12541,0.29,0.43,167,85677.0,99107,308,25.963039014373717,False,,0,342,False,True,False,True,False,True,True,566640.0,60.0,9444.0,0.016666666666666666,308.0,25.963039014373717,1.0,12541.0,0.43,99107.0,167.0,0.0,77.0,13.0,27607.8,23590.6,4017.2000000000007,0.8544594477123236,6374.6,0.2702063446311399,30504.51538461539,23540.3,802.8506548788474,0.0,0.0,1998-02-14,2.4926196526895383,23.0,45419.6,41421.2,3998.4000000000015,0.911947442349947,6989.200000000001,0.16873077721608223,33498.36086956521,23540.3,287.51274232687126,0.0,0.0,1998-03-16,2.4926196526895383,33.0,63238.1,58951.799999999996,4286.300000000003,0.9322049175272893,7303.8,0.12389233420634814,34647.475757575754,23540.3,140.1638095759748,0.0,0.0,1998-04-15,2.4926196526895383
5360,2035,980125,176328.0,36,4898.0,C,1998-01-25,36,53,POPLATEK MESICNE,960510,1996-05-10,2470,2470,430614,53,1943-06-14,M,Blansko,south Moravia,107911,88,33,6,2,7,50.9,8240,2.53,3.56,99,1850.0,1903,625,54.61738535249829,False,,0,340,False,True,False,True,False,True,True,176328.0,36.0,4898.0,0.027777777777777776,625.0,54.61738535249829,0.0,8240.0,3.56,1903.0,99.0,0.0,171.0,12.0,31969.5,34247.8,-2278.300000000003,1.0712312913467104,19814.6,0.5785487374740136,49177.31666666667,34145.0,181.98246063244147,0.0,0.0,1998-02-22,6.971212739893835,21.0,63840.4,48695.6,15144.800000000003,0.7627589620528371,19829.199999999997,0.40719885987933446,50057.9380952381,34145.0,165.20195342326292,0.0,0.0,1998-03-14,6.971212739893835,30.0,93442.1,71743.4,21698.70000000001,0.7677763259138448,28443.799999999996,0.39646021152870464,53103.03,34145.0,216.03033676793484,0.0,0.0,1998-04-14,6.971212739893835
5287,1638,980126,64224.0,24,2676.0,C,1998-01-26,24,6,POPLATEK TYDNE,961112,1996-11-12,1985,1985,371213,6,1937-12-13,M,Kutna Hora,central Bohemia,77963,60,23,4,2,4,51.5,8546,2.95,4.02,126,2640.0,3120,440,60.120465434633815,False,,0,339,False,True,False,True,False,True,True,64224.0,24.0,2676.0,0.041666666666666664,440.0,60.120465434633815,0.0,8546.0,4.02,3120.0,126.0,0.0,47.0,5.0,13803.1,12455.0,1348.1000000000004,0.9022681667040952,30.0,0.0024084778420038534,27517.0,23725.8,170.02922077922074,0.0,0.0,1998-02-12,8.866143497757847,10.0,29006.0,24910.0,4096.0,0.8587582307718826,60.0,0.002408574525310104,28610.95,23725.8,103.02671789436494,0.0,0.0,1998-03-12,8.866143497757847,16.0,45718.7,42165.0,3553.699999999997,0.9222501459983333,4890.0,0.11597021296779396,30184.61875,23725.8,96.73158928407035,0.0,0.0,1998-04-12,8.866143497757847
6553,7636,980126,42384.0,12,3532.0,C,1998-01-26,12,40,POPLATEK MESICNE,961008,1996-10-08,9148,9456,416207,40,1941-12-07,F,Teplice,north Bohemia,128118,9,16,6,3,8,85.3,9317,6.49,7.07,97,6949.0,6872,475,56.1368925393566,False,,0,339,False,True,False,True,False,True,True,42384.0,12.0,3532.0,0.08333333333333333,475.0,56.1368925393566,1.0,9317.0,7.07,6872.0,97.0,0.0,132.0,6.0,11672.1,6948.6,4723.5,0.595266039012773,14.6,0.0021008403361344537,33311.25,28177.9,-536.3229508196721,0.0,0.0,1998-02-12,7.977887882219706,12.0,20097.800000000003,13897.2,6200.600000000002,0.6914442653292733,29.2,0.0021009914953015497,32679.641666666663,28177.9,-61.89572547038775,0.0,0.0,1998-03-12,7.977887882219706,19.0,30424.300000000003,29845.800000000003,578.5,0.9809533513227479,9043.8,0.30300735757267105,32891.80526315789,24033.0,-8.658646413574449,0.0,0.0,1998-04-13,6.80436013590034
7072,10148,980127,22104.0,12,1842.0,C,1998-01-27,12,34,POPLATEK MESICNE,970113,1997-01-13,12177,12485,655410,34,1965-04-10,F,Chomutov,north Bohemia,125236,28,11,1,4,5,87.7,9675,6.43,7.68,100,5323.0,5190,379,32.799452429842574,False,,0,338,False,True,False,True,False,True,True,22104.0,12.0,1842.0,0.08333333333333333,379.0,32.799452429842574,1.0,9675.0,7.68,5190.0,100.0,0.0,73.0,7.0,14578.6,7927.6,6651.0,0.5437460561332272,14.6,0.00184143480564034,46973.7142857143,39468.2,690.7186893203882,0.0,0.0,1998-02-12,21.426818675352877,14.0,31278.800000000003,15855.2,15423.600000000002,0.5068830363365494,29.2,0.0018415509390648452,50760.064285714296,39468.2,311.74107796228543,0.0,0.0,1998-03-12,21.426818675352877,21.0,45014.200000000004,32182.800000000003,12831.400000000001,0.7149318452433845,8443.8,0.2623618093575028,53329.509523809524,39468.2,201.33103940217396,0.0,0.0,1998-04-12,21.426818675352877
6044,5133,980127,57060.0,12,4755.0,C,1998-01-27,12,68,POPLATEK TYDNE,961208,1996-12-08,6196,6196,430309,68,1943-03-09,M,Frydek - Mistek,north Moravia,228848,15,40,18,2,6,57.2,9893,4.09,4.72,96,5623.0,5887,415,54.888432580424364,False,,0,338,False,True,False,True,False,True,True,57060.0,12.0,4755.0,0.08333333333333333,415.0,54.888432580424364,0.0,9893.0,4.72,5887.0,96.0,0.0,86.0,13.0,70579.0,58196.0,12383.0,0.824539529611788,48830.0,0.8390466862553052,52484.40000000001,27941.4,1097.27180749248,0.0,0.0,1998-02-25,5.87621451104101,22.0,116495.2,103992.0,12503.199999999997,0.8926643100805005,85260.0,0.8198628753858432,60313.52727272729,27941.4,687.3811267134737,0.0,0.0,1998-03-26,5.87621451104101,33.0,174960.1,158759.0,16201.100000000006,0.9073959868793692,130661.0,0.8230095742000504,65894.6696969697,27941.4,446.2884377703468,0.0,0.0,1998-04-26,5.87621451104101
5332,1869,980129,37944.0,36,1054.0,C,1998-01-29,36,1,POPLATEK MESICNE,960614,1996-06-14,2267,2267,665410,1,1966-04-10,F,Hl.m. Praha,Prague,1204953,0,0,0,1,1,100.0,12541,0.29,0.43,167,85677.0,99107,594,31.805612594113622,False,,0,336,False,True,False,True,False,True,True,37944.0,36.0,1054.0,0.027777777777777776,594.0,31.805612594113622,1.0,12541.0,0.43,99107.0,167.0,0.0,107.0,7.0,25297.3,21283.199999999997,4014.100000000002,0.8412897309305367,20229.199999999997,0.9504327153475348,72523.22857142858,53020.2,318.1859927320781,0.0,0.0,1998-02-28,50.303795066413656,11.0,49961.3,47537.2,2424.100000000006,0.9514614018970302,45429.2,0.9556356782545405,72205.76363636363,53020.2,106.23975434229746,0.0,0.0,1998-03-26,50.303795066413656,17.0,74945.9,67605.79999999999,7340.100000000006,0.9020493175835157,64443.799999999996,0.9532147653786307,73460.77647058823,53020.2,99.93021622620586,0.0,0.0,1998-04-14,50.303795066413656
6866,9201,980205,122472.0,24,5103.0,C,1998-02-05,24,69,POPLATEK MESICNE,961028,1996-10-28,11021,11329,615131,69,1961-01-31,F,Jesenik,north Moravia,42821,4,13,5,1,3,48.4,8173,7.01,7.01,124,1358.0,1358,465,37.01300479123888,False,,0,329,False,True,False,True,False,True,True,122472.0,24.0,5103.0,0.041666666666666664,465.0,37.01300479123888,1.0,8173.0,7.01,1358.0,124.0,0.0,112.0,10.0,86292.3,40614.6,45677.700000000004,0.4706576292713339,22050.6,0.5429096209338283,47219.079999999994,30543.0,-500.47047789191595,0.0,0.0,1998-03-07,5.985302763080541,16.0,86672.5,71893.20000000001,14779.299999999988,0.8294715224376541,34765.2,0.4835605653863593,47332.081249999996,30543.0,-171.66716237456168,0.0,0.0,1998-03-31,5.985302763080541,23.0,130076.4,107671.80000000002,22404.599999999977,0.827751784706644,51979.799999999996,0.4827570194143738,51425.48260869564,30543.0,88.86082298281273,0.0,0.0,1998-04-30,5.985302763080541
6633,7997,980205,160656.0,24,6694.0,C,1998-02-05,24,10,POPLATEK MESICNE,960425,1996-04-25,9572,9880,706210,10,1970-12-10,F,Praha - vychod,central Bohemia,92084,55,29,4,3,5,46.7,10124,0.56,0.54,141,3810.0,4316,651,27.156741957563312,False,,0,329,False,True,False,True,False,True,True,160656.0,24.0,6694.0,0.041666666666666664,651.0,27.156741957563312,1.0,10124.0,0.54,4316.0,141.0,0.0,146.0,4.0,309.4,36508.799999999996,-36199.399999999994,117.61855670103093,29814.6,0.8166190995294415,66749.9,59148.9,-1095.9030837004404,0.0,0.0,1998-02-28,8.836106961458022,10.0,22080.4,62087.59999999999,-40007.19999999999,2.8117601239051866,48699.2,0.7843501061386471,55408.21,33879.5,-422.76547379032246,0.0,0.0,1998-03-31,5.061174185838064,18.0,111831.2,127976.4,-16145.199999999997,1.1443609264594634,107893.8,0.8430691668997808,65263.605555555565,33879.5,333.8604339593773,0.0,0.0,1998-04-30,5.061174185838064
6926,9455,980207,374760.0,60,6246.0,C,1998-02-07,60,73,POPLATEK MESICNE,961103,1996-11-03,11329,11637,510612,73,1951-06-12,M,Opava,north Moravia,182027,17,49,12,2,7,56.4,8746,3.33,3.74,90,4355.0,4433,461,46.65845311430527,False,,0,327,False,True,False,True,False,True,True,374760.0,60.0,6246.0,0.016666666666666666,461.0,46.65845311430527,0.0,8746.0,3.74,4433.0,90.0,0.0,112.0,11.0,37684.4,39099.4,-1415.0,1.0375211620415332,13242.6,0.33868195721782896,50654.59090909091,31267.5,94.10418906101785,0.0,0.0,1998-03-08,5.006003842459174,19.0,75423.0,68159.8,7263.199999999997,0.9036884811200679,24857.199999999997,0.36468468679945065,54888.436842105264,31267.5,212.35747707551678,0.0,0.0,1998-04-08,5.006003842459174,30.0,113188.1,133036.2,-19848.100000000006,1.1753446224062212,72287.8,0.5433653143632007,55335.68000000001,26076.0,21.083101335137048,0.0,0.0,1998-05-08,4.174831892411143
6442,7082,980208,194160.0,48,4045.0,C,1998-02-08,48,57,POPLATEK MESICNE,960906,1996-09-06,8548,8548,455510,57,1945-05-10,F,Hodonin,south Moravia,161954,21,37,20,3,8,48.0,8720,3.73,4.5,116,3729.0,3651,520,52.7501711156742,False,,0,326,False,True,False,True,False,True,True,194160.0,48.0,4045.0,0.020833333333333332,520.0,52.7501711156742,1.0,8720.0,4.5,3651.0,116.0,0.0,133.0,10.0,14650.3,12161.6,2488.699999999999,0.8300696866489664,14.6,0.0012004012300001643,26542.010000000002,19047.9,264.6479992229991,0.0,0.0,1998-03-08,4.708998763906057,20.0,26510.1,27321.199999999997,-811.0999999999985,1.0305570119685716,3289.2,0.12038562048444124,25489.720000000005,18622.7,10.345985970381905,0.0,0.0,1998-04-08,4.603881334981459,29.0,38357.399999999994,40220.799999999996,-1863.4000000000015,1.048552598648536,4303.8,0.10700167570819806,24721.120689655178,17498.7,-19.20725625754996,0.0,0.0,1998-05-08,4.326007416563659
5889,4456,980209,321240.0,60,5354.0,C,1998-02-09,60,14,POPLATEK MESICNE,960903,1996-09-03,5376,5376,700123,14,1970-01-23,M,Ceske Budejovice,south Bohemia,177686,69,27,10,1,9,74.8,10045,1.42,1.71,135,6604.0,6295,524,28.046543463381244,False,,0,325,False,True,False,True,False,True,True,321240.0,60.0,5354.0,0.016666666666666666,524.0,28.046543463381244,0.0,10045.0,1.71,6295.0,135.0,0.0,136.0,4.0,16057.9,5368.1,10689.8,0.33427569758825326,14.6,0.002719263936227673,43725.100000000006,31724.8,1031.7922746781117,0.0,0.0,1998-02-28,5.925438924168845,9.0,31055.5,22325.199999999997,8730.300000000003,0.7188575660489752,11618.2,0.520384122689934,45754.11111111111,31724.8,192.85942601369138,0.0,0.0,1998-03-31,5.925438924168845,13.0,43948.1,27693.299999999996,16254.800000000003,0.6301221185416765,11632.800000000001,0.4200431135648853,47082.92307692307,31724.8,147.30634358834737,0.0,0.0,1998-04-30,5.925438924168845
5765,3875,980210,153936.0,24,6414.0,C,1998-02-10,24,44,POPLATEK MESICNE,971018,1997-10-18,4672,4672,490828,44,1949-08-28,M,Chrudim,east Bohemia,105606,77,26,7,2,7,53.0,8254,2.79,3.76,97,2166.0,2325,115,48.45448323066393,False,,0,324,False,True,False,True,False,True,True,153936.0,24.0,6414.0,0.041666666666666664,115.0,48.45448323066393,0.0,8254.0,3.76,2325.0,97.0,0.0,11.0,4.0,38743.9,43313.7,-4569.799999999996,1.117920035927309,36900.0,0.8519047805941171,81609.4,63775.4,1571.1462645647707,0.0,0.0,1998-03-12,9.943155597131275,9.0,77494.70000000001,82511.3,-5016.599999999991,1.0647210103270244,76097.6,0.9222576512835057,75256.64444444445,56922.6,47.43525535420094,0.0,0.0,1998-04-08,8.874742750233864,14.0,116234.80000000002,120039.6,-3804.7999999999884,1.0327248575740002,107212.20000000001,0.8931328233947515,74168.74285714285,56922.6,-26.24810444388655,0.0,0.0,1998-05-08,8.874742750233864
5124,785,980212,156096.0,36,4336.0,C,1998-02-12,36,21,POPLATEK TYDNE,970809,1997-08-09,939,939,520803,21,1952-08-03,M,Tabor,south Bohemia,103347,87,16,7,1,7,67.0,9104,1.51,2.07,123,2299.0,2354,187,45.52772073921971,False,,0,322,False,True,False,True,False,True,True,156096.0,36.0,4336.0,0.027777777777777776,187.0,45.52772073921971,0.0,9104.0,2.07,2354.0,123.0,0.0,33.0,10.0,53806.3,32951.6,20854.700000000004,0.6124001761842723,16885.0,0.5124026632192907,41011.009999999995,27647.4,-243.4203920328801,0.0,0.0,1998-03-12,6.376245387453875,17.0,80011.3,56126.4,23884.9,0.7014721486571439,28329.0,0.5047267466513681,42652.08235294117,27647.4,64.65458794522489,0.0,0.0,1998-04-12,6.376245387453875,23.0,106226.4,74187.2,32039.199999999997,0.6983810203393851,34659.0,0.4671767208262231,45242.83913043479,27647.4,149.65569460787705,0.0,0.0,1998-05-12,6.376245387453875
5491,2545,980213,428784.0,48,8933.0,C,1998-02-13,48,1,POPLATEK MESICNE,961204,1996-12-04,3072,3072,360414,1,1936-04-14,M,Hl.m. Praha,Prague,1204953,0,0,0,1,1,100.0,12541,0.29,0.43,167,85677.0,99107,436,61.83436002737851,False,,0,321,False,True,False,True,False,True,True,428784.0,48.0,8933.0,0.020833333333333332,436.0,61.83436002737851,0.0,12541.0,0.43,99107.0,167.0,0.0,110.0,8.0,12473.5,12968.6,-495.10000000000036,1.0396088019559901,14.6,0.001125709351097952,15243.7125,8212.0,329.36775700934584,0.0,0.0,1998-03-12,0.9192880331355647,16.0,26671.4,25937.2,734.2000000000007,0.9724359262758506,29.2,0.0011257527507691357,15856.837500000001,8212.0,69.5827975622292,0.0,0.0,1998-04-12,0.9192880331355647,24.0,37272.8,38905.8,-1633.0,1.0437841057257375,43.8,0.0011257672180698488,15272.0,7074.1,-3.5361634848077554,0.0,0.0,1998-05-12,0.7919064144184484
6730,8523,980215,93036.0,12,7753.0,C,1998-02-15,12,54,POPLATEK MESICNE,961125,1996-11-25,10209,10517,805912,54,1980-09-12,F,Brno - mesto,south Moravia,387570,0,0,0,1,1,100.0,9897,1.6,1.96,140,18721.0,18696,447,17.426420260095824,False,,0,319,False,True,False,True,False,True,True,93036.0,12.0,7753.0,0.08333333333333333,447.0,17.426420260095824,1.0,9897.0,1.96,18696.0,140.0,0.0,104.0,8.0,46803.4,35975.899999999994,10827.500000000007,0.7686435463332506,28222.6,0.7844644758164268,54673.825,38967.8,1591.675076923077,0.0,0.0,1998-03-14,5.026157616406553,16.0,93662.8,82943.8,10719.0,0.8855480986250824,67437.2,0.8130371041945968,52035.9375,29420.1,199.18074455821525,0.0,0.0,1998-04-12,3.794673029794918,24.0,140574.2,135295.7,5278.5,0.9624435889118422,112035.8,0.8280748902227474,51347.94166666667,23979.5,33.66737458634419,0.0,0.0,1998-05-12,3.092931768347736
7151,10493,980218,133800.0,24,5575.0,C,1998-02-18,24,12,POPLATEK MESICNE,970109,1997-01-09,12600,12908,410312,12,1941-03-12,M,Pribram,central Bohemia,107870,84,29,6,1,6,58.0,8754,3.83,4.31,137,3804.0,3868,405,56.93908281998631,False,,0,316,False,True,False,True,False,True,True,133800.0,24.0,5575.0,0.041666666666666664,405.0,56.93908281998631,0.0,8754.0,4.31,3868.0,137.0,0.0,93.0,13.0,100088.5,110840.90000000001,-10752.400000000009,1.107417861014392,95829.6,0.864561145198702,65238.63846153846,25374.1,-3353.4580231065465,0.0,0.0,1998-03-15,4.551408071748878,22.0,156015.7,129566.80000000002,26448.899999999994,0.830467507645015,99544.20000000001,0.768278847059223,51452.8,17081.3,-1048.1608824111086,0.0,0.0,1998-04-19,3.0639103139013453,29.0,185283.0,172192.69999999998,13090.300000000017,0.9293446816778566,127158.8,0.7384637184751824,56082.700000000004,17081.3,-202.2796774522095,0.0,0.0,1998-05-13,3.0639103139013453
5140,873,980224,178500.0,60,2975.0,C,1998-02-24,60,73,POPLATEK MESICNE,970426,1997-04-26,1051,1051,715826,73,1971-08-26,F,Opava,north Moravia,182027,17,49,12,2,7,56.4,8746,3.33,3.74,90,4355.0,4433,304,26.49965776865161,False,,0,310,False,True,False,True,False,True,True,178500.0,60.0,2975.0,0.016666666666666666,304.0,26.49965776865161,1.0,8746.0,3.74,4433.0,90.0,0.0,64.0,9.0,9115.5,13498.6,-4383.1,1.4806778917347667,5894.6,0.4366499748140686,13584.0,6848.6,-284.3142612664005,0.0,0.0,1998-03-22,2.3020504201680674,17.0,17620.2,21117.2,-3497.0,1.1983973849681067,5909.200000000001,0.2798155145798411,13556.788235294118,6848.6,-25.30785830618891,0.0,0.0,1998-04-21,2.3020504201680674,25.0,26126.300000000003,28735.800000000003,-2609.5,1.0998381003777657,5923.800000000001,0.206139862475989,13830.992,6848.6,5.102089694120287,0.0,0.0,1998-05-21,2.3020504201680674
7171,10650,980224,196224.0,48,4088.0,C,1998-02-24,48,76,POPLATEK MESICNE,970909,1997-09-09,12787,13095,500316,76,1950-03-16,M,Sumperk,north Moravia,127369,31,32,13,2,7,51.2,8369,4.73,5.88,107,3736.0,2807,168,47.945242984257355,False,,0,310,False,True,False,True,False,True,True,196224.0,48.0,4088.0,0.020833333333333332,168.0,47.945242984257355,0.0,8369.0,5.88,2807.0,107.0,0.0,23.0,6.0,47203.5,37058.6,10144.900000000001,0.7850649832113463,22614.6,0.610222452481948,77718.26666666666,48011.5,429.68349514563073,0.0,0.0,1998-03-12,11.744496086105675,14.0,94457.4,101117.2,-6659.800000000003,1.0704945245737807,72229.2,0.7143046454545274,81222.81428571428,48011.5,152.51853656026464,0.0,0.0,1998-04-19,11.744496086105675,22.0,141687.09999999998,139261.8,2425.2999999999884,0.9828757672662701,95929.8,0.6888400922572289,73493.14545454543,40291.9,-263.59685450548824,0.0,0.0,1998-05-12,9.856139921722114
6568,7713,980225,220440.0,60,3674.0,C,1998-02-25,60,50,POPLATEK TYDNE,960525,1996-05-25,9238,9546,556102,50,1955-11-02,F,Svitavy,east Bohemia,102609,75,33,2,3,6,52.0,8187,4.83,5.45,94,2123.0,2134,641,42.31622176591376,False,,0,309,False,True,False,True,False,True,True,220440.0,60.0,3674.0,0.016666666666666666,641.0,42.31622176591376,1.0,8187.0,5.45,2134.0,94.0,0.0,75.0,5.0,1437.2,12121.7,-10684.5,8.42838270059797,30.0,0.00247469623103764,25254.859999999997,19417.5,-740.6606177606176,0.0,0.0,1998-03-16,5.285111594991834,12.0,21953.9,37143.399999999994,-15189.499999999993,1.6918045629904939,12960.0,0.34890858379728845,26337.766666666663,13812.5,-134.38364561712774,0.0,0.0,1998-04-15,3.7595264017419705,16.0,22034.0,49265.1,-27231.1,2.2357658270932608,12990.0,0.2636701504685778,22538.99375,4170.9,-290.6028897523069,0.0,0.0,1998-05-12,1.1352476864452912
6861,9179,980228,215040.0,60,3584.0,C,1998-02-28,60,28,POPLATEK MESICNE,970121,1997-01-21,10996,11304,606020,28,1960-10-20,F,Plzen - sever,west Bohemia,72541,66,26,10,0,8,36.9,8594,1.62,2.01,112,1580.0,1525,403,37.35797399041752,False,,0,306,False,True,False,True,False,True,True,215040.0,60.0,3584.0,0.016666666666666666,403.0,37.35797399041752,1.0,8594.0,2.01,1525.0,112.0,0.0,82.0,6.0,21760.8,13698.3,8062.5,0.629465393487671,10114.6,0.7383296956778814,46103.833333333336,38132.6,956.2397529477823,0.0,0.0,1998-03-17,10.639676339285714,12.0,43623.8,28896.6,14727.200000000004,0.6623892831600373,21729.2,0.7519378771939539,50056.575000000004,38132.6,375.1482159795695,0.0,0.0,1998-04-16,10.639676339285714,19.0,65480.7,59794.9,5685.799999999996,0.9131543622111217,49043.8,0.820186668316724,53049.984210526316,38132.6,232.7767613369525,0.0,0.0,1998-05-16,10.639676339285714
6855,9153,980301,52236.0,36,1451.0,C,1998-03-01,36,9,POPLATEK MESICNE,961212,1996-12-12,10958,11266,380925,9,1938-09-25,M,Nymburk,central Bohemia,81344,61,23,4,2,6,55.3,8899,3.39,3.97,149,2987.0,2487,444,59.43052703627652,False,,0,305,False,True,False,True,False,True,True,52236.0,36.0,1451.0,0.027777777777777776,444.0,59.43052703627652,0.0,8899.0,3.97,2487.0,149.0,0.0,101.0,8.0,9178.0,7707.6,1470.3999999999996,0.8396993136507245,1214.6,0.15756427885738006,40941.8625,38603.1,-215.21081223628693,0.0,0.0,1998-03-31,26.60447966919366,15.0,23305.0,14215.2,9089.8,0.6099373551875054,1229.1999999999998,0.08646473741224799,43901.299999999996,38603.1,86.69941791527437,0.0,0.0,1998-04-30,26.60447966919366,19.0,31368.0,20708.2,10659.8,0.6601485543052058,1229.1999999999998,0.05935526239545708,45145.55263157895,38603.1,120.43164516166163,0.0,0.0,1998-05-12,26.60447966919366
7129,10404,980301,194280.0,60,3238.0,C,1998-03-01,60,1,POPLATEK MESICNE,961230,1996-12-30,12494,12802,690812,1,1969-08-12,M,Hl.m. Praha,Prague,1204953,0,0,0,1,1,100.0,12541,0.29,0.43,167,85677.0,99107,426,28.550308008213552,False,,0,305,False,True,False,True,False,True,True,194280.0,60.0,3238.0,0.016666666666666666,426.0,28.550308008213552,0.0,12541.0,0.43,99107.0,167.0,0.0,113.0,9.0,24803.5,23109.6,1693.9000000000015,0.9316696567155153,15514.6,0.6713196541846599,42983.73333333334,30538.8,-672.8806593406595,0.0,0.0,1998-03-31,9.431377393452749,18.0,49611.7,42019.2,7592.5,0.8469444315669173,26829.199999999997,0.6384833960809325,44400.37222222223,30538.8,-105.58239562402326,0.0,0.0,1998-04-30,9.431377393452749,26.0,74232.7,69114.2,5118.5,0.9310353653394617,46329.2,0.6703185406393962,46580.196153846155,30538.8,35.99694798895606,0.0,0.0,1998-05-30,9.431377393452749
5384,2142,980307,23328.0,12,1944.0,C,1998-03-07,12,42,POPLATEK MESICNE,970901,1997-09-01,2590,2590,646019,42,1964-10-19,F,Havlickuv Brod,east Bohemia,95907,87,25,5,2,7,59.1,8388,2.41,2.94,87,1658.0,1668,187,33.379876796714576,False,,0,299,False,True,False,True,False,True,True,23328.0,12.0,1944.0,0.08333333333333333,187.0,33.379876796714576,1.0,8388.0,2.94,1668.0,87.0,0.0,27.0,7.0,18369.6,18606.6,-237.0,1.0128466136108782,6894.6,0.3705260216255724,38838.27142857143,27570.9,-420.6020921985816,0.0,0.0,1998-04-06,14.182561728395063,13.0,36734.7,33133.2,3601.5,0.9019346303459578,9709.2,0.29302654055326527,39710.87692307693,27570.9,-93.76914491886639,0.0,0.0,1998-05-06,14.182561728395063,19.0,55115.1,39891.799999999996,15223.300000000003,0.7237776257754086,14523.8,0.3640707095014639,41488.631578947374,27570.9,38.872895618643504,0.0,0.0,1998-05-31,14.182561728395063
6859,9167,980307,272220.0,60,4537.0,C,1998-03-07,60,56,POPLATEK MESICNE,970402,1997-04-02,10978,11286,406127,56,1940-11-27,F,Breclav,south Moravia,124605,11,42,14,1,8,46.0,8772,4.69,4.98,126,2854.0,3158,339,57.27310061601643,False,,0,299,False,True,False,True,False,True,True,272220.0,60.0,4537.0,0.016666666666666666,339.0,57.27310061601643,1.0,8772.0,4.98,3158.0,126.0,0.0,80.0,9.0,13967.599999999999,16233.9,-2266.300000000001,1.1621708689489285,5314.6,0.32735649742222006,37292.77777777778,32382.3,-139.99252312435772,0.0,0.0,1998-04-06,7.13738152964514,18.0,25364.1,30167.8,-4803.700000000001,1.1893428372054515,8329.2,0.27608655299514734,34910.60555555556,25165.8,-117.94012920951991,0.0,0.0,1998-05-06,5.546793035045184,26.0,41912.799999999996,43014.700000000004,-1101.9000000000087,1.0262658122145931,11143.800000000001,0.2590635512150215,34420.057692307695,22628.4,-46.08319312153916,0.0,0.0,1998-05-31,4.987524796120785
5772,3906,980308,334620.0,60,5577.0,C,1998-03-08,60,52,POPLATEK MESICNE,970708,1997-07-08,4710,4710,615509,52,1961-05-09,F,Usti nad Orlici,east Bohemia,139012,59,41,8,3,10,61.9,8363,2.52,3.49,108,2564.0,2799,243,36.82956878850103,False,,0,298,False,True,False,True,False,True,True,334620.0,60.0,5577.0,0.016666666666666666,243.0,36.82956878850103,1.0,8363.0,3.49,2799.0,108.0,0.0,35.0,6.0,33723.7,42845.899999999994,-9122.199999999997,1.2704605229994632,37268.6,0.8698085509103343,56392.4,40821.9,-457.303376261747,0.0,0.0,1998-04-04,7.319688004303389,11.0,67449.0,68137.79999999999,-688.7999999999884,1.0101971830985914,56983.2,0.8362812377089119,57226.145454545454,35244.5,41.48456546275398,0.0,0.0,1998-05-04,6.319616281154743,16.0,101213.1,97329.7,3883.4000000000087,0.9616219479301796,80597.79999999999,0.8280819926292525,59937.74375,35244.5,149.96413750767343,0.0,0.0,1998-06-03,6.319616281154743
5665,3390,980311,40632.0,12,3386.0,C,1998-03-11,12,12,POPLATEK TYDNE,961222,1996-12-22,4099,4099,455503,12,1945-05-03,F,Pribram,central Bohemia,107870,84,29,6,1,6,58.0,8754,3.83,4.31,137,3804.0,3868,444,52.85420944558521,False,,0,295,False,True,False,True,False,True,True,40632.0,12.0,3386.0,0.08333333333333333,444.0,52.85420944558521,1.0,8754.0,4.31,3868.0,137.0,0.0,118.0,9.0,20486.3,9434.5,11051.8,0.46050480053496556,2530.0,0.2681362937841132,47419.46666666667,41530.6,436.5985123966944,0.0,0.0,1998-04-10,12.265386887182515,18.0,40996.8,24169.0,16827.800000000003,0.5895194376283605,10360.0,0.42863053371948695,51453.23888888889,41530.6,298.6344869387058,0.0,0.0,1998-05-10,12.265386887182515,26.0,41190.700000000004,52063.5,-10872.799999999996,1.2639318115057159,33354.0,0.6406284512479713,51452.5423076923,37894.4,85.20288360034215,0.0,0.0,1998-05-31,11.191494388659185
6495,7274,980312,49044.0,12,4087.0,C,1998-03-12,12,11,POPLATEK MESICNE,970928,1997-09-28,8777,8777,535411,11,1953-04-11,F,Praha - zapad,central Bohemia,75637,35,36,9,0,7,36.5,9622,0.45,0.59,154,3475.0,3529,165,44.917180013689254,False,,0,294,False,True,False,True,False,True,True,49044.0,12.0,4087.0,0.08333333333333333,165.0,44.917180013689254,1.0,9622.0,0.59,3529.0,154.0,0.0,22.0,8.0,63683.9,14204.4,49479.5,0.22304188276969894,5514.6,0.38820448561814525,53571.825,21093.9,2154.3021582733813,0.0,0.0,1998-04-11,5.161218497675557,15.0,63947.200000000004,73663.79999999999,-9716.599999999984,1.1519292177105842,56284.2,0.7640582747798135,45429.159999999996,15464.0,-382.44915565666287,0.0,0.0,1998-05-11,3.7837044286762906,20.0,93573.20000000001,87165.2,6408.000000000015,0.9315088988204012,65698.8,0.7537187579589337,41421.74,11377.2,-348.2573330636591,0.0,0.0,1998-05-31,2.7837533643259116
5061,440,980313,84288.0,48,1756.0,C,1998-03-13,48,29,POPLATEK MESICNE,961222,1996-12-22,530,530,575927,29,1957-09-27,F,Rokycany,west Bohemia,45714,52,10,5,1,6,55.6,8843,2.82,3.6,113,818.0,888,446,40.45722108145106,False,,0,293,False,True,False,True,False,True,True,84288.0,48.0,1756.0,0.020833333333333332,446.0,40.45722108145106,1.0,8843.0,3.6,888.0,113.0,0.0,85.0,6.0,16613.9,9695.6,6918.300000000001,0.5835485016461128,2114.6,0.21807643916424313,39824.71666666667,31737.5,262.22668311596766,0.0,0.0,1998-04-12,18.07374715261959,12.0,33238.600000000006,27391.199999999997,5847.400000000009,0.8240532377044246,12229.2,0.44644825899343615,39288.36666666666,30666.6,41.58850690317271,0.0,0.0,1998-05-12,17.46389521640091,17.0,58096.40000000001,40330.799999999996,17765.600000000013,0.6941928554461988,19343.8,0.4796165804650425,39793.07647058824,30666.6,50.23198887494049,0.0,0.0,1998-06-10,17.46389521640091
6948,9560,980315,157068.0,36,4363.0,C,1998-03-15,36,1,POPLATEK MESICNE,970713,1997-07-13,11460,11768,715912,1,1971-09-12,F,Hl.m. Praha,Prague,1204953,0,0,0,1,1,100.0,12541,0.29,0.43,167,85677.0,99107,245,26.50513347022587,False,,0,291,False,True,False,True,False,True,True,157068.0,36.0,4363.0,0.027777777777777776,245.0,26.50513347022587,1.0,12541.0,0.43,99107.0,167.0,0.0,21.0,12.0,130327.7,126611.3,3716.399999999994,0.9714767353622035,115014.6,0.908399894796951,76556.89166666666,42351.7,-2283.756895485467,0.0,0.0,1998-04-12,9.707013522805408,19.0,141799.8,157318.60000000003,-15518.800000000047,1.1094337972705377,134125.2,0.8525650967838717,61326.37368421053,23116.6,-1352.7870698515808,0.0,0.0,1998-05-12,5.298326839330735,24.0,146521.69999999998,168929.90000000005,-22408.20000000007,1.1529264748738597,134139.80000000002,0.7940512955297105,53179.3375,16227.2,-918.8757146010373,0.0,0.0,1998-06-12,3.7192757277102912
5773,3907,980316,133848.0,24,5577.0,C,1998-03-16,24,37,POPLATEK MESICNE,960418,1996-04-18,4712,4712,605606,37,1960-06-06,F,Litomerice,north Bohemia,114006,71,26,6,2,9,62.3,9065,4.46,5.39,123,4147.0,4166,697,37.7741273100616,False,,0,290,False,True,False,True,False,True,True,133848.0,24.0,5577.0,0.041666666666666664,697.0,37.7741273100616,1.0,9065.0,5.39,4166.0,123.0,0.0,112.0,7.0,54224.6,37391.9,16832.699999999997,0.6895617568085923,31814.6,0.8508192731775283,45340.799999999996,17948.9,-1170.3877963737798,0.0,0.0,1998-04-12,3.2183790568405954,15.0,144812.1,83183.8,61628.3,0.5744217891889615,72029.2,0.8658937690539618,58514.7,17948.9,594.7060924876401,0.0,0.0,1998-05-12,3.2183790568405954,22.0,187351.5,162775.69999999998,24575.800000000017,0.8688205388238747,146043.8,0.8972033466706231,66046.55454545454,17948.9,464.12951167592706,0.0,0.0,1998-06-12,3.2183790568405954
6052,5164,980323,22356.0,36,621.0,C,1998-03-23,36,5,POPLATEK MESICNE,970513,1997-05-13,6235,6235,400404,5,1940-04-04,M,Kolin,central Bohemia,95616,65,30,4,1,6,51.4,9307,3.85,4.43,118,2616.0,3040,314,57.96577686516085,False,,0,283,False,True,False,True,False,True,True,22356.0,36.0,621.0,0.027777777777777776,314.0,57.96577686516085,0.0,9307.0,4.43,3040.0,118.0,0.0,54.0,6.0,6468.3,8996.6,-2528.3,1.3906605042276599,4114.6,0.4572997243709434,15654.299999999997,12554.2,-135.7528071602929,0.0,0.0,1998-04-14,20.21610305958132,11.0,12925.6,13893.2,-967.6000000000004,1.0747760431977473,4129.200000000001,0.29718875502008035,15843.627272727272,12554.2,15.00089359536983,0.0,0.0,1998-05-14,20.21610305958132,16.0,22579.300000000003,18789.800000000003,3789.5,0.8321324340243487,4143.800000000001,0.22052280903420826,16801.9375,12554.2,57.113469217197505,0.0,0.0,1998-06-14,20.21610305958132
6682,8225,980330,36204.0,12,3017.0,D,1998-03-30,12,50,POPLATEK MESICNE,961207,1996-12-07,9851,10159,380106,50,1938-01-06,M,Svitavy,east Bohemia,102609,75,33,2,3,6,52.0,8187,4.83,5.45,94,2123.0,2134,478,60.22724161533196,False,,1,276,False,True,False,True,False,True,True,36204.0,12.0,3017.0,0.08333333333333333,478.0,60.22724161533196,0.0,8187.0,5.45,2134.0,94.0,1.0,115.0,9.0,20125.4,3024.6,17100.800000000003,0.15028022895301693,3024.6,0.9996694870438921,7249.822222222222,2869.6,1689.0614193548386,0.0,1.0,1998-04-12,0.9511435200530328,18.0,38383.200000000004,25459.7,12923.500000000004,0.6632859353588194,22442.5,0.881456519263021,14474.816666666668,2869.6,425.16712915381976,0.0,1.0,1998-05-28,0.9511435200530328,27.0,65816.3,54310.5,11505.800000000003,0.8251705858490093,48276.1,0.8888743636246467,16678.22962962963,2869.6,216.35647810127222,0.0,1.0,1998-06-27,0.9511435200530328
6083,5305,980331,240528.0,48,5011.0,C,1998-03-31,48,47,POPLATEK MESICNE,960916,1996-09-16,6408,6408,560629,47,1956-06-29,M,Pardubice,east Bohemia,162580,83,26,5,1,6,72.8,9538,1.51,1.81,111,6079.0,5410,561,41.752224503764545,False,,0,275,False,True,False,True,False,True,True,240528.0,48.0,5011.0,0.020833333333333332,561.0,41.752224503764545,0.0,9538.0,1.81,5410.0,111.0,0.0,91.0,8.0,34879.700000000004,11908.4,22971.300000000003,0.34140369889365746,6897.200000000001,0.5791391673803887,27689.15,10497.9,668.2008638775761,0.0,0.0,1998-04-30,2.094971063659948,14.0,64946.700000000004,49869.600000000006,15077.099999999999,0.7678424332193442,39847.2,0.7990118426487749,27436.114285714284,10497.9,177.43267233545376,0.0,0.0,1998-05-27,2.094971063659948,22.0,110183.20000000001,100835.4,9347.800000000017,0.9151529892670636,85801.79999999999,0.8509010635048454,30543.863636363636,10497.9,169.2229522724755,0.0,0.0,1998-06-29,2.094971063659948
6962,9646,980402,279072.0,48,5814.0,C,1998-04-02,48,1,POPLATEK TYDNE,960730,1996-07-30,11566,11874,690119,1,1969-01-19,M,Hl.m. Praha,Prague,1204953,0,0,0,1,1,100.0,12541,0.29,0.43,167,85677.0,99107,611,29.19917864476386,False,,0,273,False,True,False,True,False,True,True,279072.0,48.0,5814.0,0.020833333333333332,611.0,29.19917864476386,0.0,12541.0,0.43,99107.0,167.0,0.0,86.0,4.0,69.4,14043.5,-13974.1,199.48153409090907,8230.0,0.5859945174267507,9562.0,7484.8,-410.8444444444443,0.0,0.0,1998-04-30,1.2873753009975921,8.0,89.80000000000001,20973.5,-20883.7,230.98568281938324,15160.0,0.7227824262795299,5169.45,614.6,-264.8363871384714,0.0,0.0,1998-05-31,0.10571035431716547,15.0,104590.6,53417.0,51173.600000000006,0.5107197901169883,41790.0,0.7823205661013142,28676.71333333333,614.6,836.371991394288,0.0,0.0,1998-06-30,0.10571035431716547
5158,1004,980411,188532.0,36,5237.0,C,1998-04-11,36,70,POPLATEK MESICNE,960702,1996-07-02,1208,1208,755901,70,1975-09-01,F,Karvina,north Moravia,285387,0,2,8,5,7,89.9,10177,6.63,7.75,81,9878.0,10108,648,22.60917180013689,False,,0,264,False,True,False,True,False,True,True,188532.0,36.0,5237.0,0.027777777777777776,648.0,22.60917180013689,1.0,10177.0,7.75,10108.0,81.0,0.0,148.0,5.0,23804.1,5851.6,17952.5,0.2458128720316235,614.6,0.1050131565458087,21222.42,16307.8,623.5539228723404,0.0,0.0,1998-05-04,3.1139583731143783,16.0,114708.8,85627.2,29081.600000000006,0.7464680437068149,75153.2,0.8776688053701934,54275.28125,16307.8,1353.1703321093876,0.0,0.0,1998-06-09,3.1139583731143783,23.0,158927.8,110453.8,48473.999999999985,0.6949892027121579,94742.8,0.8577517681440734,51938.71739130436,16307.8,427.1623678182449,0.0,0.0,1998-07-05,3.1139583731143783
6464,7156,980416,49488.0,24,2062.0,C,1998-04-16,24,71,POPLATEK MESICNE,970911,1997-09-11,8636,8636,416112,71,1941-11-12,F,Novy Jicin,north Moravia,161227,5,35,11,4,10,69.7,8678,5.93,5.57,102,4980.0,4595,217,56.42436687200548,False,,0,259,False,True,False,True,False,True,True,49488.0,24.0,2062.0,0.041666666666666664,217.0,56.42436687200548,1.0,8678.0,5.57,4595.0,102.0,0.0,32.0,8.0,22929.8,33759.6,-10829.8,1.4722382123606677,31697.6,0.9388932661149387,40098.075000000004,27942.3,-639.7289032518682,0.0,0.0,1998-05-13,13.551066925315228,14.0,57361.1,52045.2,5315.9000000000015,0.907309878822428,47921.2,0.9207434932809696,39484.75,27942.3,-49.988841927303454,0.0,0.0,1998-06-13,13.551066925315228,21.0,83407.79999999999,87139.8,-3732.0000000000146,1.0447314911616041,80953.8,0.9289999632778216,41200.57619047619,27942.3,51.80802436223442,0.0,0.0,1998-07-13,13.551066925315228
5172,1083,980416,50976.0,36,1416.0,C,1998-04-16,36,45,POPLATEK MESICNE,961206,1996-12-06,1300,1300,791027,45,1979-10-27,M,Jicin,east Bohemia,77917,85,19,6,1,5,53.5,8390,2.28,2.89,132,2080.0,2122,496,18.469541409993155,False,,0,259,False,True,False,True,False,True,True,50976.0,36.0,1416.0,0.027777777777777776,496.0,18.469541409993155,0.0,8390.0,2.89,2122.0,132.0,0.0,123.0,8.0,12076.9,8546.6,3530.2999999999993,0.7076230139345416,14.6,0.0017080818007393888,25082.5625,19853.4,523.5171323866241,0.0,0.0,1998-05-14,14.020762711864407,17.0,30566.199999999997,39333.2,-8767.0,1.2867779842445497,22269.2,0.5661536271234702,24122.95882352941,12546.1,-50.85482823810357,0.0,0.0,1998-06-14,8.86024011299435,25.0,48135.5,47879.8,255.6999999999971,0.9946672483458499,22283.8,0.4654015805918029,23382.464000000004,12546.1,-41.550160350374505,0.0,0.0,1998-07-14,8.86024011299435
5582,2982,980417,41256.0,12,3438.0,C,1998-04-17,12,19,POPLATEK MESICNE,960604,1996-06-04,3601,3601,380803,19,1938-08-03,M,Prachatice,south Bohemia,51428,50,11,3,1,4,52.7,8402,3.13,3.98,120,999.0,1099,682,59.70431211498973,False,,0,258,False,True,False,True,False,True,True,41256.0,12.0,3438.0,0.08333333333333333,682.0,59.70431211498973,0.0,8402.0,3.98,1099.0,120.0,0.0,215.0,11.0,49023.6,35708.6,13315.0,0.7283812616523133,23714.6,0.6640959293859354,76910.73636363636,56202.5,1463.889436038514,0.0,0.0,1998-05-13,16.34744037230948,22.0,122482.79999999999,148517.2,-26034.400000000023,1.2125456590994077,124529.20000000001,0.8384777084559334,81549.41818181821,53868.1,414.6587831873022,0.0,0.0,1998-06-16,15.668440954043048,33.0,176709.4,185890.8,-9181.399999999994,1.0519516678135525,149908.80000000002,0.8064304073660056,73785.3303030303,32103.1,-137.90346264654178,0.0,0.0,1998-07-15,9.337725421756835
6136,5572,980419,140880.0,60,2348.0,C,1998-04-19,60,15,POPLATEK MESICNE,970811,1997-08-11,6729,6729,571227,15,1957-12-27,M,Cesky Krumlov,south Bohemia,58796,22,16,7,1,5,51.9,9045,3.13,3.6,124,1845.0,1879,251,40.309377138945926,False,,0,256,False,True,False,True,False,True,True,140880.0,60.0,2348.0,0.016666666666666666,251.0,40.309377138945926,0.0,9045.0,3.6,1879.0,124.0,0.0,43.0,5.0,14561.9,13676.6,885.2999999999993,0.9391398691194749,14.6,0.0010674387319412762,12351.42,2492.5,-39.2701438848921,0.0,0.0,1998-05-12,1.061541737649063,10.0,30720.9,27353.2,3367.7000000000007,0.8903485787011871,29.2,0.001067477754787199,15854.019999999999,2492.5,227.49877973432194,0.0,0.0,1998-06-12,1.061541737649063,17.0,72537.1,57964.8,14572.300000000003,0.7990945447978373,16978.8,0.29291064731272576,23352.95882352941,2492.5,361.56448590424156,0.0,0.0,1998-07-12,1.061541737649063
6235,6062,980419,321360.0,60,5356.0,C,1998-04-19,60,24,POPLATEK MESICNE,960828,1996-08-28,7325,7325,750124,24,1975-01-24,M,Karlovy Vary,west Bohemia,122603,25,21,6,2,8,80.0,8991,1.39,2.01,128,5198.0,5273,599,23.23340177960301,False,,0,256,False,True,False,True,False,True,True,321360.0,60.0,5356.0,0.016666666666666666,599.0,23.23340177960301,0.0,8991.0,2.01,5273.0,128.0,0.0,140.0,6.0,37705.4,15978.6,21726.800000000003,0.42376360511743366,14.6,0.0009136649227765401,67338.8,52023.7,1558.1365384615385,0.0,0.0,1998-05-13,9.71316280806572,14.0,94028.20000000001,125804.20000000001,-31776.0,1.3379269418435975,93876.2,0.7462028596592191,60157.9857142857,20147.7,-312.3800042198886,0.0,0.0,1998-06-13,3.761706497386109,21.0,149111.0,155747.80000000002,-6636.8000000000175,1.0445021192124042,107855.8,0.6924984333747675,57388.690476190466,20147.7,-182.28281156381067,0.0,0.0,1998-07-15,3.761706497386109
6508,7437,980419,110736.0,48,2307.0,C,1998-04-19,48,19,POPLATEK TYDNE,970808,1997-08-08,8909,9217,405130,19,1940-01-30,F,Prachatice,south Bohemia,51428,50,11,3,1,4,52.7,8402,3.13,3.98,120,999.0,1099,254,58.217659137577,False,,0,256,False,True,False,True,False,True,True,110736.0,48.0,2307.0,0.020833333333333332,254.0,58.217659137577,1.0,8402.0,3.98,1099.0,120.0,0.0,55.0,10.0,16767.4,26496.8,-9729.399999999998,1.5801626869588032,16830.0,0.63514706881326,23423.370000000003,15962.6,345.6988120693753,0.0,0.0,1998-05-19,6.919202427394885,18.0,44233.7,36193.600000000006,8040.099999999991,0.8182173723343893,16860.0,0.46581534262016977,28008.716666666667,15962.6,375.2694125662199,0.0,0.0,1998-06-12,6.919202427394885,27.0,61236.7,56390.4,4846.299999999996,0.9208445124490306,27390.0,0.4857123603953794,30856.737037037034,15962.6,236.54092862640678,0.0,0.0,1998-07-12,6.919202427394885
4968,38,980419,110736.0,48,2307.0,C,1998-04-19,48,19,POPLATEK TYDNE,970808,1997-08-08,46,46,405130,19,1940-01-30,F,Prachatice,south Bohemia,51428,50,11,3,1,4,52.7,8402,3.13,3.98,120,999.0,1099,254,58.217659137577,False,,0,256,False,True,False,True,False,True,True,110736.0,48.0,2307.0,0.020833333333333332,254.0,58.217659137577,1.0,8402.0,3.98,1099.0,120.0,0.0,55.0,10.0,16777.0,26496.8,-9719.8,1.5792585528668495,16830.0,0.63514706881326,26253.54,18793.7,345.95381325730585,0.0,0.0,1998-05-19,8.146380580840919,18.0,44255.0,36193.600000000006,8061.399999999994,0.8178235719450472,16860.0,0.46581534262016977,30844.5,18793.7,375.6558749251172,0.0,0.0,1998-06-12,8.146380580840919,27.0,61269.7,56390.4,4879.299999999996,0.9203485515915438,27390.0,0.4857123603953794,33698.759259259255,18793.7,236.9361914667887,0.0,0.0,1998-07-12,8.146380580840919
6632,7990,980423,144960.0,48,3020.0,C,1998-04-23,48,9,POPLATEK MESICNE,960830,1996-08-30,9564,9872,675317,9,1967-03-17,F,Nymburk,central Bohemia,81344,61,23,4,2,6,55.3,8899,3.39,3.97,149,2987.0,2487,601,31.10198494182067,False,,0,252,False,True,False,True,False,True,True,144960.0,48.0,3020.0,0.020833333333333332,601.0,31.10198494182067,1.0,8899.0,3.97,2487.0,149.0,0.0,146.0,6.0,18015.4,10192.6,7822.800000000001,0.5657401034612908,14.6,0.0014322712290064353,34595.23333333333,29343.8,218.97767354596635,0.0,0.0,1998-05-22,9.716490066225166,15.0,115298.4,90085.2,25213.199999999997,0.7813154274870467,69729.2,0.7740275425092855,56798.493333333325,29343.8,1113.6174324411895,0.0,0.0,1998-06-21,9.716490066225166,20.0,115556.70000000001,100477.8,15078.900000000009,0.8695032871024604,69943.8,0.696105049025267,54889.375,29343.8,277.1934026337053,0.0,0.0,1998-07-21,9.716490066225166
7195,10774,980423,339168.0,48,7066.0,C,1998-04-23,48,46,POPLATEK MESICNE,970705,1997-07-05,12938,13246,425113,46,1942-01-13,F,Nachod,east Bohemia,112709,48,20,7,3,10,73.5,8369,1.79,2.31,117,2854.0,2618,292,56.27378507871321,False,,0,252,False,True,False,True,False,True,True,339168.0,48.0,7066.0,0.020833333333333332,292.0,56.27378507871321,1.0,8369.0,2.31,2618.0,117.0,0.0,51.0,6.0,10620.9,10808.6,-187.70000000000073,1.0175768930229057,14.6,0.0013506512729425694,32436.266666666666,28490.0,121.45642540620392,0.0,0.0,1998-05-12,4.0319841494480615,13.0,27839.4,35857.2,-8017.799999999996,1.2879556328213673,14269.2,0.3979340848118422,34036.63076923077,20660.0,47.10462199614102,0.0,0.0,1998-06-12,2.9238607415793942,20.0,49145.7,52545.8,-3400.100000000006,1.069162324225228,20163.800000000003,0.3837303127878387,33629.61499999999,20660.0,-11.632840995511552,0.0,0.0,1998-07-19,2.9238607415793942
5525,2720,980427,93888.0,36,2608.0,C,1998-04-27,36,2,POPLATEK TYDNE,970616,1997-06-16,3284,3284,360702,2,1936-07-02,M,Benesov,central Bohemia,88884,80,26,6,2,5,46.7,8507,1.67,1.85,132,2159.0,2674,315,61.817932922655714,False,,0,248,False,True,False,True,False,True,True,93888.0,36.0,2608.0,0.027777777777777776,315.0,61.817932922655714,0.0,8507.0,1.85,2674.0,132.0,0.0,91.0,10.0,45455.4,44615.2,840.2000000000044,0.9814943550303147,31082.0,0.696652785311165,59406.96,36604.9,-842.7148834168669,0.0,0.0,1998-05-22,14.035621165644173,18.0,70438.6,87340.4,-16901.79999999999,1.2399332193822792,60274.0,0.6900965635998507,57696.06666666668,33510.0,-254.91558652229995,0.0,0.0,1998-06-23,12.848926380368098,26.0,91106.8,116703.59999999999,-25596.79999999999,1.280939721955749,76104.0,0.6521079717508993,55006.32692307693,33510.0,-212.28335192420616,0.0,0.0,1998-07-19,12.848926380368098
6320,6495,980428,104964.0,12,8747.0,C,1998-04-28,12,6,POPLATEK MESICNE,960723,1996-07-23,7843,7843,660511,6,1966-05-11,M,Kutna Hora,central Bohemia,77963,60,23,4,2,4,51.5,8546,2.95,4.02,126,2640.0,3120,644,31.964407939767284,False,,0,247,False,True,False,True,False,True,True,104964.0,12.0,8747.0,0.08333333333333333,644.0,31.964407939767284,0.0,8546.0,4.02,3120.0,126.0,0.0,124.0,6.0,18638.0,20667.6,-2029.5999999999985,1.1088363109608883,3314.6,0.16036886871873277,37490.13333333333,30763.7,-224.43448275862073,0.0,0.0,1998-05-14,3.5170572767806108,14.0,46507.6,56115.2,-9607.599999999999,1.2065553467530736,21409.2,0.38151549819838126,35942.48571428571,23185.8,-107.0623340640069,0.0,0.0,1998-06-20,2.6507145306962387,20.0,67921.1,73482.79999999999,-5561.6999999999825,1.081868787920279,21423.8,0.29154453090341004,33822.149999999994,23185.8,-142.72801402225272,0.0,0.0,1998-07-13,2.6507145306962387
6766,8784,980428,74352.0,24,3098.0,C,1998-04-28,24,1,POPLATEK MESICNE,961016,1996-10-16,10520,10828,576123,1,1957-11-23,F,Hl.m. Praha,Prague,1204953,0,0,0,1,1,100.0,12541,0.29,0.43,167,85677.0,99107,559,40.427104722792606,False,,0,247,False,True,False,True,False,True,True,74352.0,24.0,3098.0,0.041666666666666664,559.0,40.427104722792606,1.0,12541.0,0.43,99107.0,167.0,0.0,126.0,8.0,37134.1,29909.6,7224.5,0.8054266718010723,19714.6,0.6591175034937446,49306.4375,26299.3,-248.54638088545323,0.0,0.0,1998-05-12,8.489122014202712,16.0,92720.70000000001,69119.2,23601.500000000015,0.7454479372142658,48729.2,0.7049921730550548,56731.70625,26299.3,466.413469492285,0.0,0.0,1998-06-21,8.489122014202712,23.0,130100.9,108728.8,21372.09999999999,0.8357203084659025,78143.8,0.718697174095786,59897.70869565217,26299.3,293.84546183242236,0.0,0.0,1998-07-12,8.489122014202712
6872,9227,980429,191580.0,60,3193.0,C,1998-04-29,60,51,POPLATEK MESICNE,971104,1997-11-04,11054,11362,665111,51,1966-01-11,F,Trutnov,east Bohemia,121947,37,28,7,3,11,70.5,8541,2.51,2.97,131,3496.0,3839,176,32.29568788501027,False,,0,246,False,True,False,True,False,True,True,191580.0,60.0,3193.0,0.016666666666666666,176.0,32.29568788501027,1.0,8541.0,2.97,3839.0,131.0,0.0,30.0,8.0,4569.0,7555.6,-2986.6000000000004,1.6533041575492342,1414.6,0.1872005928592224,17271.525,14280.1,-39.65168044077139,0.0,0.0,1998-05-13,4.472314437832759,18.0,16410.4,20911.2,-4500.799999999999,1.2741874550617254,8629.2,0.4126395118638881,17840.25,12766.0,29.635952504283377,0.0,0.0,1998-06-23,3.9981208894456626,26.0,26646.399999999998,27066.8,-420.40000000000146,1.0157388713345392,8643.800000000001,0.3193388454178028,17635.926923076924,12766.0,7.8082820595068165,0.0,0.0,1998-07-13,3.9981208894456626
5906,4533,980505,81144.0,36,2254.0,C,1998-05-05,36,68,POPLATEK MESICNE,970803,1997-08-03,5468,5468,445527,68,1944-05-27,F,Frydek - Mistek,north Moravia,228848,15,40,18,2,6,57.2,9893,4.09,4.72,96,5623.0,5887,275,53.93839835728953,False,,0,240,False,True,False,True,False,True,True,81144.0,36.0,2254.0,0.027777777777777776,275.0,53.93839835728953,1.0,9893.0,4.72,5887.0,96.0,0.0,51.0,11.0,69998.2,81089.1,-11090.900000000009,1.1584289534737542,68356.6,0.8429709668627859,74951.88181818182,49321.3,-275.9077545879813,0.0,0.0,1998-06-01,21.881677018633543,21.0,105048.09999999999,137935.2,-32887.10000000002,1.3130545621047685,112470.2,0.8153784140783926,63480.323809523834,32913.1,-519.124294602582,0.0,0.0,1998-07-04,14.602085181898845,27.0,133712.0,153082.30000000002,-19370.300000000017,1.1448572689267313,114884.8,0.7504724551926957,59044.47407407408,22434.1,-463.97761257434155,0.0,0.0,1998-07-31,9.95301685891748
7172,10652,980507,45720.0,12,3810.0,C,1998-05-07,12,1,POPLATEK MESICNE,970318,1997-03-18,12790,13098,786215,1,1978-12-15,F,Hl.m. Praha,Prague,1204953,0,0,0,1,1,100.0,12541,0.29,0.43,167,85677.0,99107,415,19.392197125256672,False,,0,238,False,True,False,True,False,True,True,45720.0,12.0,3810.0,0.08333333333333333,415.0,19.392197125256672,1.0,12541.0,0.43,99107.0,167.0,0.0,86.0,7.0,30269.3,30476.6,-207.29999999999927,1.0068152611635828,23014.6,0.7551316376617582,40843.37142857142,28788.8,-982.2869612656848,0.0,0.0,1998-05-31,7.5561154855643045,15.0,75630.6,67954.20000000001,7676.399999999994,0.8984895202534391,53030.2,0.7803700084761723,40874.17333333333,24700.5,-156.5058062130178,0.0,0.0,1998-06-30,6.483070866141732,24.0,105908.20000000001,107430.80000000002,-1522.6000000000058,1.0143670238279583,85044.8,0.7916166349255992,38730.916666666664,24700.5,-157.55173850578464,0.0,0.0,1998-07-31,6.483070866141732
6571,7733,980512,140064.0,24,5836.0,C,1998-05-12,24,19,POPLATEK TYDNE,960708,1996-07-08,9261,9569,505718,19,1950-07-18,F,Prachatice,south Bohemia,51428,50,11,3,1,4,52.7,8402,3.13,3.98,120,999.0,1099,673,47.81656399726215,False,,0,233,False,True,False,True,False,True,True,140064.0,24.0,5836.0,0.041666666666666664,673.0,47.81656399726215,1.0,8402.0,3.98,1099.0,120.0,0.0,142.0,10.0,46757.7,73980.0,-27222.300000000003,1.582165457978943,68144.0,0.9211013638636947,61056.009999999995,46651.7,-1580.3101094470048,0.0,0.0,1998-06-07,7.9937799862919805,16.0,111233.09999999999,126646.0,-15412.900000000009,1.1385537348708714,114974.0,0.9078304263030312,62345.818750000006,40815.7,-205.82459828322604,0.0,0.0,1998-06-30,6.9937799862919805,21.0,154342.3,158012.0,-3669.7000000000116,1.0237697392760166,140504.0,0.8891926613633055,64568.04761904764,40815.7,56.23680562571994,0.0,0.0,1998-07-31,6.9937799862919805
5616,3143,980515,130896.0,24,5454.0,C,1998-05-15,24,38,POPLATEK MESICNE,961018,1996-10-18,3800,3800,545615,38,1954-06-15,F,Louny,north Bohemia,85852,41,23,4,2,4,59.8,8965,7.08,8.23,104,2653.0,2822,574,43.9151266255989,False,,0,230,False,True,False,True,False,True,True,130896.0,24.0,5454.0,0.041666666666666664,574.0,43.9151266255989,1.0,8965.0,8.23,2822.0,104.0,0.0,113.0,6.0,11945.5,9942.6,2002.8999999999996,0.8322604947055623,14.6,0.0014682811054346513,45522.333333333336,39336.9,415.550564617315,0.0,0.0,1998-06-12,7.212486248624863,12.0,21446.8,19885.2,1561.5999999999985,0.927144042745643,29.2,0.00146835493960636,45840.68333333333,39336.9,45.335821063279674,0.0,0.0,1998-07-12,7.212486248624863,18.0,35048.8,29827.800000000003,5221.0,0.8510119886561407,43.8,0.001468379552647106,46254.82222222222,39336.9,36.23800386660219,0.0,0.0,1998-08-12,7.212486248624863
6312,6453,980517,10944.0,36,304.0,C,1998-05-17,36,34,POPLATEK MESICNE,960727,1996-07-27,7787,7787,510710,34,1951-07-10,M,Chomutov,north Bohemia,125236,28,11,1,4,5,87.7,9675,6.43,7.68,100,5323.0,5190,659,46.85284052019165,False,,0,228,False,True,False,True,False,True,True,10944.0,36.0,304.0,0.027777777777777776,659.0,46.85284052019165,0.0,9675.0,7.68,5190.0,100.0,0.0,165.0,8.0,6807.2,3068.6,3738.6,0.4507211891542552,14.6,0.004756320041699244,32778.0,29534.9,230.58482581748234,0.0,0.0,1998-06-13,97.15427631578947,16.0,11049.599999999999,13337.2,-2287.600000000002,1.2069208911733302,7229.200000000001,0.5419921728569073,30151.7625,25573.5,-87.87368834844595,0.0,0.0,1998-07-13,84.12335526315789,24.0,15277.099999999999,19805.800000000003,-4528.700000000004,1.2963522951152306,10643.800000000001,0.5373811014399095,28497.354166666668,23347.3,-93.94522142534731,0.0,0.0,1998-08-13,76.80032894736841
6470,7181,980517,49872.0,12,4156.0,C,1998-05-17,12,77,POPLATEK PO OBRATU,960702,1996-07-02,8667,8667,675212,77,1967-02-12,F,Vsetin,north Moravia,148545,8,35,12,3,4,53.5,8909,4.01,5.56,113,3460.0,3590,684,31.2580424366872,False,,0,228,False,True,False,True,False,True,True,49872.0,12.0,4156.0,0.08333333333333333,684.0,31.2580424366872,1.0,8909.0,5.56,3590.0,113.0,0.0,215.0,13.0,63969.7,80537.5,-16567.800000000003,1.2589748119060757,70400.0,0.874116105961745,77768.0923076923,59946.4,-1276.8959181713408,0.0,0.0,1998-06-14,14.424061597690088,23.0,76828.5,111294.0,-34465.5,1.4485842026825633,91019.0,0.8178175120176109,65661.8608695652,42048.7,-898.357904170228,0.0,0.0,1998-07-14,10.117589027911453,35.0,166693.9,171531.5,-4837.600000000006,1.0290146849123758,141119.0,0.8226954075758238,72434.85142857143,42048.7,99.07381295405094,0.0,0.0,1998-08-15,10.117589027911453
5147,938,980521,22260.0,60,371.0,C,1998-05-21,60,70,POPLATEK MESICNE,971213,1997-12-13,1130,1130,406126,70,1940-11-26,F,Karvina,north Moravia,285387,0,2,8,5,7,89.9,10177,6.63,7.75,81,9878.0,10108,159,57.48117727583847,False,,0,224,False,True,False,True,False,True,True,22260.0,60.0,371.0,0.016666666666666666,159.0,57.48117727583847,1.0,10177.0,7.75,10108.0,81.0,0.0,15.0,6.0,9814.0,3667.6,6146.4,0.37367294956698927,14.6,0.003979719784113831,31464.016666666666,28110.5,104.87464788732399,0.0,0.0,1998-06-13,75.76954177897574,12.0,14882.6,8935.2,5947.4,0.6003386277513505,1629.2,0.1823146303798035,33365.14166666667,28110.5,102.53510638297873,0.0,0.0,1998-07-13,75.76954177897574,18.0,19959.9,15902.8,4057.100000000002,0.7966975436979293,4943.8,0.31085652485569487,33652.11666666667,28110.5,34.74051136037915,0.0,0.0,1998-08-13,75.76954177897574
5501,2622,980521,136344.0,24,5681.0,C,1998-05-21,24,1,POPLATEK MESICNE,960821,1996-08-21,3163,3163,645526,1,1964-05-26,F,Hl.m. Praha,Prague,1204953,0,0,0,1,1,100.0,12541,0.29,0.43,167,85677.0,99107,638,33.98494182067078,False,,0,224,False,True,False,True,False,True,True,136344.0,24.0,5681.0,0.041666666666666664,638.0,33.98494182067078,1.0,12541.0,0.43,99107.0,167.0,0.0,130.0,6.0,16563.1,12762.6,3800.499999999998,0.7704976424918952,14.6,0.0011438779027860477,47545.26666666666,39994.0,851.8400000000001,0.0,0.0,1998-06-12,7.039957753916564,12.0,27954.3,25525.2,2429.0999999999985,0.913071939846827,29.2,0.0011439227147009739,47833.56666666666,39994.0,91.02358862144415,0.0,0.0,1998-07-12,7.039957753916564,19.0,40651.399999999994,44167.8,-3516.4000000000087,1.0864745992856513,5923.8,0.13411729546648313,47072.321052631574,36331.1,-8.543110787822698,0.0,0.0,1998-08-12,6.395194508009153
6436,7049,980522,495180.0,60,8253.0,C,1998-05-22,60,69,POPLATEK MESICNE,971012,1997-10-12,8506,8506,796225,69,1979-12-25,F,Jesenik,north Moravia,42821,4,13,5,1,3,48.4,8173,7.01,7.01,124,1358.0,1358,222,18.406570841889117,False,,0,223,False,True,False,True,False,True,True,495180.0,60.0,8253.0,0.016666666666666666,222.0,18.406570841889117,1.0,8173.0,7.01,1358.0,124.0,0.0,31.0,6.0,74410.1,62967.8,11442.300000000003,0.846215148008832,54714.6,0.8689160346076151,57815.23333333333,34353.0,1167.347169811321,0.0,0.0,1998-06-12,4.162486368593239,13.0,124130.20000000001,116717.59999999999,7412.60000000002,0.9402760949704827,100211.2,0.858570956128672,54264.38461538462,31466.3,-140.43554936109325,0.0,0.0,1998-07-12,3.8127105295044226,18.0,173844.80000000002,150185.40000000002,23659.399999999994,0.8639000769647585,125425.79999999999,0.8351342065593154,55805.6111111111,31466.3,61.584276248725814,0.0,0.0,1998-08-12,3.8127105295044226
5699,3562,980524,174960.0,24,7290.0,C,1998-05-24,24,50,POPLATEK MESICNE,960719,1996-07-19,4299,4299,775915,50,1977-09-15,F,Svitavy,east Bohemia,102609,75,33,2,3,6,52.0,8187,4.83,5.45,94,2123.0,2134,674,20.687200547570157,False,,0,221,False,True,False,True,False,True,True,174960.0,24.0,7290.0,0.041666666666666664,674.0,20.687200547570157,1.0,8187.0,5.45,2134.0,94.0,0.0,143.0,12.0,115957.4,117105.1,-1147.7000000000116,1.0098888911885642,109814.6,0.9377359505610724,91072.49166666665,66312.9,505.2774343776461,0.0,0.0,1998-06-16,9.096419753086419,20.0,157525.5,172455.2,-14929.700000000012,1.0947694514891146,157874.2,0.9154451970993215,88491.40999999999,56312.9,-336.4529959458956,0.0,0.0,1998-07-18,7.724677640603566,28.0,229950.5,256260.3,-26309.79999999999,1.1144102125883066,234388.80000000002,0.9146476662687656,87380.59285714288,44932.7,-187.10184279275455,0.0,0.0,1998-08-12,6.163607681755829
5313,1776,980527,43200.0,24,1800.0,C,1998-05-27,24,36,POPLATEK MESICNE,970727,1997-07-27,2153,2153,495516,36,1949-05-16,F,Liberec,north Bohemia,159617,29,19,8,1,9,85.2,9198,3.33,4.28,131,5796.0,6132,304,49.02943189596167,False,,0,218,False,True,False,True,False,True,True,43200.0,24.0,1800.0,0.041666666666666664,304.0,49.02943189596167,1.0,9198.0,4.28,6132.0,131.0,0.0,54.0,7.0,20670.7,15824.6,4846.1,0.765520010449068,8314.6,0.5253892427459307,42582.81428571429,32061.3,247.4186513629843,0.0,0.0,1998-06-25,17.811833333333333,13.0,34532.0,29549.2,4982.799999999999,0.8556800741319898,14529.2,0.49167856731934134,43255.33076923077,32061.3,90.2479964643488,0.0,0.0,1998-07-22,17.811833333333333,19.0,48392.0,45273.8,3118.199999999997,0.9355443969169095,22743.800000000003,0.502350093208584,43440.56315789474,32061.3,34.20964705377823,0.0,0.0,1998-08-21,17.811833333333333
6234,6061,980528,5148.0,12,429.0,C,1998-05-28,12,1,POPLATEK MESICNE,970308,1997-03-08,7324,7324,635318,1,1963-03-18,F,Hl.m. Praha,Prague,1204953,0,0,0,1,1,100.0,12541,0.29,0.43,167,85677.0,99107,446,35.19507186858316,False,,0,217,False,True,False,True,False,True,True,5148.0,12.0,429.0,0.08333333333333333,446.0,35.19507186858316,1.0,12541.0,0.43,99107.0,167.0,0.0,80.0,7.0,32323.7,57004.6,-24680.899999999998,1.7634997385899946,48054.6,0.8429803387737345,45796.38571428571,24616.3,-550.5481629392972,0.0,0.0,1998-06-21,57.38065268065268,13.0,54333.3,65969.2,-11635.899999999994,1.2141354540317992,48069.2,0.7286502087306087,37522.85384615384,16673.3,-567.6345066358916,0.0,0.0,1998-07-12,38.865501165501165,19.0,75894.70000000001,83233.8,-7339.099999999991,1.0966866370558541,56383.799999999996,0.6774065655230744,36747.38421052631,16673.3,-177.35948625547795,0.0,0.0,1998-08-12,38.865501165501165
6569,7721,980528,45456.0,12,3788.0,C,1998-05-28,12,13,POPLATEK MESICNE,970703,1997-07-03,9247,9555,475515,13,1947-05-15,F,Rakovnik,central Bohemia,53921,61,22,1,1,2,41.3,8598,2.77,3.26,123,1597.0,1875,329,51.0362765229295,False,,0,217,False,True,False,True,False,True,True,45456.0,12.0,3788.0,0.08333333333333333,329.0,51.0362765229295,1.0,8598.0,3.26,1875.0,123.0,0.0,56.0,7.0,34284.1,48409.9,-14125.800000000003,1.411980714654471,44621.6,0.9217263054394774,44566.642857142855,26775.0,683.8558757062144,0.0,0.0,1998-06-14,7.068373812038015,12.0,57197.2,59312.8,-2115.600000000006,1.0369696948505374,51736.2,0.872245581972492,44475.049999999996,26775.0,162.4875835342224,0.0,0.0,1998-07-12,7.068373812038015,17.0,80122.9,73215.70000000001,6907.1999999999825,0.9137810316272674,61850.8,0.8447635580407201,47090.33529411764,26775.0,206.2092113017287,0.0,0.0,1998-08-12,7.068373812038015
7202,10812,980529,140688.0,48,2931.0,C,1998-05-29,48,16,POPLATEK MESICNE,970408,1997-04-08,12982,13290,410623,16,1941-06-23,M,Jindrichuv Hradec,south Bohemia,93931,74,21,10,1,8,56.9,8427,1.12,1.54,107,1874.0,1913,416,56.930869267624914,False,,0,216,False,True,False,True,False,True,True,140688.0,48.0,2931.0,0.020833333333333332,416.0,56.930869267624914,0.0,8427.0,1.54,1913.0,107.0,0.0,85.0,6.0,23080.1,8445.6,14634.499999999998,0.36590977033157,5514.6,0.652878081121398,25753.8,16361.2,524.5781725888323,0.0,0.0,1998-06-24,5.582122142613443,10.0,23194.5,23991.2,-796.7000000000007,1.034304067599319,18129.2,0.7556289127299706,28414.24,16361.2,270.57137216189534,0.0,0.0,1998-07-12,5.582122142613443,14.0,23316.7,31036.8,-7720.0999999999985,1.33104036847545,22243.8,0.7166680628137303,26362.028571428567,16361.2,-54.24184056219509,0.0,0.0,1998-08-12,5.582122142613443
5683,3460,980529,140688.0,48,2931.0,C,1998-05-29,48,16,POPLATEK MESICNE,970408,1997-04-08,4182,4182,410623,16,1941-06-23,M,Jindrichuv Hradec,south Bohemia,93931,74,21,10,1,8,56.9,8427,1.12,1.54,107,1874.0,1913,416,56.930869267624914,False,,0,216,False,True,False,True,False,True,True,140688.0,48.0,2931.0,0.020833333333333332,416.0,56.930869267624914,0.0,8427.0,1.54,1913.0,107.0,0.0,85.0,6.0,23088.8,8445.6,14643.199999999999,0.36577189928020165,5514.6,0.652878081121398,27926.3,18533.7,524.5781725888323,0.0,0.0,1998-06-24,6.323336745138178,10.0,23212.0,23991.2,-779.2000000000007,1.033524318269935,18129.2,0.7556289127299706,30590.26,18533.7,270.82329713721623,0.0,0.0,1998-07-12,6.323336745138178,14.0,23343.0,31036.8,-7693.799999999999,1.3295407813570939,22243.8,0.7166680628137303,28542.071428571428,18533.7,-53.94972830222461,0.0,0.0,1998-08-12,6.323336745138178
5034,303,980530,112752.0,36,3132.0,C,1998-05-30,36,71,POPLATEK MESICNE,960725,1996-07-25,370,370,565105,71,1956-01-05,F,Novy Jicin,north Moravia,161227,5,35,11,4,10,69.7,8678,5.93,5.57,102,4980.0,4595,674,42.39835728952772,False,,0,215,False,True,False,True,False,True,True,112752.0,36.0,3132.0,0.027777777777777776,674.0,42.39835728952772,1.0,8678.0,5.57,4595.0,102.0,0.0,129.0,6.0,23328.0,16249.6,7078.4,0.6965407861459986,9314.6,0.5731849900926735,60034.26666666666,49122.0,713.702651839179,0.0,0.0,1998-06-15,15.683908045977011,12.0,38966.4,31999.2,6967.200000000001,0.8211787288861971,18129.2,0.5665339591627553,61054.166666666686,49122.0,116.67832560146732,0.0,0.0,1998-07-15,15.683908045977011,19.0,54611.5,52528.8,2082.699999999997,0.9618457312886245,31723.8,0.6039200606132138,60823.089473684224,49122.0,16.80744505335074,0.0,0.0,1998-08-14,15.683908045977011
5435,2279,980601,314688.0,48,6556.0,C,1998-06-01,48,2,POPLATEK TYDNE,961030,1996-10-30,2759,2759,740126,2,1974-01-26,M,Benesov,central Bohemia,88884,80,26,6,2,5,46.7,8507,1.67,1.85,132,2159.0,2674,579,24.344969199178646,False,,0,213,False,True,False,True,False,True,True,314688.0,48.0,6556.0,0.020833333333333332,579.0,24.344969199178646,0.0,8507.0,1.85,2674.0,132.0,0.0,107.0,6.0,59263.9,52786.3,6477.5999999999985,0.8906840305138455,46230.0,0.8757788331663108,71264.71666666667,49391.4,-2583.760499139414,0.0,0.0,1998-06-30,7.533770591824283,12.0,98850.0,94728.6,4121.399999999994,0.9582968305834033,81616.0,0.8615680843157788,65945.18333333333,47043.9,-764.1403132148514,0.0,0.0,1998-07-31,7.175701647345943,15.0,138188.0,125084.90000000001,13103.099999999991,0.9051726258964173,105416.0,0.8427488629813592,67615.30666666666,47043.9,-311.1385579124337,0.0,0.0,1998-08-21,7.175701647345943
5815,4116,980603,151200.0,36,4200.0,C,1998-06-03,36,6,POPLATEK MESICNE,971005,1997-10-05,4956,4956,461010,6,1946-10-10,M,Kutna Hora,central Bohemia,77963,60,23,4,2,4,51.5,8546,2.95,4.02,126,2640.0,3120,241,51.64681724845996,False,,0,211,False,True,False,True,False,True,True,151200.0,36.0,4200.0,0.027777777777777776,241.0,51.64681724845996,0.0,8546.0,4.02,3120.0,126.0,0.0,40.0,7.0,26477.8,53762.799999999996,-27284.999999999996,2.030409233046815,35114.6,0.6531271971103233,51934.785714285725,31841.9,-1830.784812547819,0.0,0.0,1998-07-02,7.581404761904762,13.0,44092.4,75425.6,-31333.200000000004,1.710587071988098,38129.2,0.5055139698726974,39556.192307692305,13193.7,-809.7076820067282,0.0,0.0,1998-08-01,3.141357142857143,21.0,82998.59999999999,112388.40000000001,-29389.800000000017,1.354083634137996,56443.799999999996,0.5022164011908595,36305.93333333333,7045.5,-289.82895307729393,0.0,0.0,1998-08-31,1.6775
5589,3005,980605,390000.0,48,8125.0,C,1998-06-05,48,42,POPLATEK PO OBRATU,970111,1997-01-11,3629,3629,471213,42,1947-12-13,M,Havlickuv Brod,east Bohemia,95907,87,25,5,2,7,59.1,8388,2.41,2.94,87,1658.0,1668,510,50.47775496235455,False,,0,209,False,True,False,True,False,True,True,390000.0,48.0,8125.0,0.020833333333333332,510.0,50.47775496235455,0.0,8388.0,2.94,1668.0,87.0,0.0,44.0,8.0,27233.1,22804.3,4428.799999999999,0.8373436243532923,100.0,0.004384945604749773,20508.0375,2095.3,518.6880242825608,0.0,0.0,1998-07-05,0.25788307692307694,17.0,125139.29999999999,82808.6,42330.69999999998,0.6617260786493241,37400.0,0.45163845737692243,43875.52941176471,2095.3,1444.496990114099,0.0,0.0,1998-08-04,0.25788307692307694,27.0,188942.19999999998,175012.90000000002,13929.29999999996,0.9262725517510026,106900.0,0.610808627200468,48496.57407407407,2095.3,573.2453192056875,0.0,0.0,1998-09-03,0.25788307692307694
6746,8639,980606,185640.0,60,3094.0,C,1998-06-06,60,46,POPLATEK MESICNE,970822,1997-08-22,10346,10654,625716,46,1962-07-16,F,Nachod,east Bohemia,112709,48,20,7,3,10,73.5,8369,1.79,2.31,117,2854.0,2618,288,35.89048596851472,False,,0,208,False,True,False,True,False,True,True,185640.0,60.0,3094.0,0.016666666666666666,288.0,35.89048596851472,1.0,8369.0,2.31,2618.0,117.0,0.0,55.0,7.0,28018.0,25574.1,2443.9000000000015,0.9127413540811592,22479.6,0.8789643051249066,29839.885714285712,23857.7,-733.27774178621,0.0,0.0,1998-06-30,7.710956690368455,13.0,46796.200000000004,37083.2,9713.000000000007,0.792423478327763,30894.199999999997,0.8330825526774206,31985.023076923077,23857.7,-48.40486065994185,0.0,0.0,1998-07-31,7.710956690368455,21.0,65602.40000000001,67266.3,-1663.8999999999942,1.0253477716093982,57982.799999999996,0.8619760269848796,31231.490476190473,19678.6,-92.66620983368318,0.0,0.0,1998-08-31,6.360245636716225
6790,8919,980608,76104.0,24,3171.0,C,1998-06-08,24,62,POPLATEK MESICNE,970703,1997-07-03,10679,10987,616003,62,1961-10-03,F,Uherske Hradiste,south Moravia,145688,22,41,13,2,5,40.7,8544,1.29,1.86,109,2719.0,2906,340,36.67898699520876,False,,0,206,False,True,False,True,False,True,True,76104.0,24.0,3171.0,0.041666666666666664,340.0,36.67898699520876,1.0,8544.0,1.86,2906.0,109.0,0.0,81.0,8.0,4932.6,6021.6,-1089.0,1.2205286200745906,14.6,0.00242420217181948,23451.6125,21469.0,-50.11736703873935,0.0,0.0,1998-07-07,6.770419426048565,17.0,11056.7,13123.2,-2066.5,1.1867929135353645,1109.1999999999998,0.08451562761920725,22728.394117647058,19300.0,-45.79249372984594,0.0,0.0,1998-08-07,6.08640807316304,24.0,18108.1,19144.8,-1036.7000000000007,1.0571922403653413,1123.7999999999997,0.058696946588807974,23277.675,19300.0,17.089430199738302,0.0,0.0,1998-08-31,6.08640807316304
6857,9159,980608,69600.0,48,1450.0,C,1998-06-08,48,64,POPLATEK MESICNE,960802,1996-08-02,10966,11274,690414,64,1969-04-14,M,Zlin,south Moravia,197099,29,41,10,2,10,74.7,9624,1.6,2.31,145,4484.0,4265,675,29.149897330595483,False,,0,206,False,True,False,True,False,True,True,69600.0,48.0,1450.0,0.020833333333333332,675.0,29.149897330595483,0.0,9624.0,2.31,4265.0,145.0,0.0,218.0,13.0,20571.9,44042.6,-23470.699999999997,2.1408065950838235,33054.6,0.7504972345584829,47074.38461538462,31771.8,-916.4759414442374,0.0,0.0,1998-07-08,21.91158620689655,22.0,38473.100000000006,54539.2,-16066.099999999991,1.4175562261365435,33069.2,0.6063270761750048,44965.777272727275,31771.8,-271.0464461326646,0.0,0.0,1998-08-07,21.91158620689655,31.0,40705.600000000006,65288.799999999996,-24583.19999999999,1.6038873303100722,33083.799999999996,0.5067223364139575,46006.10967741934,31771.8,-48.24312969470612,0.0,0.0,1998-09-05,21.91158620689655
6450,7099,980610,234336.0,48,4882.0,C,1998-06-10,48,1,POPLATEK MESICNE,960820,1996-08-20,8568,8568,716203,1,1971-12-03,F,Hl.m. Praha,Prague,1204953,0,0,0,1,1,100.0,12541,0.29,0.43,167,85677.0,99107,659,26.518822724161534,False,,0,204,False,True,False,True,False,True,True,234336.0,48.0,4882.0,0.020833333333333332,659.0,26.518822724161534,1.0,12541.0,0.43,99107.0,167.0,0.0,169.0,8.0,29421.9,39827.1,-10405.199999999997,1.3536089236615017,22414.6,0.5627835623592388,39978.45,27000.4,348.9318181818181,0.0,0.0,1998-07-08,5.5306022122081115,16.0,58823.600000000006,76154.20000000001,-17330.600000000006,1.2945978383193426,41329.2,0.5426970187196671,36520.774999999994,20095.1,-19.79811192379662,0.0,0.0,1998-08-08,4.1161614092585,24.0,88206.6,108081.3,-19874.699999999997,1.2253059827044381,55843.799999999996,0.5166784940734976,34329.69583333333,17569.7,-71.7721186354206,0.0,0.0,1998-09-08,3.598873412535846
7221,10915,980611,152460.0,60,2541.0,C,1998-06-11,60,25,POPLATEK TYDNE,970215,1997-02-15,13109,13417,516117,25,1951-11-17,F,Klatovy,west Bohemia,88757,60,33,3,2,10,61.7,8554,2.47,2.68,113,1822.0,2218,481,46.56536618754278,False,,0,203,False,True,False,True,False,True,True,152460.0,60.0,2541.0,0.016666666666666666,481.0,46.56536618754278,1.0,8554.0,2.68,2218.0,113.0,0.0,118.0,9.0,22974.2,21127.8,1846.4000000000015,0.9195915595946933,7430.0,0.3516527204573852,25494.133333333335,11488.0,-440.4622337248656,0.0,0.0,1998-07-10,4.521054702872885,18.0,38318.299999999996,35955.6,2362.699999999997,0.9383156790442415,8560.0,0.2380647780935906,22953.42222222222,11488.0,-247.37053038135846,0.0,0.0,1998-08-09,4.521054702872885,26.0,53656.7,49683.399999999994,3973.300000000003,0.9259323452179277,8590.0,0.1728912898213524,22652.83076923077,11488.0,-115.69730788845048,0.0,0.0,1998-09-08,4.521054702872885
5527,2728,980615,156420.0,60,2607.0,C,1998-06-15,60,52,POPLATEK TYDNE,970706,1997-07-06,3294,3294,570308,52,1957-03-08,M,Usti nad Orlici,east Bohemia,139012,59,41,8,3,10,61.9,8363,2.52,3.49,108,2564.0,2799,344,41.270362765229294,False,,0,199,False,True,False,True,False,True,True,156420.0,60.0,2607.0,0.016666666666666666,344.0,41.270362765229294,0.0,8363.0,3.49,2799.0,108.0,0.0,63.0,7.0,28102.3,16059.0,12043.3,0.5714275547711479,2230.0,0.13885429638854296,39154.84285714286,19839.7,289.4168568464731,0.0,0.0,1998-07-12,7.610164940544688,12.0,33759.8,29918.0,3841.800000000003,0.8861756830406862,2260.0,0.0755372840001337,37290.666666666664,19839.7,-107.6729692728932,0.0,0.0,1998-08-12,7.610164940544688,19.0,66729.3,57277.0,9452.300000000003,0.8583357185566377,15790.0,0.27567303327630155,37206.28947368421,19839.7,-34.85260323323387,0.0,0.0,1998-09-12,7.610164940544688
5620,3161,980616,30012.0,12,2501.0,C,1998-06-16,12,48,POPLATEK MESICNE,960826,1996-08-26,3822,3822,531126,48,1953-11-26,M,Rychnov nad Kneznou,east Bohemia,78955,50,24,8,1,9,59.0,9060,1.78,2.44,124,1655.0,1717,659,44.55304585900068,False,,0,198,False,True,False,True,False,True,True,30012.0,12.0,2501.0,0.08333333333333333,659.0,44.55304585900068,0.0,9060.0,2.44,1717.0,124.0,0.0,103.0,5.0,285.1,54515.6,-54230.5,190.54736106256553,52014.6,0.9541057219268994,52259.219999999994,40489.8,-404.0810679611651,0.0,0.0,1998-07-13,16.189444222311078,10.0,42996.9,70531.20000000001,-27534.30000000001,1.6403405747722566,65529.2,0.9290678583682345,47945.55,26989.8,-11.39586709886557,0.0,0.0,1998-08-12,10.791603358656538,16.0,78026.09999999999,103946.8,-25920.70000000001,1.3321884319678678,96443.8,0.9278099199790664,52884.693750000006,26989.8,242.25160248362127,0.0,0.0,1998-09-12,10.791603358656538
6215,5944,980618,78720.0,48,1640.0,C,1998-06-18,48,27,POPLATEK MESICNE,970606,1997-06-06,7186,7186,445601,27,1944-06-01,F,Plzen - jih,west Bohemia,67298,71,19,10,0,7,43.8,8561,0.65,1.29,110,1029.0,1127,377,54.04517453798768,False,,0,196,False,True,False,True,False,True,True,78720.0,48.0,1640.0,0.020833333333333332,377.0,54.04517453798768,1.0,8561.0,1.29,1127.0,110.0,0.0,71.0,7.0,21657.0,27239.6,-5582.5999999999985,1.2577153938498475,20914.6,0.7677731033824512,55571.82857142856,40866.6,-501.83872919818486,0.0,0.0,1998-07-12,24.918658536585365,14.0,43311.2,52079.2,-8768.0,1.2024141004151256,39429.2,0.757086186304968,53078.12857142857,37681.2,-178.5155068285601,0.0,0.0,1998-08-12,22.97634146341463,20.0,64939.5,71918.8,-6979.300000000003,1.1074568258636752,52943.8,0.7361505454687026,51748.08,37681.2,-100.01735114832827,0.0,0.0,1998-09-12,22.97634146341463
7167,10644,980618,269964.0,36,7499.0,C,1998-06-18,36,16,POPLATEK MESICNE,970712,1997-07-12,12781,13089,795214,16,1979-02-14,F,Jindrichuv Hradec,south Bohemia,93931,74,21,10,1,8,56.9,8427,1.12,1.54,107,1874.0,1913,341,19.340177960301162,False,,0,196,False,True,False,True,False,True,True,269964.0,36.0,7499.0,0.027777777777777776,341.0,19.340177960301162,1.0,8427.0,1.54,1913.0,107.0,0.0,75.0,8.0,45268.1,38615.3,6652.799999999996,0.8530167376864132,20063.6,0.5195629824711325,63754.8875,42477.7,557.2421006944442,0.0,0.0,1998-07-16,5.664448593145752,14.0,90544.1,75681.6,14862.5,0.8358442367394813,38578.2,0.5097367162333217,66628.92142857143,42477.7,261.6101079489694,0.0,0.0,1998-08-14,5.664448593145752,21.0,135855.2,125047.90000000001,10807.300000000003,0.920443086145498,69392.79999999999,0.5549253132174692,66850.78571428571,42477.7,85.92538347584757,0.0,0.0,1998-09-14,5.664448593145752
5823,4144,980621,212976.0,36,5916.0,C,1998-06-21,36,1,POPLATEK MESICNE,960819,1996-08-19,4993,4993,735627,1,1973-06-27,F,Hl.m. Praha,Prague,1204953,0,0,0,1,1,100.0,12541,0.29,0.43,167,85677.0,99107,671,24.982888432580424,False,,0,193,False,True,False,True,False,True,True,212976.0,36.0,5916.0,0.027777777777777776,671.0,24.982888432580424,1.0,12541.0,0.43,99107.0,167.0,0.0,149.0,6.0,182.4,19379.3,-19196.899999999998,105.66684841875681,4710.6,0.24306125292178143,45661.36666666667,34025.3,-1073.0714887640447,0.0,0.0,1998-07-17,5.7514029749830975,11.0,9551.6,34062.6,-24511.0,3.5657936059292754,4725.200000000001,0.13871698822203177,40823.700000000004,28711.3,-411.1883124364621,0.0,0.0,1998-08-12,4.85316091954023,17.0,27537.1,48745.899999999994,-21208.799999999996,1.7701257530475958,4739.800000000001,0.09723284967864626,41048.794117647056,28711.3,-102.08727869742202,0.0,0.0,1998-09-12,4.85316091954023
6207,5912,980623,184620.0,60,3077.0,C,1998-06-23,60,45,POPLATEK MESICNE,961025,1996-10-25,7150,7150,635916,45,1963-09-16,F,Jicin,east Bohemia,77917,85,19,6,1,5,53.5,8390,2.28,2.89,132,2080.0,2122,606,34.76796714579056,False,,0,191,False,True,False,True,False,True,True,184620.0,60.0,3077.0,0.016666666666666666,606.0,34.76796714579056,1.0,8390.0,2.89,2122.0,132.0,0.0,113.0,7.0,18632.7,28037.4,-9404.7,1.5046609100715371,15114.6,0.5390678498059803,38523.1,29334.5,-160.8038348082596,0.0,0.0,1998-07-21,9.533474163145922,14.0,37245.9,44574.8,-7328.9000000000015,1.196738520521171,18729.199999999997,0.4201652017462389,33162.728571428575,16610.3,-288.1437136659435,0.0,0.0,1998-08-16,5.398212544686382,20.0,56033.9,57512.200000000004,-1478.300000000003,1.0263639267670683,18743.799999999996,0.32590431414005816,33258.950000000004,16610.3,-62.9581664370173,0.0,0.0,1998-09-15,5.398212544686382
6932,9491,980625,225504.0,48,4698.0,C,1998-06-25,48,7,POPLATEK TYDNE,960808,1996-08-08,11375,11683,800128,7,1980-01-28,M,Melnik,central Bohemia,94725,38,28,1,3,6,63.4,9920,2.26,2.87,130,4289.0,4846,686,18.406570841889117,False,,0,189,False,True,False,True,False,True,True,225504.0,48.0,4698.0,0.020833333333333332,686.0,18.406570841889117,0.0,9920.0,2.87,4846.0,130.0,0.0,181.0,9.0,44130.9,62749.0,-18618.1,1.4218513139021887,50230.0,0.8004780876494024,66178.72222222222,48238.6,1216.8698378839592,0.0,0.0,1998-07-23,10.267901234567901,17.0,88249.0,104998.0,-16749.0,1.1897790368271954,79960.0,0.7615310622005924,61468.42941176471,39907.6,-41.44192650184281,0.0,0.0,1998-08-14,8.494593444018731,26.0,132336.5,151947.0,-19610.5,1.1481779540946444,114390.0,0.7528233342985758,59578.62307692308,37046.1,-87.69612835942112,0.0,0.0,1998-09-14,7.885504469987228
5669,3403,980627,71820.0,36,1995.0,C,1998-06-27,36,63,POPLATEK MESICNE,970520,1997-05-20,4114,4114,640209,63,1964-02-09,M,Vyskov,south Moravia,86513,38,36,5,1,5,50.5,8288,3.79,4.52,110,1562.0,1460,403,34.379192334017795,False,,0,187,False,True,False,True,False,True,True,71820.0,36.0,1995.0,0.027777777777777776,403.0,34.379192334017795,0.0,8288.0,4.52,1460.0,110.0,0.0,79.0,5.0,28876.8,6009.6,22867.199999999997,0.20810449549480917,4014.6,0.6679200079858916,45761.02,36825.9,687.2153785488958,0.0,0.0,1998-07-27,18.459097744360903,12.0,48395.6,39078.2,9317.400000000001,0.8074575486707743,35088.2,0.8978740608814919,46107.74999999999,32609.1,69.41891781102679,0.0,0.0,1998-08-24,16.345413533834584,19.0,88832.5,68567.79999999999,20264.70000000001,0.771868720696584,62582.8,0.9127008201981078,47140.7052631579,32442.4,73.32290728543587,0.0,0.0,1998-09-17,16.26185463659148
5154,993,980701,108720.0,60,1812.0,C,1998-07-01,60,6,POPLATEK MESICNE,961114,1996-11-14,1197,1197,666002,6,1966-10-02,F,Kutna Hora,central Bohemia,77963,60,23,4,2,4,51.5,8546,2.95,4.02,126,2640.0,3120,594,31.745379876796715,False,,0,183,False,True,False,True,False,True,True,108720.0,60.0,1812.0,0.016666666666666666,594.0,31.745379876796715,1.0,8546.0,4.02,3120.0,126.0,0.0,64.0,4.0,139.9,10726.9,-10587.0,76.13129879347053,8914.6,0.8309734430783285,31145.574999999997,30626.2,-44.57519747235391,0.0,0.0,1998-07-31,16.90187637969095,8.0,7195.9,27439.2,-20243.300000000003,3.812641554002418,23814.6,0.8678726831437088,29525.0,21095.2,-195.94545650999459,0.0,0.0,1998-08-12,11.641942604856512,15.0,77628.0,35153.1,42474.9,0.4528346365404681,29716.199999999997,0.8453124955552836,34710.45999999999,21095.2,294.08230774409645,0.0,0.0,1998-09-18,11.641942604856512
7168,10645,980705,208332.0,36,5787.0,C,1998-07-05,36,2,POPLATEK MESICNE,961221,1996-12-21,12782,13090,805418,2,1980-04-18,F,Benesov,central Bohemia,88884,80,26,6,2,5,46.7,8507,1.67,1.85,132,2159.0,2674,561,18.21218343600274,False,,0,179,False,True,False,True,False,True,True,208332.0,36.0,5787.0,0.027777777777777776,561.0,18.21218343600274,1.0,8507.0,1.85,2674.0,132.0,0.0,124.0,6.0,49449.3,27141.6,22307.700000000004,0.5488662353918985,17614.6,0.6489650954587991,60828.700000000004,49415.7,-953.8118701007838,0.0,0.0,1998-07-31,8.539087610160705,14.0,98941.40000000001,72383.20000000001,26558.199999999997,0.7315690745322532,53329.2,0.7367519431036054,70367.85714285714,49415.7,-3.4872365399335883,0.0,0.0,1998-08-31,8.539087610160705,20.0,148457.80000000002,113924.80000000002,34533.0,0.7673832740127228,85343.79999999999,0.7491174079971348,73320.27999999998,49415.7,75.60442903512488,0.0,0.0,1998-09-30,8.539087610160705
5585,2988,980708,88608.0,12,7384.0,C,1998-07-08,12,66,POPLATEK PO OBRATU,961014,1996-10-14,3608,3608,471209,66,1947-12-09,M,Zdar nad Sazavou,south Moravia,125832,151,41,2,3,5,48.3,8512,3.51,4.12,102,2247.0,2103,632,50.57905544147844,False,,0,176,False,True,False,True,False,True,True,88608.0,12.0,7384.0,0.08333333333333333,632.0,50.57905544147844,0.0,8512.0,4.12,2103.0,102.0,0.0,134.0,8.0,108824.2,71484.0,37340.2,0.6568699161591249,64100.0,0.8966916136252361,96551.825,66135.5,-580.2377347670252,0.0,0.0,1998-08-05,8.95659534127844,17.0,213111.59999999998,149568.0,63543.59999999998,0.7018261707660646,134800.0,0.9012562763674291,93323.38235294117,57694.1,-277.06577223748144,0.0,0.0,1998-09-05,7.813393824485374,24.0,227958.09999999998,225352.0,2606.0999999999767,0.9885632992936014,203200.0,0.9016964495702298,81717.52916666667,31439.6,-682.1187234677474,0.0,0.0,1998-10-04,4.257800650054171
7200,10799,980711,31140.0,60,519.0,C,1998-07-11,60,76,POPLATEK MESICNE,970819,1997-08-19,12968,13276,770120,76,1977-01-20,M,Sumperk,north Moravia,127369,31,32,13,2,7,51.2,8369,4.73,5.88,107,3736.0,2807,326,21.470225872689937,False,,0,173,False,True,False,True,False,True,True,31140.0,60.0,519.0,0.016666666666666666,326.0,21.470225872689937,0.0,8369.0,5.88,2807.0,107.0,0.0,50.0,6.0,10968.4,2333.6,8634.8,0.21273725089795248,1814.6,0.7772637710956909,42459.600000000006,36108.3,275.1753768844219,0.0,0.0,1998-08-08,69.5728323699422,12.0,17366.8,7067.2,10299.599999999999,0.40691394419558036,6029.2,0.853003593559888,43911.049999999996,36108.3,107.10206661112355,0.0,0.0,1998-09-07,69.5728323699422,19.0,23762.1,16700.800000000003,7061.299999999996,0.702803927097054,15143.800000000001,0.9067166413200971,43300.57894736841,36108.3,8.191103886272533,0.0,0.0,1998-10-07,69.5728323699422
6539,7559,980711,12792.0,12,1066.0,C,1998-07-11,12,56,POPLATEK MESICNE,970524,1997-05-24,9054,9362,735719,56,1973-07-19,F,Breclav,south Moravia,124605,11,42,14,1,8,46.0,8772,4.69,4.98,126,2854.0,3158,413,24.97741273100616,False,,0,173,False,True,False,True,False,True,True,12792.0,12.0,1066.0,0.08333333333333333,413.0,24.97741273100616,1.0,8772.0,4.98,3158.0,126.0,0.0,78.0,6.0,8051.6,5192.6,2859.0,0.6448352085040856,14.6,0.002811152187307455,43935.649999999994,40979.6,-45.889332646225284,0.0,0.0,1998-08-08,38.44240150093808,12.0,20023.0,10385.2,9637.8,0.5186376348381943,29.2,0.0028114228495503646,46670.125,40979.6,129.1686466662659,0.0,0.0,1998-09-08,38.44240150093808,18.0,26408.699999999997,16777.800000000003,9630.899999999994,0.6352893065805368,1243.8,0.07412925834982238,48332.48888888888,40979.6,103.15420137700181,0.0,0.0,1998-10-08,38.44240150093808
5774,3916,980712,96984.0,36,2694.0,C,1998-07-12,36,8,POPLATEK MESICNE,970928,1997-09-28,4722,4722,720128,8,1972-01-28,M,Mlada Boleslav,central Bohemia,112065,95,19,7,1,8,69.4,11277,1.25,1.44,127,5179.0,4987,287,26.45311430527036,False,,0,172,False,True,False,True,False,True,True,96984.0,36.0,2694.0,0.027777777777777776,287.0,26.45311430527036,0.0,11277.0,1.44,4987.0,127.0,0.0,55.0,8.0,20015.9,17256.3,2759.600000000002,0.8620865368763394,14.6,0.0008460187862527742,15809.487500000001,8183.1,491.5698652943848,0.0,0.0,1998-08-10,3.0375278396436527,15.0,36232.9,34512.6,1720.300000000003,0.9524947631913759,29.2,0.0008460432988734876,16086.12666666667,8183.1,139.0379084559741,0.0,0.0,1998-09-10,3.0375278396436527,22.0,52445.9,51768.899999999994,677.0000000000073,0.9870726391836313,43.8,0.0008460514700627199,15855.13636363637,8183.1,50.305034979137865,0.0,0.0,1998-10-10,3.0375278396436527
6357,6706,980712,64860.0,60,1081.0,C,1998-07-12,60,38,POPLATEK MESICNE,961228,1996-12-28,8096,8096,796102,38,1979-11-02,F,Louny,north Bohemia,85852,41,23,4,2,4,59.8,8965,7.08,8.23,104,2653.0,2822,561,18.691307323750856,False,,0,172,False,True,False,True,False,True,True,64860.0,60.0,1081.0,0.016666666666666666,561.0,18.691307323750856,1.0,8965.0,8.23,2822.0,104.0,0.0,132.0,9.0,13596.6,16963.6,-3366.999999999998,1.2475436841795609,12414.6,0.7317944425450645,44523.166666666664,37450.1,-340.5760284035259,0.0,0.0,1998-08-10,34.643940795559665,17.0,27179.800000000003,30427.199999999997,-3247.399999999994,1.1194372498234044,21329.199999999997,0.7009681808322543,43660.11176470588,37450.1,-123.8887584203696,0.0,0.0,1998-09-10,34.643940795559665,25.0,40760.3,42990.799999999996,-2230.4999999999927,1.0546964890717418,29343.799999999996,0.6825441130634213,43603.144,37450.1,-48.12833987392893,0.0,0.0,1998-10-10,34.643940795559665
5042,330,980712,331584.0,48,6908.0,C,1998-07-12,48,42,POPLATEK MESICNE,961124,1996-11-24,403,403,735526,42,1973-05-26,F,Havlickuv Brod,east Bohemia,95907,87,25,5,2,7,59.1,8388,2.41,2.94,87,1658.0,1668,595,25.127994524298426,False,,0,172,False,True,False,True,False,True,True,331584.0,48.0,6908.0,0.020833333333333332,595.0,25.127994524298426,1.0,8388.0,2.94,1668.0,87.0,0.0,101.0,5.0,22569.4,15622.6,6946.800000000001,0.6921720483465069,8714.6,0.5577843774802222,46205.40000000001,39886.8,314.47003577817503,0.0,0.0,1998-08-06,5.774001158077591,10.0,45136.100000000006,38845.2,6290.900000000009,0.860604691041294,25029.199999999997,0.6443152740808624,46638.020000000004,39233.6,76.82850182704021,0.0,0.0,1998-09-06,5.679444122756225,15.0,67691.3,65167.799999999996,2523.5000000000073,0.9627062457620733,44443.799999999996,0.6819797203569806,45734.64000000001,35477.8,-13.650765880762858,0.0,0.0,1998-10-06,5.135755645628257
5015,226,980712,109344.0,12,9112.0,C,1998-07-12,12,70,POPLATEK MESICNE,970223,1997-02-23,272,272,446025,70,1944-10-25,F,Karvina,north Moravia,285387,0,2,8,5,7,89.9,10177,6.63,7.75,81,9878.0,10108,504,53.711156741957566,False,,0,172,False,True,False,True,False,True,True,109344.0,12.0,9112.0,0.08333333333333333,504.0,53.711156741957566,1.0,10177.0,7.75,10108.0,81.0,0.0,93.0,8.0,19281.6,27294.6,-8013.0,1.4155041332600375,9254.6,0.33905098257594635,54928.075,48513.0,153.40165996628195,0.0,0.0,1998-08-11,5.324078138718174,13.0,38554.1,36821.2,1732.9000000000015,0.9550279988899004,9669.2,0.26259158876981825,54242.68461538462,48513.0,56.77092384192615,0.0,0.0,1998-09-08,5.324078138718174,19.0,58421.4,54875.799999999996,3545.600000000006,0.9392938325026017,9683.800000000001,0.17646437110035573,54653.73684210526,48513.0,50.69834267810029,0.0,0.0,1998-10-08,5.324078138718174
5354,2000,980714,290820.0,60,4847.0,C,1998-07-14,60,5,POPLATEK MESICNE,970806,1997-08-06,2430,2430,371028,5,1937-10-28,M,Kolin,central Bohemia,95616,65,30,4,1,6,51.4,9307,3.85,4.43,118,2616.0,3040,342,60.709103353867214,False,,0,170,False,True,False,True,False,True,True,290820.0,60.0,4847.0,0.016666666666666666,342.0,60.709103353867214,0.0,9307.0,4.43,3040.0,118.0,0.0,84.0,9.0,19423.6,19641.6,-218.0,1.011171401212895,11414.6,0.5811145164082149,50667.966666666674,42156.9,423.940031583103,0.0,0.0,1998-08-12,8.697524241799051,17.0,38869.399999999994,32983.2,5886.199999999997,0.8485428500864411,16529.2,0.5011247809557304,53487.217647058824,42156.9,235.47684698004082,0.0,0.0,1998-09-12,8.697524241799051,25.0,58336.399999999994,51324.8,7011.599999999991,0.8797923801883527,26643.8,0.5191112461958702,55465.692,42156.9,166.77599419124215,0.0,0.0,1998-10-12,8.697524241799051
6054,5180,980716,58764.0,12,4897.0,C,1998-07-16,12,54,POPLATEK MESICNE,970224,1997-02-24,6255,6255,465101,54,1946-01-01,F,Brno - mesto,south Moravia,387570,0,0,0,1,1,100.0,9897,1.6,1.96,140,18721.0,18696,507,52.53661875427789,False,,0,168,False,True,False,True,False,True,True,58764.0,12.0,4897.0,0.08333333333333333,507.0,52.53661875427789,1.0,9897.0,1.96,18696.0,140.0,0.0,34.0,7.0,76635.4,41803.6,34831.799999999996,0.5454796937225653,36906.6,0.8828358601684982,49393.97142857143,18280.0,1521.6776424532407,0.0,0.0,1998-08-13,3.7328976924647743,16.0,150014.4,106394.2,43620.2,0.7092218532230691,96600.20000000001,0.9079375761312541,64659.0375,18280.0,1063.3546533400483,0.0,0.0,1998-09-12,3.7328976924647743,26.0,215723.6,224905.8,-9182.199999999983,1.042559819325195,210214.80000000002,0.9346751632231663,65549.73846153847,18280.0,313.4186769112703,0.0,0.0,1998-10-12,3.7328976924647743
7295,11328,980718,280440.0,60,4674.0,C,1998-07-18,60,54,POPLATEK MESICNE,961105,1996-11-05,13616,13924,525909,54,1952-09-09,F,Brno - mesto,south Moravia,387570,0,0,0,1,1,100.0,9897,1.6,1.96,140,18721.0,18696,620,45.85352498288843,False,,0,166,False,True,False,True,False,True,True,280440.0,60.0,4674.0,0.016666666666666666,620.0,45.85352498288843,1.0,9897.0,1.96,18696.0,140.0,0.0,106.0,6.0,48626.7,29288.6,19338.1,0.6023028027235505,24614.6,0.8403870315743472,52894.299999999996,26203.2,767.218482188952,0.0,0.0,1998-08-12,5.606161745827984,16.0,138553.1,95277.2,43275.90000000001,0.6876534148033151,85929.2,0.9018768196712365,71393.5375,26203.2,933.123711251094,0.0,0.0,1998-09-12,5.606161745827984,24.0,184410.1,138588.8,45821.30000000002,0.7515209225475038,124566.80000000002,0.8988165074197382,64018.56666666667,26203.2,33.94811551433393,0.0,0.0,1998-10-13,5.606161745827984
5365,2055,980719,271260.0,60,4521.0,C,1998-07-19,60,37,POPLATEK MESICNE,970417,1997-04-17,2494,2494,710106,37,1971-01-06,M,Litomerice,north Bohemia,114006,71,26,6,2,9,62.3,9065,4.46,5.39,123,4147.0,4166,458,27.531827515400412,False,,0,165,False,True,False,True,False,True,True,271260.0,60.0,4521.0,0.016666666666666666,458.0,27.531827515400412,0.0,9065.0,5.39,4166.0,123.0,0.0,73.0,5.0,10316.3,11379.6,-1063.300000000001,1.1029629845017592,14.6,0.0012828849094072368,10718.820000000002,4775.7,-74.58653846153841,0.0,0.0,1998-08-12,1.056337093563371,10.0,20630.8,22759.2,-2128.4000000000015,1.1031126707315893,29.2,0.0012829412746812418,10186.27,3710.6,-37.56339781651024,0.0,0.0,1998-09-12,0.8207476222074762,15.0,30941.0,34138.8,-3197.800000000003,1.1033158813263526,43.8,0.0012829600642065857,9652.253333333334,2641.1,-36.27475213201137,0.0,0.0,1998-10-12,0.5841849148418491
6755,8713,980724,170700.0,60,2845.0,C,1998-07-24,60,53,POPLATEK MESICNE,970518,1997-05-18,10438,10746,710804,53,1971-08-04,M,Blansko,south Moravia,107911,88,33,6,2,7,50.9,8240,2.53,3.56,99,1850.0,1903,432,26.97056810403833,False,,0,160,False,True,False,True,False,True,True,170700.0,60.0,2845.0,0.016666666666666666,432.0,26.97056810403833,0.0,8240.0,3.56,1903.0,99.0,0.0,91.0,6.0,17230.1,8159.6,9070.499999999998,0.4735391240257442,5314.6,0.6512511334950861,33805.600000000006,27462.5,1089.1644827586208,0.0,0.0,1998-08-12,9.652899824253076,14.0,37730.399999999994,22859.2,14871.199999999993,0.6058402285629477,17169.2,0.751052046788742,39844.971428571436,27462.5,371.4606271562345,0.0,0.0,1998-09-22,9.652899824253076,22.0,55107.6,41933.8,13173.799999999996,0.7609302359341374,33398.8,0.7964459112717839,40458.45,27462.5,161.14890909270324,0.0,0.0,1998-10-15,9.652899824253076
5991,4858,980727,335184.0,48,6983.0,D,1998-07-27,48,67,POPLATEK MESICNE,970621,1997-06-21,5866,5866,785403,67,1978-04-03,F,Bruntal,north Moravia,106054,38,25,6,2,6,63.1,8110,5.77,6.55,109,3244.0,3079,401,20.314852840520192,False,,1,157,False,True,False,True,False,True,True,335184.0,48.0,6983.0,0.020833333333333332,401.0,20.314852840520192,1.0,8110.0,6.55,3079.0,109.0,1.0,88.0,12.0,41964.8,64850.2,-22885.399999999994,1.5453107053839077,64850.2,0.9999845800848712,4963.333333333335,-6484.2,302.0753584705257,1.0,1.0,1998-08-20,-0.9285693827867678,21.0,83876.0,93918.09999999999,-10042.099999999991,1.1197121976227093,86934.79999999999,0.9256349347470323,4934.495238095239,-6557.6,145.51832220437836,1.0,1.0,1998-09-14,-0.9390806243734785,29.0,125809.3,122071.9,3737.4000000000087,0.9702854217818413,108105.3,0.8855798461411174,8448.755172413794,-6557.6,265.734038953521,1.0,1.0,1998-10-14,-0.9390806243734785
7035,10005,980729,210744.0,36,5854.0,C,1998-07-29,36,64,POPLATEK MESICNE,971129,1997-11-29,12000,12308,781129,64,1978-11-29,M,Zlin,south Moravia,197099,29,41,10,2,10,74.7,9624,1.6,2.31,145,4484.0,4265,242,19.66324435318275,False,,0,155,False,True,False,True,False,True,True,210744.0,36.0,5854.0,0.027777777777777776,242.0,19.66324435318275,0.0,9624.0,2.31,4265.0,145.0,0.0,39.0,7.0,35281.9,41519.8,-6237.9000000000015,1.1767683495404289,26514.6,0.6385859617348413,43981.97142857143,25534.2,-186.32928735632183,0.0,0.0,1998-08-26,4.361838059446533,13.0,70575.20000000001,75439.6,-4864.399999999994,1.0689099158073117,45429.2,0.6021850303417522,41881.10769230769,25534.2,-129.1464425091402,0.0,0.0,1998-09-25,4.361838059446533,21.0,105851.00000000001,115158.40000000001,-9307.399999999994,1.0879189812190606,70142.8,0.6090931352542649,40066.45714285714,22464.7,-103.5650312230393,0.0,0.0,1998-10-25,3.8374957294157843
5893,4467,980803,86184.0,36,2394.0,C,1998-08-03,36,17,POPLATEK TYDNE,970413,1997-04-13,5389,5389,680831,17,1968-08-31,M,Pelhrimov,south Bohemia,74062,99,15,4,2,7,61.4,8114,2.38,2.62,119,1003.0,1181,477,29.921971252566735,False,,0,150,False,True,False,True,False,True,True,86184.0,36.0,2394.0,0.027777777777777776,477.0,29.921971252566735,0.0,8114.0,2.62,1181.0,119.0,0.0,84.0,6.0,14499.9,13811.5,688.3999999999996,0.9524581232888993,6861.0,0.49672398190045247,28454.483333333334,21853.6,155.85252317198766,0.0,0.0,1998-08-31,9.128487886382622,12.0,28993.0,29274.0,-281.0,1.0096571704490584,15373.0,0.5251238257899231,28384.8,21853.6,36.991639957264965,0.0,0.0,1998-09-30,9.128487886382622,17.0,43494.3,36254.5,7239.800000000003,0.8335268408310782,15403.0,0.42484588545186247,29071.441176470584,21572.6,67.70953447290489,0.0,0.0,1998-10-31,9.011111111111111
7164,10613,980815,249792.0,48,5204.0,C,1998-08-15,48,55,POPLATEK MESICNE,971104,1997-11-04,12743,13051,650113,55,1965-01-13,M,Brno - venkov,south Moravia,157042,49,70,18,0,9,33.9,8743,1.88,2.43,111,3659.0,3894,284,33.58521560574949,False,,0,138,False,True,False,True,False,True,True,249792.0,48.0,5204.0,0.020833333333333332,284.0,33.58521560574949,0.0,8743.0,2.43,3894.0,111.0,0.0,45.0,8.0,31485.3,63298.799999999996,-31813.499999999996,2.01036006136002,58094.6,0.9177690924773855,50589.1625,32214.2,-902.5632694938442,0.0,0.0,1998-09-12,6.190276710222905,16.0,69388.6,90606.59999999999,-21217.999999999985,1.3057662819788554,80198.2,0.8851155973671083,42746.91875,22799.8,-466.54270331214553,0.0,0.0,1998-10-12,4.381206764027671,23.0,101102.4,130712.4,-29610.0,1.2928585982271614,115099.8,0.880550884607087,42459.88695652174,22799.8,-121.05705154327096,0.0,0.0,1998-11-12,4.381206764027671
5304,1718,980820,172272.0,24,7178.0,C,1998-08-20,24,71,POPLATEK MESICNE,970923,1997-09-23,2083,2083,430312,71,1943-03-12,M,Novy Jicin,north Moravia,161227,5,35,11,4,10,69.7,8678,5.93,5.57,102,4980.0,4595,331,55.441478439425055,False,,0,133,False,True,False,True,False,True,True,172272.0,24.0,7178.0,0.041666666666666664,331.0,55.441478439425055,0.0,8678.0,5.57,4595.0,102.0,0.0,55.0,7.0,44228.7,45348.6,-1119.9000000000015,1.0252974811043258,23714.6,0.5229285374071656,66908.94285714286,44616.0,-174.2278846153848,0.0,0.0,1998-09-18,6.215658957926999,14.0,88455.5,93997.2,-5541.699999999997,1.0626375676179818,50729.2,0.5396826747746233,64312.32857142856,37194.2,-194.92446507142438,0.0,0.0,1998-10-18,5.18169406519922,21.0,132663.5,135645.8,-2982.2999999999884,1.0224724775655882,70743.79999999999,0.5215294426407404,65618.68571428573,37194.2,22.29175486903965,0.0,0.0,1998-11-17,5.18169406519922
5561,2910,980829,437460.0,60,7291.0,C,1998-08-29,60,68,POPLATEK MESICNE,971021,1997-10-21,3517,3517,535624,68,1953-06-24,F,Frydek - Mistek,north Moravia,228848,15,40,18,2,6,57.2,9893,4.09,4.72,96,5623.0,5887,312,45.18001368925393,False,,0,124,False,True,False,True,False,True,True,437460.0,60.0,7291.0,0.016666666666666666,312.0,45.18001368925393,1.0,9893.0,4.72,5887.0,96.0,0.0,53.0,7.0,43919.6,45839.9,-1920.300000000003,1.043699311940183,24114.6,0.5260498812196095,38055.59999999999,19738.2,735.9805745554035,0.0,0.0,1998-09-16,2.707200658345906,14.0,87826.1,88979.8,-1153.699999999997,1.0131246505919016,45529.2,0.5116744286407854,37281.75714285715,17804.8,47.32354448626577,0.0,0.0,1998-10-16,2.4420244136606772,23.0,131729.2,137809.7,-6080.5,1.0461511483319694,72633.79999999999,0.5270548658413315,36091.0,16467.9,-32.6932340154752,0.0,0.0,1998-11-25,2.258661363324647
5520,2699,980830,231168.0,48,4816.0,C,1998-08-30,48,73,POPLATEK MESICNE,961225,1996-12-25,3257,3257,785511,73,1978-05-11,F,Opava,north Moravia,182027,17,49,12,2,7,56.4,8746,3.33,3.74,90,4355.0,4433,613,20.303901437371664,False,,0,123,False,True,False,True,False,True,True,231168.0,48.0,4816.0,0.020833333333333332,613.0,20.303901437371664,1.0,8746.0,3.74,4433.0,90.0,0.0,144.0,9.0,45137.7,61831.6,-16693.9,1.3698134859887414,52610.6,0.8508553740259992,55013.71111111111,28711.2,407.4155202821868,0.0,0.0,1998-09-20,5.961627906976744,16.0,90223.4,84967.2,5256.199999999997,0.9417319483421337,66525.2,0.7829423243048576,49195.19375,24478.3,-215.1880285641417,0.0,0.0,1998-10-16,5.0827034883720925,25.0,135310.7,123026.79999999999,12283.900000000023,0.9092103639227057,95363.8,0.7751402528534203,54784.75199999999,24478.3,229.22861301123916,0.0,0.0,1998-11-20,5.0827034883720925
5241,1389,980902,125472.0,24,5228.0,C,1998-09-02,24,34,POPLATEK MESICNE,970805,1997-08-05,1681,1681,401125,34,1940-11-25,M,Chomutov,north Bohemia,125236,28,11,1,4,5,87.7,9675,6.43,7.68,100,5323.0,5190,393,57.76865160848734,False,,0,120,False,True,False,True,False,True,True,125472.0,24.0,5228.0,0.041666666666666664,393.0,57.76865160848734,0.0,9675.0,7.68,5190.0,100.0,0.0,97.0,6.0,16637.5,11618.300000000001,5019.199999999999,0.6982780899720529,14.6,0.0012565300835678567,17514.1,5669.7,668.1696125380931,0.0,0.0,1998-09-30,1.084487375669472,16.0,79603.6,52136.6,27467.000000000007,0.654944563505124,28929.199999999997,0.5548625176456147,40812.537500000006,5669.7,874.5793394116636,0.0,0.0,1998-10-31,1.084487375669472,24.0,135112.1,99654.9,35457.20000000001,0.73756652759799,64843.799999999996,0.6506769794864128,48215.1875,5669.7,576.637174014589,0.0,0.0,1998-11-30,1.084487375669472
7096,10257,980902,37812.0,12,3151.0,C,1998-09-02,12,27,POPLATEK MESICNE,970501,1997-05-01,12308,12616,655126,27,1965-01-26,F,Plzen - jih,west Bohemia,67298,71,19,10,0,7,43.8,8561,0.65,1.29,110,1029.0,1127,489,33.59890485968515,False,,0,120,False,True,False,True,False,True,True,37812.0,12.0,3151.0,0.08333333333333333,489.0,33.59890485968515,1.0,8561.0,1.29,1127.0,110.0,0.0,130.0,7.0,6806.5,51466.9,-44660.4,7.560323172970988,33514.6,0.6511748099300728,38424.21428571428,22550.5,-1553.0394904458599,0.0,0.0,1998-09-30,7.156616947000952,11.0,6852.7,69433.8,-62581.100000000006,10.130849030450706,33529.2,0.4828875434220304,26489.0,4795.1,-1006.8245143031972,0.0,0.0,1998-10-31,1.5217708663916218,18.0,92930.59999999999,117100.70000000001,-24170.10000000002,1.2600740759870703,63243.799999999996,0.5400758485999775,36164.10555555556,4795.1,86.51736377713964,0.0,0.0,1998-11-30,1.5217708663916218
6078,5283,980909,170832.0,48,3559.0,C,1998-09-09,48,15,POPLATEK MESICNE,970918,1997-09-18,6383,6383,700107,15,1970-01-07,M,Cesky Krumlov,south Bohemia,58796,22,16,7,1,5,51.9,9045,3.13,3.6,124,1845.0,1879,356,28.670773442847366,False,,0,113,False,True,False,True,False,True,True,170832.0,48.0,3559.0,0.020833333333333332,356.0,28.670773442847366,0.0,9045.0,3.6,1879.0,124.0,0.0,65.0,6.0,46517.0,13222.6,33294.4,0.2842469581667312,14.6,0.0011040866329895035,74819.13333333332,48566.4,1107.1555948695268,0.0,0.0,1998-09-30,13.646080359651588,14.0,92122.3,59045.2,33077.100000000006,0.6409366577185142,32629.199999999997,0.5526045706582303,82479.20714285715,48566.4,417.8120726243812,0.0,0.0,1998-11-07,13.646080359651588,20.0,137730.0,92467.8,45262.2,0.6713651973774968,52843.799999999996,0.57147708199955,83981.325,48566.4,263.01812213933897,0.0,0.0,1998-11-30,13.646080359651588
5046,349,980909,42816.0,12,3568.0,C,1998-09-09,12,72,POPLATEK MESICNE,970608,1997-06-08,426,426,370601,72,1937-06-01,M,Olomouc,north Moravia,226122,32,50,7,4,4,62.6,8994,3.8,4.79,110,9672.0,9208,458,61.27310061601643,False,,0,113,False,True,False,True,False,True,True,42816.0,12.0,3568.0,0.08333333333333333,458.0,61.27310061601643,0.0,8994.0,4.79,9208.0,110.0,0.0,85.0,7.0,8362.1,12902.6,-4540.5,1.5428011144192944,14.6,0.0011314671874515638,17220.342857142856,14036.6,-43.77942477876103,0.0,0.0,1998-10-09,3.93402466367713,12.0,15926.2,16485.199999999997,-558.9999999999964,1.0350344065498014,29.2,0.0017711783188363603,17803.083333333332,14036.6,12.333009224632269,0.0,0.0,1998-10-31,3.93402466367713,18.0,22989.0,27327.8,-4338.799999999999,1.1886820356676815,2643.8,0.09674043499897544,17232.561111111117,13477.5,-23.99094328765828,0.0,0.0,1998-11-30,3.7773262331838566
5334,1876,980910,209040.0,24,8710.0,C,1998-09-10,24,1,POPLATEK MESICNE,970920,1997-09-20,2277,2277,790325,1,1979-03-25,M,Hl.m. Praha,Prague,1204953,0,0,0,1,1,100.0,12541,0.29,0.43,167,85677.0,99107,355,19.463381245722108,False,,0,112,False,True,False,True,False,True,True,209040.0,24.0,8710.0,0.041666666666666664,355.0,19.463381245722108,0.0,12541.0,0.43,99107.0,167.0,0.0,66.0,7.0,18178.8,15976.6,2202.199999999999,0.8788105479708248,4214.6,0.26378179451231726,46261.25714285714,41712.4,135.29052801289822,0.0,0.0,1998-10-08,4.78902411021814,14.0,36361.8,33953.2,2408.600000000006,0.9337344758929453,10429.2,0.30715493223224233,46649.27142857144,41712.4,47.61350588517905,0.0,0.0,1998-11-08,4.78902411021814,21.0,63542.4,51829.799999999996,11712.600000000006,0.8156598482297138,16543.8,0.31918859056777055,47299.761904761916,41712.4,53.80072470133526,0.0,0.0,1998-12-08,4.78902411021814
6969,9673,980912,88200.0,36,2450.0,C,1998-09-12,36,76,POPLATEK MESICNE,970607,1997-06-07,11598,11906,441203,76,1944-12-03,M,Sumperk,north Moravia,127369,31,32,13,2,7,51.2,8369,4.73,5.88,107,3736.0,2807,462,53.7741273100616,False,,0,110,False,True,False,True,False,True,True,88200.0,36.0,2450.0,0.027777777777777776,462.0,53.7741273100616,0.0,8369.0,5.88,2807.0,107.0,0.0,91.0,8.0,14919.2,21197.0,-6277.799999999999,1.4206914116432754,12612.6,0.5949900934050383,52070.700000000004,41632.9,-76.4065921576057,0.0,0.0,1998-10-12,16.993020408163265,13.0,31634.9,24895.6,6739.300000000003,0.7869414178196289,12627.2,0.5071857201384928,54084.39230769232,41632.9,157.32992264150943,0.0,0.0,1998-11-11,16.993020408163265,21.0,58003.700000000004,42507.4,15496.300000000003,0.7328268226540263,24104.8,0.5670596870265642,56092.014285714286,41632.9,159.72276999631407,0.0,0.0,1998-12-11,16.993020408163265
6821,9037,980915,321936.0,48,6707.0,C,1998-09-15,48,1,POPLATEK MESICNE,961022,1996-10-22,10822,11130,615408,1,1961-04-08,F,Hl.m. Praha,Prague,1204953,0,0,0,1,1,100.0,12541,0.29,0.43,167,85677.0,99107,693,37.437371663244356,False,,0,107,False,True,False,True,False,True,True,321936.0,48.0,6707.0,0.020833333333333332,693.0,37.437371663244356,1.0,12541.0,0.43,99107.0,167.0,0.0,178.0,9.0,15201.0,21070.6,-5869.5999999999985,1.3860413103539007,6914.6,0.32814783879724374,56231.7,48532.2,121.02421203438372,0.0,0.0,1998-10-12,7.23605188608916,17.0,28609.9,35741.2,-7131.299999999996,1.2492162078089117,7429.200000000001,0.207855140422246,56485.44705882353,48532.2,30.444361067228368,0.0,0.0,1998-11-12,7.23605188608916,25.0,48574.2,52111.799999999996,-3537.5999999999985,1.072806699715081,9643.800000000001,0.18505626256888907,56830.724,48353.3,30.72866627475975,0.0,0.0,1998-12-12,7.209378261517817
5760,3862,980918,74916.0,36,2081.0,C,1998-09-18,36,1,POPLATEK MESICNE,961123,1996-11-23,4656,4656,420916,1,1942-09-16,M,Hl.m. Praha,Prague,1204953,0,0,0,1,1,100.0,12541,0.29,0.43,167,85677.0,99107,664,56.00547570157426,False,,0,104,False,True,False,True,False,True,True,74916.0,36.0,2081.0,0.027777777777777776,664.0,56.00547570157426,0.0,12541.0,0.43,99107.0,167.0,0.0,169.0,12.0,109132.1,108027.4,1104.7000000000116,0.9898683350880713,94614.6,0.8758308000488761,78768.05000000002,43600.6,263.991780821918,0.0,0.0,1998-10-14,20.951753964440172,26.0,233830.90000000002,230015.8,3815.100000000035,0.983680156556911,203190.2,0.8833711276741526,74432.22307692308,28090.8,-40.56842928660837,0.0,0.0,1998-11-13,13.498702546852474,34.0,289414.30000000005,248243.19999999998,41171.100000000064,0.8577404166262114,208004.80000000002,0.8379039671420321,68654.4705882353,28090.8,-349.81216743795204,0.0,0.0,1998-12-17,13.498702546852474
5614,3137,980921,253560.0,60,4226.0,C,1998-09-21,60,39,POPLATEK MESICNE,961215,1996-12-15,3793,3793,515620,39,1951-06-20,F,Most,north Bohemia,119895,17,4,3,2,4,89.9,10446,7.34,9.4,90,4947.0,4743,645,47.25530458590007,False,,0,101,False,True,False,True,False,True,True,253560.0,60.0,4226.0,0.016666666666666666,645.0,47.25530458590007,1.0,10446.0,9.4,4743.0,90.0,0.0,108.0,6.0,25519.1,23538.1,1981.0,0.9223357275245787,19311.6,0.8204051981596577,36920.46666666667,28521.7,1141.0192307692303,0.0,0.0,1998-10-12,6.749100804543303,11.0,51034.8,41779.2,9255.600000000006,0.8186253571022692,33326.2,0.7976553487058463,41781.53636363636,28521.7,386.8772407418451,0.0,0.0,1998-11-12,6.749100804543303,17.0,89259.20000000001,75420.29999999999,13838.900000000023,0.8449488125726805,62740.8,0.8318711027256228,44129.635294117645,28521.7,224.4327103327424,0.0,0.0,1998-12-12,6.749100804543303
7091,10243,980922,113436.0,36,3151.0,C,1998-09-22,36,44,POPLATEK MESICNE,970903,1997-09-03,12291,12599,560101,44,1956-01-01,M,Chrudim,east Bohemia,105606,77,26,7,2,7,53.0,8254,2.79,3.76,97,2166.0,2325,384,42.724161533196444,False,,0,100,False,True,False,True,False,True,True,113436.0,36.0,3151.0,0.027777777777777776,384.0,42.724161533196444,0.0,8254.0,3.76,2325.0,97.0,0.0,104.0,5.0,390.1,74562.9,-74172.79999999999,190.64919457939143,71411.6,0.9577235096340188,55566.0,36309.8,-1055.9718406593402,0.0,0.0,1998-10-17,11.52326245636306,13.0,113488.1,132628.8,-19140.699999999983,1.1686479142049764,126326.20000000001,0.9524722196670735,65502.19230769232,25209.8,749.9261224790224,0.0,0.0,1998-11-12,8.000571247223103,26.0,221748.6,247872.69999999998,-26124.099999999977,1.117804496603376,238418.80000000002,0.9618559774594886,75431.36538461538,25209.8,564.9710073210574,0.0,0.0,1998-12-19,8.000571247223103
5698,3556,980922,174840.0,60,2914.0,C,1998-09-22,60,58,POPLATEK MESICNE,970829,1997-08-29,4291,4291,515507,58,1951-05-07,F,Jihlava,south Moravia,109164,98,16,6,1,4,63.6,8757,3.38,3.95,96,2212.0,2471,389,47.37850787132101,False,,0,100,False,True,False,True,False,True,True,174840.0,60.0,2914.0,0.016666666666666666,389.0,47.37850787132101,1.0,8757.0,3.95,2471.0,96.0,0.0,87.0,8.0,17610.7,11652.400000000001,5958.299999999999,0.6616283493359528,3514.6,0.3015943844714847,31681.75,24206.0,785.9119009838148,0.0,0.0,1998-10-13,8.306794783802333,15.0,35220.9,28904.8,6316.100000000002,0.8206485169738146,12629.2,0.43690885566218546,32200.473333333328,24206.0,156.38103926434093,0.0,0.0,1998-11-13,8.306794783802333,25.0,61577.8,66915.20000000001,-5337.400000000009,1.0866596945702094,42501.8,0.6351496349165074,33824.304,22368.6,106.60236781837683,0.0,0.0,1998-12-17,7.676252573781743
5169,1068,980924,253200.0,60,4220.0,C,1998-09-24,60,52,POPLATEK MESICNE,970215,1997-02-15,1282,1282,361127,52,1936-11-27,M,Usti nad Orlici,east Bohemia,139012,59,41,8,3,10,61.9,8363,2.52,3.49,108,2564.0,2799,586,61.82340862422998,False,,0,98,False,True,False,True,False,True,True,253200.0,60.0,4220.0,0.016666666666666666,586.0,61.82340862422998,0.0,8363.0,3.49,2799.0,108.0,0.0,134.0,7.0,4930.9,12876.1,-7945.200000000001,2.6107788073561915,14.6,0.0011337956527479012,47487.799999999996,40658.0,-422.50606407322647,0.0,0.0,1998-10-12,9.634597156398105,14.0,11410.099999999999,25752.2,-14342.100000000002,2.2567675333666344,29.2,0.001133839678175916,43946.49285714285,34261.1,-239.31971982758625,0.0,0.0,1998-11-12,8.118744075829383,23.0,27857.3,46474.3,-18617.000000000004,1.6682389090504448,7889.8,0.16976329362048226,39520.18260869564,27715.7,-230.63750716316594,0.0,0.0,1998-12-23,6.567701421800948
7294,11327,980927,39168.0,24,1632.0,C,1998-09-27,24,7,POPLATEK MESICNE,971015,1997-10-15,13615,13923,795222,7,1979-02-22,F,Melnik,central Bohemia,94725,38,28,1,3,6,63.4,9920,2.26,2.87,130,4289.0,4846,347,19.59479808350445,False,,0,95,False,True,False,True,False,True,True,39168.0,24.0,1632.0,0.041666666666666664,347.0,19.59479808350445,1.0,9920.0,2.87,4846.0,130.0,0.0,54.0,7.0,20560.8,16639.6,3921.2000000000007,0.8092482175685007,11314.6,0.6799394252611085,59010.299999999996,47232.5,-60.1952326901248,0.0,0.0,1998-10-17,28.941482843137255,13.0,41133.3,37779.2,3354.100000000006,0.9184354662653794,27129.2,0.7180798407631511,58900.08461538462,45165.4,-59.484403274450656,0.0,0.0,1998-11-13,27.674877450980393,20.0,71858.5,56918.799999999996,14939.700000000004,0.7920845538864033,40943.8,0.7193243827279787,59033.534999999996,45165.4,-17.318546401818583,0.0,0.0,1998-12-13,27.674877450980393
5318,1808,980930,385584.0,48,8033.0,C,1998-09-30,48,28,POPLATEK MESICNE,970516,1997-05-16,2190,2190,741022,28,1974-10-22,M,Plzen - sever,west Bohemia,72541,66,26,10,0,8,36.9,8594,1.62,2.01,112,1580.0,1525,502,23.939767282683093,False,,0,92,False,True,False,True,False,True,True,385584.0,48.0,8033.0,0.020833333333333332,502.0,23.939767282683093,0.0,8594.0,2.01,1525.0,112.0,0.0,78.0,10.0,145666.1,91635.8,54030.3,0.629076847139814,83602.6,0.9123256159097656,80708.63,18252.5,1472.9271018384627,0.0,0.0,1998-10-24,2.2721897174156602,14.0,146370.80000000002,99683.6,46687.20000000001,0.6810300891291902,83617.20000000001,0.8388176308075671,77827.55,18252.5,-48.29791949108349,0.0,0.0,1998-11-12,2.2721897174156602,22.0,155698.5,126159.4,29539.100000000006,0.8102749206002587,102059.8,0.8089685828516714,70815.36818181818,18252.5,-304.72995303703595,0.0,0.0,1998-12-27,2.2721897174156602
5368,2073,981005,44640.0,24,1860.0,C,1998-10-05,24,59,POPLATEK MESICNE,970814,1997-08-14,2514,2514,570211,59,1957-02-11,M,Kromeriz,south Moravia,108871,41,29,7,2,6,62.1,8444,3.24,3.47,106,2595.0,2305,417,41.64544832306639,False,,0,87,False,True,False,True,True,False,False,44640.0,24.0,1860.0,0.041666666666666664,417.0,41.64544832306639,0.0,8444.0,3.47,2305.0,106.0,0.0,67.0,6.0,17412.1,25854.6,-8442.5,1.4847787010928555,23994.6,0.9280233295688362,36431.76666666667,30681.8,-493.83285714285716,0.0,0.0,1998-10-31,16.495591397849463,11.0,34825.299999999996,40429.2,-5603.9000000000015,1.1608812879921209,36709.2,0.9079648381655298,36624.49090909091,30681.8,-121.90029522275903,0.0,0.0,1998-11-30,16.495591397849463,16.0,60893.799999999996,63249.2,-2355.4000000000015,1.0386633998305275,57669.2,0.9117631248596842,38431.431249999994,30681.8,11.305552596537927,0.0,0.0,1998-12-31,16.495591397849463
6923,9433,981005,44640.0,24,1860.0,C,1998-10-05,24,59,POPLATEK MESICNE,970814,1997-08-14,11301,11609,570211,59,1957-02-11,M,Kromeriz,south Moravia,108871,41,29,7,2,6,62.1,8444,3.24,3.47,106,2595.0,2305,417,41.64544832306639,False,,0,87,False,True,False,True,True,False,False,44640.0,24.0,1860.0,0.041666666666666664,417.0,41.64544832306639,0.0,8444.0,3.47,2305.0,106.0,0.0,67.0,6.0,17407.1,25854.6,-8447.5,1.4852051631137229,23994.6,0.9280233295688362,35226.86666666667,29478.6,-494.0514285714285,0.0,0.0,1998-10-31,15.848709677419354,11.0,34815.299999999996,40429.2,-5613.9000000000015,1.1612147183933963,36709.2,0.9079648381655298,35417.15454545455,29478.6,-122.08412506709604,0.0,0.0,1998-11-30,15.848709677419354,16.0,60878.799999999996,63249.2,-2370.4000000000015,1.038919313138348,57669.2,0.9117631248596842,37221.95,29478.6,11.147581685957256,0.0,0.0,1998-12-31,15.848709677419354
5463,2413,981006,17952.0,12,1496.0,C,1998-10-06,12,33,POPLATEK MESICNE,971027,1997-10-27,2915,2915,545222,33,1954-02-22,F,Decin,north Bohemia,133777,24,17,7,3,11,84.7,8705,5.75,7.61,116,4650.0,4859,344,44.61875427789185,False,,0,86,False,True,False,True,True,False,False,17952.0,12.0,1496.0,0.08333333333333333,344.0,44.61875427789185,1.0,8705.0,7.61,4859.0,116.0,0.0,58.0,6.0,15867.0,13758.6,2108.3999999999996,0.8670657927905219,5814.6,0.4225849588650833,37557.96666666667,33038.4,-453.6102564102564,0.0,0.0,1998-10-31,22.084491978609627,12.0,31743.0,28917.2,2825.7999999999993,0.9109501008064517,13029.2,0.4505536305855828,38263.65,33038.4,-101.40757130735594,0.0,0.0,1998-11-30,22.084491978609627,18.0,55502.4,42581.2,12921.200000000004,0.7671818303022877,18749.2,0.44030604337023455,41697.1,33038.4,105.34595948302845,0.0,0.0,1998-12-31,22.084491978609627
5265,1498,981007,165780.0,60,2763.0,C,1998-10-07,60,62,POPLATEK TYDNE,970207,1997-02-07,1816,1816,510724,62,1951-07-24,M,Uherske Hradiste,south Moravia,145688,22,41,13,2,5,40.7,8544,1.29,1.86,109,2719.0,2906,607,47.20602327173169,False,,0,85,False,True,False,True,True,False,False,165780.0,60.0,2763.0,0.016666666666666666,607.0,47.20602327173169,0.0,8544.0,1.86,2906.0,109.0,0.0,113.0,7.0,45664.9,45530.0,134.90000000000146,0.9970240376298288,45530.0,0.9999780369418638,53709.514285714286,40563.9,-485.2409657320873,0.0,0.0,1998-10-31,14.681107491856679,13.0,66263.0,56822.8,9440.199999999997,0.8575214294337801,54060.0,0.9513619293324276,46095.78461538461,32235.9,-461.2450489479014,0.0,0.0,1998-12-05,11.66699239956569,19.0,93874.20000000001,68397.6,25476.600000000006,0.728601377147532,62872.0,0.9192001005868541,50753.3947368421,32235.9,104.04253182562337,0.0,0.0,1998-12-31,11.66699239956569
6321,6505,981008,38496.0,12,3208.0,C,1998-10-08,12,7,POPLATEK MESICNE,970913,1997-09-13,7855,7855,645130,7,1964-01-30,F,Melnik,central Bohemia,94725,38,28,1,3,6,63.4,9920,2.26,2.87,130,4289.0,4846,390,34.68856947296372,False,,0,84,False,True,False,True,True,False,False,38496.0,12.0,3208.0,0.08333333333333333,390.0,34.68856947296372,1.0,9920.0,2.87,4846.0,130.0,0.0,36.0,5.0,290.9,51322.4,-51031.5,175.82185680027408,48114.6,0.9374788108348239,55005.86,41191.9,-397.5305475504323,0.0,0.0,1998-11-07,12.84036783042394,11.0,22277.800000000003,71544.8,-49267.0,3.211339928541932,65129.2,0.9103147913644126,55838.5,41191.9,-105.30407621910784,0.0,0.0,1998-12-07,12.84036783042394,13.0,22461.700000000004,74752.6,-52290.9,3.327854621216505,65129.2,0.8712516855375526,53377.27692307692,39748.6,-215.88291343322084,0.0,0.0,1998-12-31,12.390461346633415
5226,1318,981011,185544.0,36,5154.0,C,1998-10-11,36,56,POPLATEK MESICNE,971222,1997-12-22,1594,1594,390929,56,1939-09-29,M,Breclav,south Moravia,124605,11,42,14,1,8,46.0,8772,4.69,4.98,126,2854.0,3158,293,59.03353867214237,False,,0,81,False,True,False,True,True,False,False,185544.0,36.0,5154.0,0.027777777777777776,293.0,59.03353867214237,0.0,8772.0,4.98,3158.0,126.0,0.0,35.0,8.0,7866.0,18366.6,-10500.599999999999,2.334638362781238,14.6,0.0007948779372373092,9992.662499999999,3193.7,-43.59291497975704,0.0,0.0,1998-11-10,0.6196546371750097,17.0,37113.8,39079.2,-1965.3999999999942,1.052927673057648,7529.2,0.19266022180029785,13256.211764705882,1178.7,189.0384073969409,0.0,0.0,1998-12-10,0.22869615832363213,22.0,66750.5,46248.2,20502.300000000003,0.6928413593702014,7529.2,0.16279632945002293,14743.813636363637,1178.7,224.95193652585692,0.0,0.0,1998-12-31,0.22869615832363213
6868,9208,981012,82128.0,24,3422.0,C,1998-10-12,24,29,POPLATEK MESICNE,970524,1997-05-24,11029,11337,690403,29,1969-04-03,M,Rokycany,west Bohemia,45714,52,10,5,1,6,55.6,8843,2.82,3.6,113,818.0,888,506,29.52498288843258,False,,0,80,False,True,False,True,True,False,False,82128.0,24.0,3422.0,0.041666666666666664,506.0,29.52498288843258,0.0,8843.0,3.6,888.0,113.0,0.0,121.0,8.0,20747.6,21825.6,-1078.0,1.0519071166247362,21825.6,0.999954184343874,21281.85,15356.7,-309.65173373829407,0.0,0.0,1998-11-05,4.487638807714787,17.0,53426.8,41549.2,11877.600000000006,0.7776700519205356,41549.2,0.9999759327271589,22671.135294117645,15356.7,66.0001076755377,0.0,0.0,1998-12-05,4.487638807714787,23.0,53707.00000000001,63770.7,-10063.69999999999,1.1873594250391002,60349.2,0.9463319936586292,24909.056521739127,15356.7,128.96533119694314,0.0,0.0,1998-12-31,4.487638807714787
4967,37,981014,318480.0,60,5308.0,D,1998-10-14,60,20,POPLATEK MESICNE,970818,1997-08-18,45,45,520826,20,1952-08-26,M,Strakonice,south Bohemia,70646,94,14,3,1,4,58.4,8547,2.65,3.64,120,1563.0,1542,422,46.13278576317591,False,,1,78,False,True,False,True,True,False,False,318480.0,60.0,5308.0,0.016666666666666666,422.0,46.13278576317591,0.0,8547.0,3.64,1542.0,120.0,1.0,116.0,6.0,92.3,10320.1,-10227.800000000001,110.61200428724545,14.6,0.0014145779035180358,13478.85,6140.0,-670.8163934426228,0.0,0.0,1998-11-12,1.156744536548606,11.0,130.2,15332.7,-15202.5,116.86509146341464,29.2,0.0019043022884235375,9472.29090909091,1165.3,-326.1074043998228,0.0,0.0,1998-12-09,0.2195365486058779,14.0,49669.299999999996,20132.7,29536.599999999995,0.405326724420831,4829.2,0.23985655890372856,17607.45,1165.3,418.86134559691095,0.0,0.0,1998-12-31,0.2195365486058779
5293,1656,981029,189792.0,48,3954.0,C,1998-10-29,48,47,POPLATEK MESICNE,970201,1997-02-01,2008,2008,400607,47,1940-06-07,M,Pardubice,east Bohemia,162580,83,26,5,1,6,72.8,9538,1.51,1.81,111,6079.0,5410,635,58.392881587953454,False,,0,63,False,True,False,True,True,False,False,189792.0,48.0,3954.0,0.020833333333333332,635.0,58.392881587953454,0.0,9538.0,1.81,5410.0,111.0,0.0,128.0,8.0,31171.0,36481.9,-5310.9000000000015,1.1703419735660208,20414.6,0.5595662625504003,36381.2625,24989.5,-116.52639593908637,0.0,0.0,1998-11-23,6.320055639858372,14.0,66893.7,55963.8,10929.899999999994,0.8365954253475986,23829.199999999997,0.4257890674138029,38037.33571428571,20295.6,189.65351864406776,0.0,0.0,1998-12-23,5.132928679817906,16.0,67075.59999999999,58963.8,8111.799999999988,0.8790517110288836,26829.199999999997,0.4550036632024529,38985.325,20295.6,193.68762670957358,0.0,0.0,1998-12-31,5.132928679817906
5865,4354,981030,327660.0,60,5461.0,C,1998-10-30,60,38,POPLATEK MESICNE,970108,1997-01-08,5245,5245,425318,38,1942-03-18,F,Louny,north Bohemia,85852,41,23,4,2,4,59.8,8965,7.08,8.23,104,2653.0,2822,660,56.61875427789185,False,,0,62,False,True,False,True,True,False,False,327660.0,60.0,5461.0,0.016666666666666666,660.0,56.61875427789185,1.0,8965.0,8.23,2822.0,104.0,0.0,126.0,7.0,38521.6,43331.899999999994,-4810.299999999996,1.1248435983033336,25114.6,0.5795734880425728,62174.21428571428,49236.5,207.92064393939387,0.0,0.0,1998-11-29,9.016022706464017,16.0,93279.1,99047.8,-5768.699999999997,1.0618320520668396,62613.2,0.632144962886981,63940.63125,40873.1,128.05851911433828,0.0,0.0,1998-12-29,7.484544955136422,17.0,93567.1,99047.8,-5480.699999999997,1.0585637626498774,62613.2,0.632144962886981,63359.17058823529,40873.1,60.33845475860422,0.0,0.0,1998-12-31,7.484544955136422
5841,4268,981104,41988.0,12,3499.0,C,1998-11-04,12,77,POPLATEK MESICNE,970220,1997-02-20,5143,5143,730309,77,1973-03-09,M,Vsetin,north Moravia,148545,8,35,12,3,4,53.5,8909,4.01,5.56,113,3460.0,3590,622,25.65639972621492,False,,0,57,False,True,True,False,True,False,False,41988.0,12.0,3499.0,0.08333333333333333,622.0,25.65639972621492,0.0,8909.0,5.56,3590.0,113.0,0.0,129.0,6.0,13015.7,10159.6,2856.1000000000004,0.7805050435210152,14.6,0.0014369230163573017,57944.399999999994,50606.1,251.772594059406,0.0,0.0,1998-11-30,14.463018005144326,12.0,28629.9,24624.6,4005.300000000003,0.8600707627074244,4334.6,0.17602007666818273,58680.48333333333,50606.1,95.81529509559435,0.0,0.0,1998-12-31,14.463018005144326,12.0,28629.9,24624.6,4005.300000000003,0.8600707627074244,4334.6,0.17602007666818273,58680.48333333333,50606.1,95.81529509559435,0.0,0.0,1998-12-31,14.463018005144326
5526,2725,981108,69624.0,36,1934.0,C,1998-11-08,36,52,POPLATEK MESICNE,970402,1997-04-02,3291,3291,470123,52,1947-01-23,M,Usti nad Orlici,east Bohemia,139012,59,41,8,3,10,61.9,8363,2.52,3.49,108,2564.0,2799,585,51.79192334017796,False,,0,53,False,True,True,False,True,False,False,69624.0,36.0,1934.0,0.027777777777777776,585.0,51.79192334017796,0.0,8363.0,3.49,2799.0,108.0,0.0,145.0,9.0,20488.6,15233.6,5254.999999999998,0.7434796189286272,9114.6,0.5982828561301249,59702.96666666666,49394.6,-296.8465324384788,0.0,0.0,1998-12-08,25.540124095139607,15.0,51160.6,23330.6,27830.0,0.45601779459594693,12014.6,0.5149496819763755,68347.45333333332,49394.6,461.5969585452971,0.0,0.0,1998-12-31,25.540124095139607,15.0,51160.6,23330.6,27830.0,0.45601779459594693,12014.6,0.5149496819763755,68347.45333333332,49394.6,461.5969585452971,0.0,0.0,1998-12-31,25.540124095139607
6852,9140,981110,16032.0,48,334.0,C,1998-11-10,48,32,POPLATEK MESICNE,970818,1997-08-18,10944,11252,656208,32,1965-12-08,F,Ceska Lipa,north Bohemia,105058,32,19,7,2,10,81.0,9272,2.8,3.22,118,4340.0,4505,449,32.92265571526352,False,,0,51,False,True,True,False,True,False,False,16032.0,48.0,334.0,0.020833333333333332,449.0,32.92265571526352,1.0,9272.0,3.22,4505.0,118.0,0.0,121.0,9.0,21157.9,15687.6,5470.300000000001,0.7414185047426851,6014.6,0.38337391481712835,21870.344444444443,15036.0,171.36331318016934,0.0,0.0,1998-12-06,45.01796407185629,14.0,21287.2,38385.6,-17098.399999999998,1.8031397675707668,19114.6,0.497949805400843,20209.007142857135,13406.3,-110.00217140791287,0.0,0.0,1998-12-31,40.13862275449102,14.0,21287.2,38385.6,-17098.399999999998,1.8031397675707668,19114.6,0.497949805400843,20209.007142857135,13406.3,-110.00217140791287,0.0,0.0,1998-12-31,40.13862275449102
6469,7180,981117,99744.0,24,4156.0,C,1998-11-17,24,7,POPLATEK TYDNE,970612,1997-06-12,8666,8666,715828,7,1971-08-28,F,Melnik,central Bohemia,94725,38,28,1,3,6,63.4,9920,2.26,2.87,130,4289.0,4846,523,27.222450376454482,False,,0,44,False,True,True,False,True,False,False,99744.0,24.0,4156.0,0.041666666666666664,523.0,27.222450376454482,1.0,9920.0,2.87,4846.0,130.0,0.0,102.0,7.0,37690.9,24875.5,12815.400000000001,0.6599693833423096,12630.0,0.50770807790485,77248.77142857143,59531.7,1514.9655172413793,0.0,0.0,1998-12-12,14.324278152069297,9.0,38036.9,27575.5,10461.400000000001,0.7249480123771291,15330.0,0.5559081101662647,78341.75555555554,59531.7,446.336674816626,0.0,0.0,1998-12-31,14.324278152069297,9.0,38036.9,27575.5,10461.400000000001,0.7249480123771291,15330.0,0.5559081101662647,78341.75555555554,59531.7,446.336674816626,0.0,0.0,1998-12-31,14.324278152069297
6168,5698,981121,99216.0,36,2756.0,C,1998-11-21,36,1,POPLATEK MESICNE,970904,1997-09-04,6892,6892,515322,1,1951-03-22,F,Hl.m. Praha,Prague,1204953,0,0,0,1,1,100.0,12541,0.29,0.43,167,85677.0,99107,443,47.66872005475702,False,,0,40,False,True,True,False,True,False,False,99216.0,36.0,2756.0,0.027777777777777776,443.0,47.66872005475702,1.0,12541.0,0.43,99107.0,167.0,0.0,86.0,10.0,85676.0,70390.6,15285.399999999994,0.8215810544253418,57514.6,0.8170662408582842,74175.16,46096.3,-1778.0754764930111,0.0,0.0,1998-12-16,16.725798258345428,13.0,86396.0,90508.6,-4112.600000000006,1.0475896153801638,77632.6,0.8577277990401019,64732.646153846166,26478.3,-1577.2180840728022,0.0,0.0,1998-12-31,9.607510885341073,13.0,86396.0,90508.6,-4112.600000000006,1.0475896153801638,77632.6,0.8577277990401019,64732.646153846166,26478.3,-1577.2180840728022,0.0,0.0,1998-12-31,9.607510885341073
7292,11317,981122,317460.0,60,5291.0,C,1998-11-22,60,50,POPLATEK MESICNE,970711,1997-07-11,13604,13912,751120,50,1975-11-20,M,Svitavy,east Bohemia,102609,75,33,2,3,6,52.0,8187,4.83,5.45,94,2123.0,2134,499,23.006160164271048,False,,0,39,False,True,True,False,True,False,False,317460.0,60.0,5291.0,0.016666666666666666,499.0,23.006160164271048,0.0,8187.0,5.45,2134.0,94.0,0.0,145.0,9.0,49953.3,36338.399999999994,13614.900000000009,0.7274328736465128,24414.6,0.6718492875501523,87810.33333333333,63504.2,889.9548339117498,0.0,0.0,1998-12-22,12.002305802305802,10.0,50336.200000000004,36338.399999999994,13997.80000000001,0.7218995097065389,24414.6,0.6718492875501523,88079.93000000001,63504.2,483.3836355923216,0.0,0.0,1998-12-31,12.002305802305802,10.0,50336.200000000004,36338.399999999994,13997.80000000001,0.7218995097065389,24414.6,0.6718492875501523,88079.93000000001,63504.2,483.3836355923216,0.0,0.0,1998-12-31,12.002305802305802
5036,309,981125,91248.0,48,1901.0,C,1998-11-25,48,14,POPLATEK MESICNE,970425,1997-04-25,376,376,735108,14,1973-01-08,F,Ceske Budejovice,south Bohemia,177686,69,27,10,1,9,74.8,10045,1.42,1.71,135,6604.0,6295,579,25.87816563997262,False,,0,36,False,True,True,False,True,False,False,91248.0,48.0,1901.0,0.020833333333333332,579.0,25.87816563997262,1.0,10045.0,1.71,6295.0,135.0,0.0,99.0,8.0,28808.7,19555.6,9253.100000000002,0.678785270238843,17654.6,0.9027438307272225,25781.362500000003,12666.7,964.7116390088656,0.0,0.0,1998-12-19,6.663177275118359,9.0,28901.7,19555.6,9346.100000000002,0.6766011479896341,17654.6,0.9027438307272225,25607.07777777778,12666.7,496.49795444493583,0.0,0.0,1998-12-31,6.663177275118359,9.0,28901.7,19555.6,9346.100000000002,0.6766011479896341,17654.6,0.9027438307272225,25607.07777777778,12666.7,496.49795444493583,0.0,0.0,1998-12-31,6.663177275118359
5644,3293,981127,276084.0,36,7669.0,C,1998-11-27,36,1,POPLATEK MESICNE,970808,1997-08-08,3984,3984,645313,1,1964-03-13,F,Hl.m. Praha,Prague,1204953,0,0,0,1,1,100.0,12541,0.29,0.43,167,85677.0,99107,476,34.70773442847365,False,,0,34,False,True,True,False,True,False,False,276084.0,36.0,7669.0,0.027777777777777776,476.0,34.70773442847365,1.0,12541.0,0.43,99107.0,167.0,0.0,142.0,12.0,69266.6,61918.3,7348.300000000003,0.8938998897031224,50172.6,0.8102901680090052,66491.70000000001,33734.5,877.733658969805,0.0,0.0,1998-12-26,4.398813404615987,13.0,69536.20000000001,61918.3,7617.900000000009,0.8904341848679554,50172.6,0.8102901680090052,66396.13846153847,33734.5,561.3036005434782,0.0,0.0,1998-12-31,4.398813404615987,13.0,69536.20000000001,61918.3,7617.900000000009,0.8904341848679554,50172.6,0.8102901680090052,66396.13846153847,33734.5,561.3036005434782,0.0,0.0,1998-12-31,4.398813404615987
6856,9156,981201,163332.0,36,4537.0,C,1998-12-01,36,18,POPLATEK MESICNE,970914,1997-09-14,10963,11271,371208,18,1937-12-08,M,Pisek,south Bohemia,70699,60,13,2,1,4,65.3,8968,2.83,3.35,131,1740.0,1910,443,60.98015058179329,False,,0,30,False,True,True,False,True,False,False,163332.0,36.0,4537.0,0.027777777777777776,443.0,60.98015058179329,0.0,8968.0,3.35,1910.0,131.0,0.0,66.0,6.0,24998.1,10937.3,14060.8,0.43750775027901007,6400.0,0.5851000612526627,21420.633333333335,6683.6,935.9039553752534,0.0,0.0,1998-12-31,1.4731320255675557,6.0,24998.1,10937.3,14060.8,0.43750775027901007,6400.0,0.5851000612526627,21420.633333333335,6683.6,935.9039553752534,0.0,0.0,1998-12-31,1.4731320255675557,6.0,24998.1,10937.3,14060.8,0.43750775027901007,6400.0,0.5851000612526627,21420.633333333335,6683.6,935.9039553752534,0.0,0.0,1998-12-31,1.4731320255675557
5428,2262,981202,230220.0,36,6395.0,C,1998-12-02,36,13,POPLATEK MESICNE,970208,1997-02-08,2739,2739,500126,13,1950-01-26,M,Rakovnik,central Bohemia,53921,61,22,1,1,2,41.3,8598,2.77,3.26,123,1597.0,1875,662,48.84873374401095,False,,0,29,True,False,True,False,True,False,False,230220.0,36.0,6395.0,0.027777777777777776,662.0,48.84873374401095,0.0,8598.0,3.26,1875.0,123.0,0.0,153.0,9.0,113114.3,49357.0,63757.3,0.436342386927321,42962.0,0.8704161432797115,87653.48888888888,47954.9,2702.409131337088,0.0,0.0,1998-12-31,7.498811571540266,9.0,113114.3,49357.0,63757.3,0.436342386927321,42962.0,0.8704161432797115,87653.48888888888,47954.9,2702.409131337088,0.0,0.0,1998-12-31,7.498811571540266,9.0,113114.3,49357.0,63757.3,0.436342386927321,42962.0,0.8704161432797115,87653.48888888888,47954.9,2702.409131337088,0.0,0.0,1998-12-31,7.498811571540266
5027,276,981202,160920.0,36,4470.0,C,1998-12-02,36,38,POPLATEK MESICNE,971208,1997-12-08,333,333,711019,38,1971-10-19,M,Louny,north Bohemia,85852,41,23,4,2,4,59.8,8965,7.08,8.23,104,2653.0,2822,359,27.121149897330596,False,,0,29,True,False,True,False,True,False,False,160920.0,36.0,4470.0,0.027777777777777776,359.0,27.121149897330596,0.0,8965.0,8.23,2822.0,104.0,0.0,59.0,6.0,40433.5,29382.5,11051.0,0.7266690573643795,19700.0,0.6704442969693876,36959.65,18942.5,1157.0457534246577,0.0,0.0,1998-12-31,4.237695749440716,6.0,40433.5,29382.5,11051.0,0.7266690573643795,19700.0,0.6704442969693876,36959.65,18942.5,1157.0457534246577,0.0,0.0,1998-12-31,4.237695749440716,6.0,40433.5,29382.5,11051.0,0.7266690573643795,19700.0,0.6704442969693876,36959.65,18942.5,1157.0457534246577,0.0,0.0,1998-12-31,4.237695749440716
4989,105,981205,352704.0,48,7348.0,C,1998-12-05,48,21,POPLATEK MESICNE,970710,1997-07-10,127,127,506227,21,1950-12-27,F,Tabor,south Bohemia,103347,87,16,7,1,7,67.0,9104,1.51,2.07,123,2299.0,2354,513,47.93976728268309,False,,0,26,True,False,True,False,True,False,False,352704.0,48.0,7348.0,0.020833333333333332,513.0,47.93976728268309,1.0,9104.0,2.07,2354.0,123.0,0.0,56.0,3.0,94.1,13048.0,-12953.9,137.20294426919034,5700.0,0.43681508161544946,19058.63333333333,17127.3,-246.45229681978796,0.0,0.0,1998-12-31,2.3308791507893303,3.0,94.1,13048.0,-12953.9,137.20294426919034,5700.0,0.43681508161544946,19058.63333333333,17127.3,-246.45229681978796,0.0,0.0,1998-12-31,2.3308791507893303,3.0,94.1,13048.0,-12953.9,137.20294426919034,5700.0,0.43681508161544946,19058.63333333333,17127.3,-246.45229681978796,0.0,0.0,1998-12-31,2.3308791507893303
5221,1284,981205,52512.0,12,4376.0,C,1998-12-05,12,55,POPLATEK MESICNE,970702,1997-07-02,1554,1554,441215,55,1944-12-15,M,Brno - venkov,south Moravia,157042,49,70,18,0,9,33.9,8743,1.88,2.43,111,3659.0,3894,521,53.97125256673511,False,,0,26,True,False,True,False,True,False,False,52512.0,12.0,4376.0,0.08333333333333333,521.0,53.97125256673511,0.0,8743.0,2.43,3894.0,111.0,0.0,87.0,4.0,153.4,10833.5,-10680.1,70.16515544041451,6458.0,0.5960588859661268,32869.25,30201.9,-333.2197802197803,0.0,0.0,1998-12-31,6.901713893967093,4.0,153.4,10833.5,-10680.1,70.16515544041451,6458.0,0.5960588859661268,32869.25,30201.9,-333.2197802197803,0.0,0.0,1998-12-31,6.901713893967093,4.0,153.4,10833.5,-10680.1,70.16515544041451,6458.0,0.5960588859661268,32869.25,30201.9,-333.2197802197803,0.0,0.0,1998-12-31,6.901713893967093
6402,6922,981206,139488.0,24,5812.0,C,1998-12-06,24,3,POPLATEK TYDNE,970512,1997-05-12,8356,8356,690904,3,1969-09-04,M,Beroun,central Bohemia,75232,55,26,4,1,5,41.7,8980,1.95,2.21,111,2824.0,2813,573,29.253935660506503,False,,0,25,True,False,True,False,True,False,False,139488.0,24.0,5812.0,0.041666666666666664,573.0,29.253935660506503,0.0,8980.0,2.21,2813.0,111.0,0.0,104.0,4.0,52671.6,20690.7,31980.899999999998,0.39281713832239157,14879.0,0.719080597534277,88554.725,79570.7,-909.6128101945004,0.0,0.0,1998-12-31,13.690760495526497,4.0,52671.6,20690.7,31980.899999999998,0.39281713832239157,14879.0,0.719080597534277,88554.725,79570.7,-909.6128101945004,0.0,0.0,1998-12-31,13.690760495526497,4.0,52671.6,20690.7,31980.899999999998,0.39281713832239157,14879.0,0.719080597534277,88554.725,79570.7,-909.6128101945004,0.0,0.0,1998-12-31,13.690760495526497
5346,1928,981206,55632.0,24,2318.0,C,1998-12-06,24,70,POPLATEK MESICNE,970302,1997-03-02,2342,2342,481218,70,1948-12-18,M,Karvina,north Moravia,285387,0,2,8,5,7,89.9,10177,6.63,7.75,81,9878.0,10108,644,49.96577686516085,False,,0,25,True,False,True,False,True,False,False,55632.0,24.0,2318.0,0.041666666666666664,644.0,49.96577686516085,0.0,10177.0,7.75,10108.0,81.0,0.0,114.0,5.0,21034.2,25617.5,-4583.299999999999,1.217839621206359,23300.0,0.9094989948669907,40493.34,33689.7,-694.0901134521878,0.0,0.0,1998-12-31,14.533951682484899,5.0,21034.2,25617.5,-4583.299999999999,1.217839621206359,23300.0,0.9094989948669907,40493.34,33689.7,-694.0901134521878,0.0,0.0,1998-12-31,14.533951682484899,5.0,21034.2,25617.5,-4583.299999999999,1.217839621206359,23300.0,0.9094989948669907,40493.34,33689.7,-694.0901134521878,0.0,0.0,1998-12-31,14.533951682484899
6748,8645,981208,240900.0,60,4015.0,C,1998-12-08,60,60,POPLATEK MESICNE,970623,1997-06-23,10354,10662,495825,60,1949-08-25,F,Prostejov,south Moravia,110643,49,41,4,1,4,51.9,8441,3.45,4.48,115,1879.0,2252,533,49.28678986995209,False,,0,23,True,False,True,False,True,False,False,240900.0,60.0,4015.0,0.016666666666666666,533.0,49.28678986995209,1.0,8441.0,4.48,2252.0,115.0,0.0,120.0,5.0,25654.2,7855.0,17799.2,0.3061757460475849,3840.0,0.48879837067209775,33888.560000000005,15798.8,449.3579408543264,0.0,0.0,1998-12-31,3.9349439601494396,5.0,25654.2,7855.0,17799.2,0.3061757460475849,3840.0,0.48879837067209775,33888.560000000005,15798.8,449.3579408543264,0.0,0.0,1998-12-31,3.9349439601494396,5.0,25654.2,7855.0,17799.2,0.3061757460475849,3840.0,0.48879837067209775,33888.560000000005,15798.8,449.3579408543264,0.0,0.0,1998-12-31,3.9349439601494396
