split_id,repeat,fold,model,window_days,n_test,n_pos_test,n_neg_test,prauc_a,rocauc_a,brier_a,prauc_b,rocauc_b,brier_b,delta_prauc,delta_rocauc,delta_brier,n_solvent_test,n_pos_solvent_test,prauc_a_solvent,prauc_b_solvent,delta_prauc_solvent,rocauc_a_solvent,rocauc_b_solvent,delta_rocauc_solvent,brier_a_solvent,brier_b_solvent,cohort
0,0,0,Logistic Regression,30,47,7,40,0.6416818443624589,0.7749999999999999,0.20196276049931275,0.5986263736263736,0.7607142857142857,0.15753694622654754,-0.04305547073608529,-0.014285714285714235,-0.04442581427276521,47,7,0.6416818443624589,0.5986263736263736,-0.04305547073608529,0.7749999999999999,0.7607142857142857,-0.014285714285714235,0.20196276049931275,0.15753694622654754,Primary (Completed N=234)
1,0,1,Logistic Regression,30,47,6,41,0.48695144724556494,0.8130081300813008,0.17310522005246853,0.7652519893899205,0.8739837398373984,0.10858371189067027,0.2783005421443555,0.060975609756097615,-0.06452150816179826,46,5,0.3054112554112554,0.7023809523809523,0.3969696969696969,0.775609756097561,0.848780487804878,0.07317073170731703,0.17586954452744832,0.11092728389950673,Primary (Completed N=234)
2,0,2,Logistic Regression,30,47,6,41,0.48611111111111105,0.8170731707317074,0.20289845320041824,0.8257575757575757,0.9512195121951219,0.16223668973681987,0.33964646464646464,0.13414634146341453,-0.04066176346359837,47,6,0.48611111111111105,0.8257575757575757,0.33964646464646464,0.8170731707317074,0.9512195121951219,0.13414634146341453,0.20289845320041824,0.16223668973681987,Primary (Completed N=234)
3,0,3,Logistic Regression,30,47,6,41,0.6052489177489176,0.6829268292682926,0.1346303360664538,0.6829004329004329,0.8130081300813008,0.12638563122962523,0.07765151515151525,0.13008130081300817,-0.00824470483682857,47,6,0.6052489177489176,0.6829004329004329,0.07765151515151525,0.6829268292682926,0.8130081300813008,0.13008130081300817,0.1346303360664538,0.12638563122962523,Primary (Completed N=234)
4,0,4,Logistic Regression,30,46,6,40,0.46718426501035193,0.7666666666666666,0.17644495653569822,0.7338235294117647,0.9375,0.10924650115840662,0.2666392644014127,0.1708333333333334,-0.0671984553772916,45,5,0.5206211180124223,0.7058333333333333,0.18521221532091103,0.8400000000000001,0.9299999999999999,0.08999999999999986,0.16649707061600466,0.11126779003520888,Primary (Completed N=234)
5,1,0,Logistic Regression,30,47,7,40,0.5451600378070967,0.7964285714285714,0.1403042466868713,0.6501133786848072,0.8035714285714286,0.14893820946242778,0.10495334087771058,0.0071428571428572285,0.008633962775556475,47,7,0.5451600378070967,0.6501133786848072,0.10495334087771058,0.7964285714285714,0.8035714285714286,0.0071428571428572285,0.1403042466868713,0.14893820946242778,Primary (Completed N=234)
6,1,1,Logistic Regression,30,47,6,41,0.5793650793650793,0.7845528455284553,0.2033418816688754,0.8611111111111112,0.8780487804878049,0.15434313033982408,0.28174603174603186,0.0934959349593496,-0.04899875132905132,47,6,0.5793650793650793,0.8611111111111112,0.28174603174603186,0.7845528455284553,0.8780487804878049,0.0934959349593496,0.2033418816688754,0.15434313033982408,Primary (Completed N=234)
7,1,2,Logistic Regression,30,47,6,41,0.6233766233766234,0.8617886178861789,0.13162522702439014,0.6582722832722833,0.9186991869918699,0.13477765016717788,0.0348956598956599,0.05691056910569103,0.0031524231427877414,47,6,0.6233766233766234,0.6582722832722833,0.0348956598956599,0.8617886178861789,0.9186991869918699,0.05691056910569103,0.13162522702439014,0.13477765016717788,Primary (Completed N=234)
8,1,3,Logistic Regression,30,47,6,41,0.4610107644590403,0.6788617886178862,0.19859639454840428,0.9444444444444444,0.9878048780487805,0.14802082860475474,0.4834336799854041,0.3089430894308943,-0.050575565943649536,46,5,0.5189272030651342,0.925,0.40607279693486587,0.7560975609756098,0.9853658536585366,0.2292682926829268,0.18878132910517653,0.1494966010531824,Primary (Completed N=234)
9,1,4,Logistic Regression,30,46,6,40,0.48690296631473096,0.6875,0.19002833857569607,0.49556489262371617,0.75,0.16124311825286963,0.008661926308985213,0.0625,-0.028785220322826433,45,5,0.34725829725829727,0.3564272030651341,0.009168905806836825,0.625,0.7,0.07499999999999996,0.19323550486274874,0.16472427434937742,Primary (Completed N=234)
10,2,0,Logistic Regression,30,47,7,40,0.6438775510204082,0.8285714285714285,0.18482449856097366,0.4889952153110048,0.8857142857142857,0.11611547211461819,-0.1548823357094034,0.05714285714285716,-0.06870902644635547,47,7,0.6438775510204082,0.4889952153110048,-0.1548823357094034,0.8285714285714285,0.8857142857142857,0.05714285714285716,0.18482449856097366,0.11611547211461819,Primary (Completed N=234)
11,2,1,Logistic Regression,30,47,6,41,0.4154610224656664,0.7032520325203252,0.19477364221647928,0.6205727350228628,0.8089430894308944,0.16829824630685833,0.2051117125571964,0.10569105691056924,-0.026475395909620947,46,5,0.4632591093117409,0.5210497835497836,0.05779067423804268,0.7804878048780488,0.7707317073170732,-0.009756097560975618,0.18178636697975464,0.17047624519219565,Primary (Completed N=234)
12,2,2,Logistic Regression,30,47,6,41,0.43697891256030785,0.5365853658536586,0.16092543885163085,0.5318536975513719,0.7195121951219513,0.09833400534910264,0.09487478499106405,0.18292682926829273,-0.06259143350252822,47,6,0.43697891256030785,0.5318536975513719,0.09487478499106405,0.5365853658536586,0.7195121951219513,0.18292682926829273,0.16092543885163085,0.09833400534910264,Primary (Completed N=234)
13,2,3,Logistic Regression,30,47,6,41,0.47403711484593836,0.7154471544715447,0.19976345288059288,0.892156862745098,0.9552845528455285,0.1459331016562773,0.4181197478991596,0.23983739837398377,-0.05383035122431559,46,5,0.3356836945304438,0.8625,0.5268163054695563,0.6585365853658537,0.9463414634146341,0.2878048780487804,0.2041060722598803,0.14907574632007128,Primary (Completed N=234)
14,2,4,Logistic Regression,30,46,6,40,0.648611111111111,0.9041666666666667,0.1539156664346604,0.6611640211640211,0.8833333333333333,0.12173075430299474,0.012552910052910038,-0.02083333333333337,-0.03218491213166566,46,6,0.648611111111111,0.6611640211640211,0.012552910052910038,0.9041666666666667,0.8833333333333333,-0.02083333333333337,0.1539156664346604,0.12173075430299474,Primary (Completed N=234)
15,3,0,Logistic Regression,30,47,7,40,0.850250626566416,0.9464285714285714,0.17784592693746418,0.8513867085295657,0.925,0.09169612625493903,0.0011360819631496266,-0.021428571428571352,-0.08614980068252515,47,7,0.850250626566416,0.8513867085295657,0.0011360819631496266,0.9464285714285714,0.925,-0.021428571428571352,0.17784592693746418,0.09169612625493903,Primary (Completed N=234)
16,3,1,Logistic Regression,30,47,6,41,0.4798756798756798,0.7235772357723578,0.19206648826571585,0.6112734487734488,0.910569105691057,0.15043220225206175,0.131397768897769,0.1869918699186992,-0.0416342860136541,47,6,0.4798756798756798,0.6112734487734488,0.131397768897769,0.7235772357723578,0.910569105691057,0.1869918699186992,0.19206648826571585,0.15043220225206175,Primary (Completed N=234)
17,3,2,Logistic Regression,30,47,6,41,0.3713958713958714,0.6138211382113821,0.196231192844054,0.625,0.8170731707317074,0.1414271593146906,0.2536041286041286,0.2032520325203253,-0.05480403352936339,47,6,0.3713958713958714,0.625,0.2536041286041286,0.6138211382113821,0.8170731707317074,0.2032520325203253,0.196231192844054,0.1414271593146906,Primary (Completed N=234)
18,3,3,Logistic Regression,30,47,6,41,0.5184537684537684,0.7276422764227642,0.20413751598719793,0.71005291005291,0.8130081300813009,0.14511277901621142,0.1915991415991416,0.08536585365853666,-0.05902473697098651,46,5,0.37992248062015505,0.6227272727272728,0.24280479210711775,0.6731707317073171,0.7756097560975611,0.102439024390244,0.20723521274902523,0.14826740132340352,Primary (Completed N=234)
19,3,4,Logistic Regression,30,46,6,40,0.273941798941799,0.725,0.15477328165073648,0.6962121212121212,0.7833333333333333,0.14657424429365312,0.4222703222703222,0.05833333333333335,-0.008199037357083355,45,5,0.2711494252873563,0.6137362637362638,0.34258683844890747,0.74,0.74,0.0,0.14945249531432409,0.14818174390849345,Primary (Completed N=234)
20,4,0,Logistic Regression,30,47,7,40,0.4635590599876314,0.6857142857142857,0.18834718124058408,0.6128470563253172,0.7928571428571428,0.15134002410100786,0.1492879963376858,0.1071428571428571,-0.037007157139576224,46,6,0.33640581232492994,0.518679441473559,0.1822736291486291,0.6333333333333333,0.7583333333333333,0.125,0.19158007960924678,0.1545253622357338,Primary (Completed N=234)
21,4,1,Logistic Regression,30,47,6,41,0.5272727272727272,0.7479674796747968,0.17693006099509903,0.7334415584415584,0.8292682926829268,0.10538385393095318,0.20616883116883122,0.08130081300812997,-0.07154620706414586,47,6,0.5272727272727272,0.7334415584415584,0.20616883116883122,0.7479674796747968,0.8292682926829268,0.08130081300812997,0.17693006099509903,0.10538385393095318,Primary (Completed N=234)
22,4,2,Logistic Regression,30,47,6,41,0.6888354700854701,0.8130081300813008,0.15426069161324593,0.85515873015873,0.975609756097561,0.10175901115974462,0.16632326007325993,0.16260162601626016,-0.052501680453501315,47,6,0.6888354700854701,0.85515873015873,0.16632326007325993,0.8130081300813008,0.975609756097561,0.16260162601626016,0.15426069161324593,0.10175901115974462,Primary (Completed N=234)
23,4,3,Logistic Regression,30,47,6,41,0.44992025518341305,0.7398373983739839,0.23725014592484034,0.7549457994579946,0.8455284552845529,0.15746381800866843,0.3050255442745815,0.10569105691056901,-0.0797863279161719,47,6,0.44992025518341305,0.7549457994579946,0.3050255442745815,0.7398373983739839,0.8455284552845529,0.10569105691056901,0.23725014592484034,0.15746381800866843,Primary (Completed N=234)
24,4,4,Logistic Regression,30,46,6,40,0.4771903820816864,0.7999999999999999,0.15247774325933156,0.8333333333333333,0.9541666666666666,0.1221646461245817,0.35614295125164686,0.15416666666666667,-0.03031309713474986,45,5,0.5204545454545455,0.7797979797979797,0.2593434343434342,0.845,0.945,0.09999999999999998,0.1446474645114013,0.12331824010135997,Primary (Completed N=234)
0,0,0,Logistic Regression,60,47,7,40,0.6416818443624589,0.7749999999999999,0.20196276049931275,0.6405895691609977,0.825,0.1098777992819889,-0.001092275201461157,0.050000000000000044,-0.09208496121732385,47,7,0.6416818443624589,0.6405895691609977,-0.001092275201461157,0.7749999999999999,0.825,0.050000000000000044,0.20196276049931275,0.1098777992819889,Primary (Completed N=234)
1,0,1,Logistic Regression,60,47,6,41,0.48695144724556494,0.8130081300813008,0.17310522005246853,0.819047619047619,0.8943089430894309,0.09579110396487983,0.3320961718020541,0.08130081300813008,-0.0773141160875887,45,4,0.28422619047619047,0.7857142857142857,0.5014880952380952,0.7621951219512195,0.8536585365853658,0.09146341463414631,0.1731700678808878,0.09888923459777206,Primary (Completed N=234)
2,0,2,Logistic Regression,60,47,6,41,0.48611111111111105,0.8170731707317074,0.20289845320041824,0.7678571428571428,0.8902439024390244,0.09205660131953258,0.28174603174603174,0.07317073170731703,-0.11084185188088566,46,5,0.5261904761904761,0.7050167224080268,0.17882624621755072,0.8536585365853658,0.8682926829268294,0.014634146341463539,0.20115012923963152,0.09405678147383476,Primary (Completed N=234)
3,0,3,Logistic Regression,60,47,6,41,0.6052489177489176,0.6829268292682926,0.1346303360664538,0.7055984555984556,0.8414634146341463,0.12097293864796209,0.10034953784953793,0.1585365853658537,-0.013657397418491715,47,6,0.6052489177489176,0.7055984555984556,0.10034953784953793,0.6829268292682926,0.8414634146341463,0.1585365853658537,0.1346303360664538,0.12097293864796209,Primary (Completed N=234)
4,0,4,Logistic Regression,60,46,6,40,0.46718426501035193,0.7666666666666666,0.17644495653569822,0.8416666666666666,0.9750000000000001,0.08738764947418921,0.37448240165631463,0.20833333333333348,-0.08905730706150901,45,5,0.5206211180124223,0.7683333333333333,0.24771221532091103,0.8400000000000001,0.9700000000000001,0.13,0.16649707061600466,0.0893195049063513,Primary (Completed N=234)
5,1,0,Logistic Regression,60,47,7,40,0.5451600378070967,0.7964285714285714,0.1403042466868713,0.5489934185056137,0.8178571428571428,0.09760017611183133,0.0038333806985170193,0.021428571428571463,-0.04270407057503997,45,5,0.5835714285714286,0.5089743589743589,-0.07459706959706969,0.795,0.7950000000000002,1.1102230246251565e-16,0.13511688790380053,0.0869298750994797,Primary (Completed N=234)
6,1,1,Logistic Regression,60,47,6,41,0.5793650793650793,0.7845528455284553,0.2033418816688754,0.8666666666666667,0.9024390243902439,0.10392795977819555,0.2873015873015874,0.11788617886178865,-0.09941392189067985,47,6,0.5793650793650793,0.8666666666666667,0.2873015873015874,0.7845528455284553,0.9024390243902439,0.11788617886178865,0.2033418816688754,0.10392795977819555,Primary (Completed N=234)
7,1,2,Logistic Regression,60,47,6,41,0.6233766233766234,0.8617886178861789,0.13162522702439014,0.7203703703703703,0.943089430894309,0.12507392422029087,0.09699374699374697,0.08130081300813008,-0.006551302804099268,47,6,0.6233766233766234,0.7203703703703703,0.09699374699374697,0.8617886178861789,0.943089430894309,0.08130081300813008,0.13162522702439014,0.12507392422029087,Primary (Completed N=234)
8,1,3,Logistic Regression,60,47,6,41,0.4610107644590403,0.6788617886178862,0.19859639454840428,0.9583333333333333,0.991869918699187,0.059949505140024686,0.49732256887429294,0.3130081300813008,-0.1386468894083796,46,5,0.5189272030651342,0.9428571428571428,0.42392993979200866,0.7560975609756098,0.9902439024390244,0.23414634146341462,0.18878132910517653,0.06124408774340393,Primary (Completed N=234)
9,1,4,Logistic Regression,60,46,6,40,0.48690296631473096,0.6875,0.19002833857569607,0.5451754385964912,0.75,0.1405301750248856,0.058272472281760246,0.0625,-0.049498163550810464,45,5,0.34725829725829727,0.4114714714714715,0.06421317421317424,0.625,0.7000000000000001,0.07500000000000007,0.19323550486274874,0.14365251459852324,Primary (Completed N=234)
10,2,0,Logistic Regression,60,47,7,40,0.6438775510204082,0.8285714285714285,0.18482449856097366,0.7445378151260504,0.942857142857143,0.1323212848569591,0.10066026410564222,0.11428571428571443,-0.05250321370401456,47,7,0.6438775510204082,0.7445378151260504,0.10066026410564222,0.8285714285714285,0.942857142857143,0.11428571428571443,0.18482449856097366,0.1323212848569591,Primary (Completed N=234)
11,2,1,Logistic Regression,60,47,6,41,0.4154610224656664,0.7032520325203252,0.19477364221647928,0.6803571428571428,0.9065040650406504,0.11017423673956954,0.26489612039147636,0.2032520325203252,-0.08459940547690974,45,4,0.5018115942028986,0.5276315789473685,0.025819984744469893,0.7865853658536586,0.8719512195121951,0.08536585365853655,0.18199062880249603,0.11319006395232503,Primary (Completed N=234)
12,2,2,Logistic Regression,60,47,6,41,0.43697891256030785,0.5365853658536586,0.16092543885163085,0.562037037037037,0.7764227642276423,0.0890045418039538,0.12505812447672915,0.23983739837398377,-0.07192089704767705,47,6,0.43697891256030785,0.562037037037037,0.12505812447672915,0.5365853658536586,0.7764227642276423,0.23983739837398377,0.16092543885163085,0.0890045418039538,Primary (Completed N=234)
13,2,3,Logistic Regression,60,47,6,41,0.47403711484593836,0.7154471544715447,0.19976345288059288,0.8666666666666667,0.9024390243902439,0.0902004668289882,0.39262955182072834,0.1869918699186992,-0.10956298605160468,45,4,0.3553030303030303,0.7857142857142857,0.4304112554112554,0.6524390243902439,0.8536585365853658,0.2012195121951219,0.20340254238612868,0.09420842905288046,Primary (Completed N=234)
14,2,4,Logistic Regression,60,46,6,40,0.648611111111111,0.9041666666666667,0.1539156664346604,0.8347222222222221,0.95,0.14215490656993818,0.18611111111111112,0.04583333333333328,-0.01176075986472222,46,6,0.648611111111111,0.8347222222222221,0.18611111111111112,0.9041666666666667,0.95,0.04583333333333328,0.1539156664346604,0.14215490656993818,Primary (Completed N=234)
15,3,0,Logistic Regression,60,47,7,40,0.850250626566416,0.9464285714285714,0.17784592693746418,0.8645124716553287,0.8928571428571429,0.06839852149427644,0.014261845088912706,-0.05357142857142849,-0.10944740544318773,47,7,0.850250626566416,0.8645124716553287,0.014261845088912706,0.9464285714285714,0.8928571428571429,-0.05357142857142849,0.17784592693746418,0.06839852149427644,Primary (Completed N=234)
16,3,1,Logistic Regression,60,47,6,41,0.4798756798756798,0.7235772357723578,0.19206648826571585,0.8238095238095238,0.9552845528455285,0.13139744262749728,0.34393384393384396,0.23170731707317072,-0.060669045638218566,46,5,0.5307371794871796,0.7602564102564102,0.22951923076923064,0.7658536585365854,0.9463414634146342,0.18048780487804883,0.18853241823229747,0.13351898759801836,Primary (Completed N=234)
17,3,2,Logistic Regression,60,47,6,41,0.3713958713958714,0.6138211382113821,0.196231192844054,0.7136752136752136,0.8780487804878049,0.08841152271054642,0.3422793422793422,0.2642276422764228,-0.10781967013350757,46,5,0.403083466241361,0.6266666666666667,0.22358320042530572,0.6341463414634146,0.853658536585366,0.2195121951219513,0.193232297601288,0.08803418679119925,Primary (Completed N=234)
18,3,3,Logistic Regression,60,47,6,41,0.5184537684537684,0.7276422764227642,0.20413751598719793,0.8120300751879699,0.8617886178861788,0.13483710324457607,0.29357630673420143,0.13414634146341453,-0.06930041274262186,46,5,0.37992248062015505,0.7603603603603604,0.3804378797402053,0.6731707317073171,0.8341463414634146,0.16097560975609748,0.20723521274902523,0.13776833193211238,Primary (Completed N=234)
19,3,4,Logistic Regression,60,46,6,40,0.273941798941799,0.725,0.15477328165073648,0.658115468409586,0.8541666666666667,0.13839772665958247,0.384173669467787,0.12916666666666676,-0.016375554991154007,45,5,0.2711494252873563,0.5136363636363636,0.24248693834900725,0.74,0.8250000000000001,0.08500000000000008,0.14945249531432409,0.14019522655616573,Primary (Completed N=234)
20,4,0,Logistic Regression,60,47,7,40,0.4635590599876314,0.6857142857142857,0.18834718124058408,0.7358182358182357,0.8499999999999999,0.11076013542796538,0.27225917583060427,0.16428571428571415,-0.0775870458126187,45,5,0.3532523390587907,0.5762987012987013,0.2230463622399106,0.64,0.7899999999999999,0.1499999999999999,0.18861271858356146,0.11485448779800221,Primary (Completed N=234)
21,4,1,Logistic Regression,60,47,6,41,0.5272727272727272,0.7479674796747968,0.17693006099509903,0.7236111111111111,0.8577235772357724,0.145900142274944,0.19633838383838387,0.1097560975609756,-0.031029918720155036,47,6,0.5272727272727272,0.7236111111111111,0.19633838383838387,0.7479674796747968,0.8577235772357724,0.1097560975609756,0.17693006099509903,0.145900142274944,Primary (Completed N=234)
22,4,2,Logistic Regression,60,47,6,41,0.6888354700854701,0.8130081300813008,0.15426069161324593,0.8555555555555555,0.9796747967479674,0.08256778139060111,0.16672008547008543,0.16666666666666663,-0.07169291022264482,47,6,0.6888354700854701,0.8555555555555555,0.16672008547008543,0.8130081300813008,0.9796747967479674,0.16666666666666663,0.15426069161324593,0.08256778139060111,Primary (Completed N=234)
23,4,3,Logistic Regression,60,47,6,41,0.44992025518341305,0.7398373983739839,0.23725014592484034,0.6472222222222223,0.8455284552845529,0.10536605064375623,0.1973019670388092,0.10569105691056901,-0.1318840952810841,47,6,0.44992025518341305,0.6472222222222223,0.1973019670388092,0.7398373983739839,0.8455284552845529,0.10569105691056901,0.23725014592484034,0.10536605064375623,Primary (Completed N=234)
24,4,4,Logistic Regression,60,46,6,40,0.4771903820816864,0.7999999999999999,0.15247774325933156,0.7620192307692307,0.8583333333333333,0.11857399473460699,0.2848288486875443,0.05833333333333335,-0.03390374852472457,44,4,0.5580357142857143,0.6015151515151516,0.04347943722943726,0.85625,0.7875,-0.06874999999999998,0.14191441780706704,0.12076519302945919,Primary (Completed N=234)
0,0,0,Logistic Regression,90,47,7,40,0.6416818443624589,0.7749999999999999,0.20196276049931275,0.7406015037593985,0.8428571428571427,0.09689548713294455,0.09891965939693959,0.06785714285714284,-0.1050672733663682,46,6,0.6928571428571428,0.6778206778206778,-0.015036465036465052,0.7916666666666667,0.8166666666666667,0.02499999999999991,0.198665430708067,0.09893863441204621,Primary (Completed N=234)
1,0,1,Logistic Regression,90,47,6,41,0.48695144724556494,0.8130081300813008,0.17310522005246853,0.7916666666666666,0.9227642276422764,0.11224552106210851,0.3047152194211017,0.1097560975609756,-0.06085969899036002,44,3,0.22670250896057348,0.7333333333333334,0.50663082437276,0.7154471544715447,0.9024390243902438,0.1869918699186991,0.17202966073074177,0.11434614807328983,Primary (Completed N=234)
2,0,2,Logistic Regression,90,47,6,41,0.48611111111111105,0.8170731707317074,0.20289845320041824,0.742063492063492,0.8455284552845528,0.13618192816411176,0.25595238095238093,0.028455284552845406,-0.06671652503630648,46,5,0.5261904761904761,0.677037037037037,0.1508465608465609,0.8536585365853658,0.8146341463414634,-0.039024390243902474,0.20115012923963152,0.13892402473926788,Primary (Completed N=234)
3,0,3,Logistic Regression,90,47,6,41,0.6052489177489176,0.6829268292682926,0.1346303360664538,0.6821895424836601,0.8414634146341463,0.11798251946688307,0.0769406247347425,0.1585365853658537,-0.016647816599570736,46,5,0.5049030644152596,0.5887445887445888,0.08384152432932923,0.6195121951219512,0.8097560975609756,0.19024390243902434,0.13755560864100522,0.12051549751238655,Primary (Completed N=234)
4,0,4,Logistic Regression,90,46,6,40,0.46718426501035193,0.7666666666666666,0.17644495653569822,0.7583333333333333,0.9583333333333333,0.1326621571836188,0.2911490683229814,0.19166666666666665,-0.04378279935207943,45,5,0.5206211180124223,0.7342424242424244,0.21362130623000208,0.8400000000000001,0.955,0.11499999999999988,0.16649707061600466,0.13286430996692855,Primary (Completed N=234)
5,1,0,Logistic Regression,90,47,7,40,0.5451600378070967,0.7964285714285714,0.1403042466868713,0.7028773671630815,0.8607142857142858,0.12185852241921512,0.15771732935598481,0.06428571428571439,-0.018445724267656186,44,4,0.4341736694677871,0.38655462184873945,-0.04761904761904767,0.7437499999999999,0.76875,0.025000000000000133,0.13815159867623653,0.1297581539748822,Primary (Completed N=234)
6,1,1,Logistic Regression,90,47,6,41,0.5793650793650793,0.7845528455284553,0.2033418816688754,0.8299457994579946,0.8536585365853658,0.09758550353648497,0.2505807200929153,0.06910569105691056,-0.10575637813239043,47,6,0.5793650793650793,0.8299457994579946,0.2505807200929153,0.7845528455284553,0.8536585365853658,0.06910569105691056,0.2033418816688754,0.09758550353648497,Primary (Completed N=234)
7,1,2,Logistic Regression,90,47,6,41,0.6233766233766234,0.8617886178861789,0.13162522702439014,0.787037037037037,0.9512195121951219,0.08201722791829229,0.16366041366041362,0.08943089430894302,-0.04960799910609785,46,5,0.617037037037037,0.7109090909090909,0.09387205387205388,0.848780487804878,0.9414634146341463,0.09268292682926826,0.1306954267780791,0.08379143025342113,Primary (Completed N=234)
8,1,3,Logistic Regression,90,47,6,41,0.4610107644590403,0.6788617886178862,0.19859639454840428,0.9166666666666665,0.983739837398374,0.06981364632833939,0.4556559022076262,0.30487804878048785,-0.12878274822006489,45,4,0.6055555555555556,0.8303571428571428,0.22480158730158717,0.8414634146341463,0.9756097560975611,0.13414634146341475,0.18040697035342046,0.07283025315742574,Primary (Completed N=234)
9,1,4,Logistic Regression,90,46,6,40,0.48690296631473096,0.6875,0.19002833857569607,0.6680911680911681,0.8541666666666667,0.11055654150404978,0.18118820177643713,0.16666666666666674,-0.07947179707164628,45,5,0.34725829725829727,0.5721428571428572,0.2248845598845599,0.625,0.825,0.19999999999999996,0.19323550486274874,0.11301330858123095,Primary (Completed N=234)
10,2,0,Logistic Regression,90,47,7,40,0.6438775510204082,0.8285714285714285,0.18482449856097366,0.8074629851940776,0.95,0.12363853028810892,0.16358543417366933,0.12142857142857144,-0.06118596827286474,46,6,0.6806022408963585,0.7374999999999999,0.056897759103641476,0.8375,0.9416666666666667,0.10416666666666663,0.1832918628695579,0.12603110735399836,Primary (Completed N=234)
11,2,1,Logistic Regression,90,47,6,41,0.4154610224656664,0.7032520325203252,0.19477364221647928,0.5044973544973544,0.910569105691057,0.14127969014458538,0.08903633203168804,0.20731707317073178,-0.05349395207189389,45,4,0.5018115942028986,0.40906593406593406,-0.0927456601369645,0.7865853658536586,0.8963414634146342,0.1097560975609756,0.18199062880249603,0.1450730002117678,Primary (Completed N=234)
12,2,2,Logistic Regression,90,47,6,41,0.43697891256030785,0.5365853658536586,0.16092543885163085,0.5304672339155098,0.7520325203252032,0.09709733324539822,0.09348832135520191,0.2154471544715446,-0.06382810560623263,47,6,0.43697891256030785,0.5304672339155098,0.09348832135520191,0.5365853658536586,0.7520325203252032,0.2154471544715446,0.16092543885163085,0.09709733324539822,Primary (Completed N=234)
13,2,3,Logistic Regression,90,47,6,41,0.47403711484593836,0.7154471544715447,0.19976345288059288,0.9047619047619047,0.967479674796748,0.07852778056612088,0.4307247899159663,0.2520325203252033,-0.121235672314472,45,4,0.3553030303030303,0.8333333333333333,0.47803030303030297,0.6524390243902439,0.951219512195122,0.2987804878048781,0.20340254238612868,0.08201789093846958,Primary (Completed N=234)
14,2,4,Logistic Regression,90,46,6,40,0.648611111111111,0.9041666666666667,0.1539156664346604,0.8717948717948718,0.9166666666666667,0.12816669694717628,0.22318376068376078,0.012500000000000067,-0.02574896948748412,44,4,0.573051948051948,0.7916666666666667,0.2186147186147187,0.91875,0.875,-0.043749999999999956,0.15405064447879105,0.13381372886256493,Primary (Completed N=234)
15,3,0,Logistic Regression,90,47,7,40,0.850250626566416,0.9464285714285714,0.17784592693746418,0.8035714285714284,0.8892857142857142,0.11915428195011275,-0.04667919799498765,-0.05714285714285716,-0.058691644987351424,46,6,0.807936507936508,0.7592592592592592,-0.04867724867724876,0.9375,0.8708333333333333,-0.06666666666666665,0.1806960563257253,0.12171621264078655,Primary (Completed N=234)
16,3,1,Logistic Regression,90,47,6,41,0.4798756798756798,0.7235772357723578,0.19206648826571585,0.7925925925925926,0.8861788617886179,0.12903659327604802,0.3127169127169128,0.16260162601626016,-0.06302989498966782,45,4,0.5858294930875576,0.6428571428571428,0.05702764976958519,0.7682926829268293,0.8292682926829269,0.060975609756097615,0.18804287222281593,0.1341557008318497,Primary (Completed N=234)
17,3,2,Logistic Regression,90,47,6,41,0.3713958713958714,0.6138211382113821,0.196231192844054,0.8383458646616541,0.9390243902439024,0.1248327291856607,0.4669499932657827,0.3252032520325203,-0.0713984636583933,46,5,0.403083466241361,0.7888888888888888,0.38580542264752776,0.6341463414634146,0.9268292682926829,0.2926829268292682,0.193232297601288,0.1258052909966427,Primary (Completed N=234)
18,3,3,Logistic Regression,90,47,6,41,0.5184537684537684,0.7276422764227642,0.20413751598719793,0.8095238095238095,0.8455284552845528,0.12333833360159009,0.2910700410700411,0.11788617886178854,-0.08079918238560783,45,4,0.3966165413533834,0.675,0.2783834586466166,0.6463414634146342,0.7682926829268293,0.12195121951219512,0.20682891625927718,0.1288187008302588,Primary (Completed N=234)
19,3,4,Logistic Regression,90,46,6,40,0.273941798941799,0.725,0.15477328165073648,0.6680555555555555,0.8500000000000001,0.09456928893987512,0.3941137566137565,0.1250000000000001,-0.060203992710861354,45,5,0.2711494252873563,0.5261904761904761,0.2550410509031198,0.74,0.8200000000000001,0.08000000000000007,0.14945249531432409,0.09657889601406533,Primary (Completed N=234)
20,4,0,Logistic Regression,90,47,7,40,0.4635590599876314,0.6857142857142857,0.18834718124058408,0.6389122315592903,0.8071428571428572,0.11583316765018871,0.17535317157165892,0.12142857142857144,-0.07251401359039537,45,5,0.3532523390587907,0.5546491228070176,0.2013967837482269,0.64,0.755,0.11499999999999999,0.18861271858356146,0.11337190258581943,Primary (Completed N=234)
21,4,1,Logistic Regression,90,47,6,41,0.5272727272727272,0.7479674796747968,0.17693006099509903,0.8288113695090439,0.8455284552845528,0.07727903316627238,0.30153864223631666,0.09756097560975596,-0.09965102782882665,46,5,0.5465367965367965,0.7838095238095237,0.2372727272727272,0.7317073170731707,0.8146341463414635,0.08292682926829276,0.1760999915206191,0.07895898017155974,Primary (Completed N=234)
22,4,2,Logistic Regression,90,47,6,41,0.6888354700854701,0.8130081300813008,0.15426069161324593,0.8168350168350168,0.959349593495935,0.13316640563225784,0.12799954674954672,0.14634146341463417,-0.021094285980988087,46,5,0.6796491228070175,0.75,0.0703508771929825,0.7853658536585366,0.9512195121951219,0.1658536585365853,0.1560756242368398,0.1358215184587375,Primary (Completed N=234)
23,4,3,Logistic Regression,90,47,6,41,0.44992025518341305,0.7398373983739839,0.23725014592484034,0.7413489736070381,0.8699186991869918,0.12070233311004741,0.29142871842362505,0.13008130081300795,-0.11654781281479293,46,5,0.26436692506459947,0.6633333333333333,0.39896640826873386,0.6878048780487805,0.8439024390243903,0.15609756097560978,0.24240773437796334,0.12332629687330866,Primary (Completed N=234)
24,4,4,Logistic Regression,90,46,6,40,0.4771903820816864,0.7999999999999999,0.15247774325933156,0.7448107448107447,0.85,0.11934855930685423,0.2676203627290583,0.050000000000000044,-0.033129183952477326,44,4,0.5580357142857143,0.581140350877193,0.023104636591478656,0.85625,0.775,-0.08124999999999993,0.14191441780706704,0.12157631399100777,Primary (Completed N=234)
0,0,0,Random Forest,30,47,7,40,0.2865808722433042,0.5392857142857143,0.16659327004959903,0.401046176046176,0.725,0.12073479283493736,0.11446530380287179,0.18571428571428572,-0.04585847721466167,47,7,0.2865808722433042,0.401046176046176,0.11446530380287179,0.5392857142857143,0.725,0.18571428571428572,0.16659327004959903,0.12073479283493736,Primary (Completed N=234)
1,0,1,Random Forest,30,47,6,41,0.46410256410256406,0.894308943089431,0.11684077316311443,0.7999999999999999,0.9512195121951219,0.08771484859109183,0.33589743589743587,0.05691056910569092,-0.029125924572022607,46,5,0.42358974358974355,0.7797979797979797,0.35620823620823616,0.8878048780487805,0.9463414634146341,0.0585365853658536,0.11332326375838583,0.08466346911512888,Primary (Completed N=234)
2,0,2,Random Forest,30,47,6,41,0.5558608058608059,0.7398373983739838,0.1381860570465864,1.0,1.0,0.0897504438969965,0.4441391941391941,0.26016260162601623,-0.0484356131495899,47,6,0.5558608058608059,1.0,0.4441391941391941,0.7398373983739838,1.0,0.26016260162601623,0.1381860570465864,0.0897504438969965,Primary (Completed N=234)
3,0,3,Random Forest,30,47,6,41,0.23170740290305508,0.5487804878048781,0.13479389061163943,0.2152257872846108,0.6341463414634146,0.12219835816594965,-0.016481615618444273,0.08536585365853655,-0.012595532445689783,47,6,0.23170740290305508,0.2152257872846108,-0.016481615618444273,0.5487804878048781,0.6341463414634146,0.08536585365853655,0.13479389061163943,0.12219835816594965,Primary (Completed N=234)
4,0,4,Random Forest,30,46,6,40,0.2930970837947582,0.6708333333333334,0.13321372683778024,0.47437169312169314,0.8125,0.11154172712626977,0.18127460932693495,0.1416666666666666,-0.021671999711510473,45,5,0.32380952380952377,0.28917989417989415,-0.03462962962962962,0.79,0.775,-0.015000000000000013,0.12065735323719382,0.11123378794347381,Primary (Completed N=234)
5,1,0,Random Forest,30,47,7,40,0.322829131652661,0.6428571428571429,0.13299836418933306,0.5520323763177797,0.6785714285714286,0.11345077430234565,0.22920324466511866,0.0357142857142857,-0.019547589886987404,47,7,0.322829131652661,0.5520323763177797,0.22920324466511866,0.6428571428571429,0.6785714285714286,0.0357142857142857,0.13299836418933306,0.11345077430234565,Primary (Completed N=234)
6,1,1,Random Forest,30,47,6,41,0.3278206778206778,0.6869918699186992,0.15078427551411355,0.7045751633986927,0.7886178861788617,0.09751877798105014,0.37675448557801494,0.10162601626016254,-0.05326549753306341,47,6,0.3278206778206778,0.7045751633986927,0.37675448557801494,0.6869918699186992,0.7886178861788617,0.10162601626016254,0.15078427551411355,0.09751877798105014,Primary (Completed N=234)
7,1,2,Random Forest,30,47,6,41,0.42063492063492064,0.8495934959349594,0.11677050590695745,0.6468376068376068,0.8455284552845529,0.09837670702345476,0.2262026862026862,-0.004065040650406471,-0.01839379888350269,47,6,0.42063492063492064,0.6468376068376068,0.2262026862026862,0.8495934959349594,0.8455284552845529,-0.004065040650406471,0.11677050590695745,0.09837670702345476,Primary (Completed N=234)
8,1,3,Random Forest,30,47,6,41,0.2789752362333008,0.7357723577235772,0.139082858063101,0.8241758241758241,0.910569105691057,0.08555610422664947,0.5452005879425234,0.1747967479674798,-0.05352675383645153,46,5,0.296060606060606,0.7733333333333332,0.4772727272727272,0.8048780487804879,0.8926829268292683,0.08780487804878045,0.12933604219198838,0.08473529816025786,Primary (Completed N=234)
9,1,4,Random Forest,30,46,6,40,0.24344930137613063,0.5958333333333333,0.15755116832773583,0.642885623148781,0.8583333333333333,0.10333335099299301,0.3994363217726503,0.26249999999999996,-0.05421781733474282,45,5,0.22658914728682167,0.5253968253968253,0.29880767811000364,0.565,0.83,0.265,0.15328209928391792,0.10267345838961787,Primary (Completed N=234)
10,2,0,Random Forest,30,47,7,40,0.3875981161695447,0.8321428571428571,0.13563952913216873,0.6018158876453807,0.8571428571428571,0.09806180121366784,0.21421777147583604,0.025000000000000022,-0.03757772791850089,47,7,0.3875981161695447,0.6018158876453807,0.21421777147583604,0.8321428571428571,0.8571428571428571,0.025000000000000022,0.13563952913216873,0.09806180121366784,Primary (Completed N=234)
11,2,1,Random Forest,30,47,6,41,0.20054914221580886,0.6219512195121951,0.14306531825184204,0.5727513227513228,0.8861788617886179,0.11092668138448501,0.3722021805355139,0.2642276422764228,-0.03213863686735703,46,5,0.2133862433862434,0.4023809523809524,0.188994708994709,0.7317073170731707,0.8634146341463416,0.13170731707317085,0.12981207091302965,0.11084848811142825,Primary (Completed N=234)
12,2,2,Random Forest,30,47,6,41,0.17329782790309103,0.4105691056910569,0.14894492123497813,0.4563707729468599,0.6504065040650407,0.10500307267929089,0.2830729450437689,0.23983739837398382,-0.04394184855568724,47,6,0.17329782790309103,0.4563707729468599,0.2830729450437689,0.4105691056910569,0.6504065040650407,0.23983739837398382,0.14894492123497813,0.10500307267929089,Primary (Completed N=234)
13,2,3,Random Forest,30,47,6,41,0.22044807965860597,0.6626016260162602,0.14843347768322232,0.7461640211640211,0.951219512195122,0.10287204038851529,0.5257159415054151,0.28861788617886186,-0.04556143729470703,46,5,0.21111111111111108,0.7611111111111111,0.55,0.6682926829268293,0.9560975609756098,0.2878048780487805,0.1423679397215125,0.09926018440169516,Primary (Completed N=234)
14,2,4,Random Forest,30,46,6,40,0.6589209401709402,0.8666666666666666,0.10690060073734112,0.5015873015873016,0.7791666666666667,0.1097475915041833,-0.15733363858363858,-0.08749999999999991,0.0028469907668421807,46,6,0.6589209401709402,0.5015873015873016,-0.15733363858363858,0.8666666666666666,0.7791666666666667,-0.08749999999999991,0.10690060073734112,0.1097475915041833,Primary (Completed N=234)
15,3,0,Random Forest,30,47,7,40,0.4671407024348201,0.7178571428571429,0.13624400442136034,0.713095238095238,0.8392857142857143,0.0989295402130538,0.24595453566041792,0.12142857142857144,-0.037314464208306544,47,7,0.4671407024348201,0.713095238095238,0.24595453566041792,0.7178571428571429,0.8392857142857143,0.12142857142857144,0.13624400442136034,0.0989295402130538,Primary (Completed N=234)
16,3,1,Random Forest,30,47,6,41,0.44455211024978464,0.7154471544715447,0.13991909203469807,0.5218253968253967,0.8170731707317074,0.10278769731684387,0.07727328657561211,0.10162601626016265,-0.037131394717854205,47,6,0.44455211024978464,0.5218253968253967,0.07727328657561211,0.7154471544715447,0.8170731707317074,0.10162601626016265,0.13991909203469807,0.10278769731684387,Primary (Completed N=234)
17,3,2,Random Forest,30,47,6,41,0.5387106357694592,0.6260162601626016,0.1371361886563415,0.6826298701298701,0.8943089430894309,0.09918266417128623,0.14391923436041087,0.2682926829268293,-0.037953524485055276,47,6,0.5387106357694592,0.6826298701298701,0.14391923436041087,0.6260162601626016,0.8943089430894309,0.2682926829268293,0.1371361886563415,0.09918266417128623,Primary (Completed N=234)
18,3,3,Random Forest,30,47,6,41,0.2456064208629188,0.6747967479674797,0.1492697904708055,0.35517030861858445,0.7235772357723577,0.12239122397010074,0.10956388775566564,0.04878048780487798,-0.026878566500704748,46,5,0.2430112044817927,0.30155388471177946,0.058542680229986765,0.6878048780487805,0.6829268292682927,-0.004878048780487809,0.14271914600248245,0.11919167102570725,Primary (Completed N=234)
19,3,4,Random Forest,30,46,6,40,0.26605801605801604,0.7,0.12361538021777099,0.49823485693050906,0.7083333333333333,0.11326274984533151,0.23217684087249302,0.008333333333333304,-0.010352630372439484,45,5,0.2748251748251748,0.3208888888888889,0.04606371406371407,0.745,0.6499999999999999,-0.09500000000000008,0.11287152894069884,0.11407747862250368,Primary (Completed N=234)
20,4,0,Random Forest,30,47,7,40,0.34776686727906236,0.65,0.14700212383755823,0.659686147186147,0.8857142857142858,0.1070442509271734,0.3119192799070847,0.23571428571428577,-0.03995787291038483,46,6,0.331455240665767,0.57012987012987,0.23867462946410306,0.6208333333333333,0.8666666666666667,0.24583333333333335,0.14275616638910674,0.10613706118519516,Primary (Completed N=234)
21,4,1,Random Forest,30,47,6,41,0.5543650793650794,0.8008130081300814,0.12656382184231296,0.6286866359447004,0.7804878048780488,0.10894641727331018,0.07432155657962103,-0.020325203252032575,-0.01761740456900278,47,6,0.5543650793650794,0.6286866359447004,0.07432155657962103,0.8008130081300814,0.7804878048780488,-0.020325203252032575,0.12656382184231296,0.10894641727331018,Primary (Completed N=234)
22,4,2,Random Forest,30,47,6,41,0.3526169163317501,0.8048780487804879,0.14079687567922253,0.5748371998371998,0.853658536585366,0.09761112309225095,0.22222028350544976,0.04878048780487809,-0.043185752586971576,47,6,0.3526169163317501,0.5748371998371998,0.22222028350544976,0.8048780487804879,0.853658536585366,0.04878048780487809,0.14079687567922253,0.09761112309225095,Primary (Completed N=234)
23,4,3,Random Forest,30,47,6,41,0.28133468834688347,0.6910569105691057,0.1569014424796327,0.5321712566393417,0.7398373983739839,0.12150214414970904,0.25083656829245826,0.0487804878048782,-0.035399298329923654,47,6,0.28133468834688347,0.5321712566393417,0.25083656829245826,0.6910569105691057,0.7398373983739839,0.0487804878048782,0.1569014424796327,0.12150214414970904,Primary (Completed N=234)
24,4,4,Random Forest,30,46,6,40,0.20926489369694237,0.6625,0.12524434984600918,0.7525062656641603,0.8291666666666667,0.08563922135024979,0.543241371967218,0.16666666666666674,-0.039605128495759395,45,5,0.2097385620915033,0.6885654885654886,0.4788269264739853,0.71,0.795,0.08500000000000008,0.11235155811920285,0.0844278535370282,Primary (Completed N=234)
0,0,0,Random Forest,60,47,7,40,0.2865808722433042,0.5392857142857143,0.166593270049599,0.5570030258573262,0.7714285714285714,0.10865557552675784,0.270422153614022,0.2321428571428571,-0.05793769452284117,47,7,0.2865808722433042,0.5570030258573262,0.270422153614022,0.5392857142857143,0.7714285714285714,0.2321428571428571,0.166593270049599,0.10865557552675784,Primary (Completed N=234)
1,0,1,Random Forest,60,47,6,41,0.46410256410256406,0.894308943089431,0.11684077316311438,0.47503607503607503,0.9146341463414633,0.09321615696958037,0.01093351093351097,0.020325203252032353,-0.02362461619353401,45,4,0.43333333333333335,0.41944444444444445,-0.013888888888888895,0.9085365853658537,0.9207317073170732,0.012195121951219523,0.10877696708378627,0.08431021452572823,Primary (Completed N=234)
2,0,2,Random Forest,60,47,6,41,0.5558608058608059,0.7398373983739838,0.13818605704658646,0.976190476190476,0.9959349593495935,0.08268148475982567,0.42032967032967017,0.25609756097560976,-0.055504572286760784,46,5,0.6384615384615384,0.9666666666666666,0.32820512820512815,0.8634146341463416,0.9951219512195122,0.13170731707317063,0.1261661580165333,0.0802887599994645,Primary (Completed N=234)
3,0,3,Random Forest,60,47,6,41,0.23170740290305508,0.5487804878048781,0.13479389061163943,0.46944444444444444,0.7154471544715447,0.1026947674699763,0.23773704154138936,0.16666666666666663,-0.03209912314166313,47,6,0.23170740290305508,0.46944444444444444,0.23773704154138936,0.5487804878048781,0.7154471544715447,0.16666666666666663,0.13479389061163943,0.1026947674699763,Primary (Completed N=234)
4,0,4,Random Forest,60,46,6,40,0.2930970837947582,0.6708333333333334,0.13321372683778024,0.3513888888888889,0.8458333333333332,0.1137788979570292,0.05829180509413073,0.17499999999999982,-0.019434828880751043,45,5,0.32380952380952377,0.2953603259485612,-0.02844919786096256,0.79,0.83,0.039999999999999925,0.12065735323719383,0.11157157330435964,Primary (Completed N=234)
5,1,0,Random Forest,60,47,7,40,0.322829131652661,0.6428571428571429,0.13299836418933308,0.5135449436691673,0.6964285714285714,0.11144878190674298,0.19071581201650623,0.05357142857142849,-0.021549582282590102,45,5,0.3313725490196079,0.29044657097288673,-0.040925978046721156,0.675,0.585,-0.09000000000000008,0.1132829055403917,0.10431991074114887,Primary (Completed N=234)
6,1,1,Random Forest,60,47,6,41,0.3278206778206778,0.6869918699186992,0.15078427551411355,0.614102564102564,0.8455284552845529,0.09966821647290068,0.2862818862818862,0.1585365853658537,-0.05111605904121287,47,6,0.3278206778206778,0.614102564102564,0.2862818862818862,0.6869918699186992,0.8455284552845529,0.1585365853658537,0.15078427551411355,0.09966821647290068,Primary (Completed N=234)
7,1,2,Random Forest,60,47,6,41,0.42063492063492064,0.8495934959349594,0.11677050590695744,0.5868055555555555,0.8252032520325203,0.09686795723099305,0.16617063492063483,-0.024390243902439046,-0.019902548675964388,47,6,0.42063492063492064,0.5868055555555555,0.16617063492063483,0.8495934959349594,0.8252032520325203,-0.024390243902439046,0.11677050590695744,0.09686795723099305,Primary (Completed N=234)
8,1,3,Random Forest,60,47,6,41,0.2789752362333008,0.7357723577235772,0.13908285806310097,0.85515873015873,0.975609756097561,0.08206445059961115,0.5761834939254292,0.23983739837398377,-0.05701840746348982,46,5,0.296060606060606,0.7961904761904761,0.5001298701298701,0.8048780487804879,0.9707317073170731,0.1658536585365853,0.12933604219198838,0.07967471669423877,Primary (Completed N=234)
9,1,4,Random Forest,60,46,6,40,0.24344930137613063,0.5958333333333333,0.1575511683277358,0.4894179894179894,0.8791666666666667,0.09880402952034163,0.24596868804185879,0.2833333333333333,-0.05874713880739417,45,5,0.22658914728682167,0.4023809523809524,0.17579180509413073,0.565,0.8600000000000001,0.29500000000000015,0.15328209928391792,0.09827553417590197,Primary (Completed N=234)
10,2,0,Random Forest,60,47,7,40,0.3875981161695447,0.8321428571428571,0.13563952913216873,0.6853741496598639,0.9571428571428572,0.08010824227455608,0.29777603349031917,0.1250000000000001,-0.05553128685761265,47,7,0.3875981161695447,0.6853741496598639,0.29777603349031917,0.8321428571428571,0.9571428571428572,0.1250000000000001,0.13563952913216873,0.08010824227455608,Primary (Completed N=234)
11,2,1,Random Forest,60,47,6,41,0.20054914221580886,0.6219512195121951,0.14306531825184204,0.5327380952380952,0.9308943089430894,0.10039457137355486,0.33218895302228635,0.3089430894308943,-0.04267074687828719,45,4,0.22043650793650793,0.4125,0.19206349206349205,0.7987804878048781,0.9207317073170732,0.12195121951219512,0.1193179709755205,0.09370128534731212,Primary (Completed N=234)
12,2,2,Random Forest,60,47,6,41,0.17329782790309103,0.4105691056910569,0.14894492123497813,0.4545292829775588,0.6504065040650406,0.11181747310828087,0.2812314550744678,0.2398373983739837,-0.03712744812669726,47,6,0.17329782790309103,0.4545292829775588,0.2812314550744678,0.4105691056910569,0.6504065040650406,0.2398373983739837,0.14894492123497813,0.11181747310828087,Primary (Completed N=234)
13,2,3,Random Forest,60,47,6,41,0.22044807965860597,0.6626016260162602,0.14843347768322232,0.725,0.9268292682926829,0.08721303516798681,0.504551920341394,0.2642276422764227,-0.06122044251523551,45,4,0.22916666666666663,0.6597222222222222,0.4305555555555556,0.774390243902439,0.9024390243902438,0.12804878048780477,0.13090470231439005,0.08112792821389983,Primary (Completed N=234)
14,2,4,Random Forest,60,46,6,40,0.6589209401709402,0.8666666666666666,0.1069006007373411,0.5509081196581196,0.8083333333333333,0.10266699665076828,-0.10801282051282057,-0.05833333333333324,-0.00423360408657282,46,6,0.6589209401709402,0.5509081196581196,-0.10801282051282057,0.8666666666666666,0.8083333333333333,-0.05833333333333324,0.1069006007373411,0.10266699665076828,Primary (Completed N=234)
15,3,0,Random Forest,60,47,7,40,0.4671407024348201,0.7178571428571429,0.1362440044213603,0.77639146567718,0.8571428571428572,0.09295085671665076,0.3092507632423599,0.13928571428571435,-0.043293147704709545,47,7,0.4671407024348201,0.77639146567718,0.3092507632423599,0.7178571428571429,0.8571428571428572,0.13928571428571435,0.1362440044213603,0.09295085671665076,Primary (Completed N=234)
16,3,1,Random Forest,60,47,6,41,0.44455211024978464,0.7154471544715447,0.13991909203469807,0.7202380952380951,0.9308943089430894,0.09189914600084624,0.2756859849883105,0.21544715447154472,-0.04801994603385183,46,5,0.5055555555555555,0.6142857142857143,0.10873015873015879,0.8390243902439025,0.9170731707317074,0.07804878048780484,0.12778983410225422,0.0903883343654048,Primary (Completed N=234)
17,3,2,Random Forest,60,47,6,41,0.5387106357694592,0.6260162601626016,0.13713618865634147,0.4771929824561404,0.8373983739837398,0.10284138513347467,-0.06151765331331882,0.21138211382113825,-0.034294803522866804,46,5,0.5913319238900634,0.5126315789473684,-0.07870034494269496,0.6146341463414634,0.873170731707317,0.25853658536585356,0.13129544827292808,0.09319628469465682,Primary (Completed N=234)
18,3,3,Random Forest,60,47,6,41,0.2456064208629188,0.6747967479674797,0.1492697904708055,0.5090712629137676,0.7642276422764227,0.12007582492945175,0.26346484205084875,0.08943089430894302,-0.029193965541353742,46,5,0.2430112044817927,0.4403030303030303,0.1972918258212376,0.6878048780487805,0.7219512195121951,0.03414634146341455,0.14271914600248245,0.11799419556485127,Primary (Completed N=234)
19,3,4,Random Forest,60,46,6,40,0.26605801605801604,0.7,0.12361538021777099,0.4347338935574229,0.7666666666666667,0.09939021831935645,0.16867587749940688,0.06666666666666676,-0.024225161898414546,45,5,0.2748251748251748,0.374390243902439,0.0995650690772642,0.745,0.7300000000000001,-0.014999999999999902,0.11287152894069885,0.097086123275211,Primary (Completed N=234)
20,4,0,Random Forest,60,47,7,40,0.34776686727906236,0.65,0.14700212383755826,0.6333943833943834,0.9035714285714286,0.10152612020112502,0.285627516115321,0.25357142857142856,-0.04547600363643324,45,5,0.34669365721997303,0.5885606060606061,0.2418669488406331,0.62,0.895,0.275,0.13580791350060661,0.09296507882415829,Primary (Completed N=234)
21,4,1,Random Forest,60,47,6,41,0.5543650793650794,0.8008130081300814,0.12656382184231293,0.6293290043290043,0.878048780487805,0.09270274849656775,0.0749639249639249,0.07723577235772361,-0.03386107334574519,47,6,0.5543650793650794,0.6293290043290043,0.0749639249639249,0.8008130081300814,0.878048780487805,0.07723577235772361,0.12656382184231293,0.09270274849656775,Primary (Completed N=234)
22,4,2,Random Forest,60,47,6,41,0.3526169163317501,0.8048780487804879,0.14079687567922253,0.7027777777777777,0.9430894308943089,0.08744902279078863,0.35016086144602765,0.138211382113821,-0.0533478528884339,47,6,0.3526169163317501,0.7027777777777777,0.35016086144602765,0.8048780487804879,0.9430894308943089,0.138211382113821,0.14079687567922253,0.08744902279078863,Primary (Completed N=234)
23,4,3,Random Forest,60,47,6,41,0.28133468834688347,0.6910569105691057,0.15690144247963272,0.36002886002886003,0.7398373983739838,0.12637095375605073,0.07869417168197657,0.04878048780487809,-0.030530488723581994,47,6,0.28133468834688347,0.36002886002886003,0.07869417168197657,0.6910569105691057,0.7398373983739838,0.04878048780487809,0.15690144247963272,0.12637095375605073,Primary (Completed N=234)
24,4,4,Random Forest,60,46,6,40,0.20926489369694237,0.6625,0.12524434984600918,0.6437464344441088,0.7166666666666667,0.09221040711089676,0.4344815407471665,0.054166666666666696,-0.033033942735112426,44,4,0.2121732026143791,0.3985837922895358,0.18641058967515667,0.7625,0.575,-0.1875,0.09928564259103516,0.08718018196812888,Primary (Completed N=234)
0,0,0,Random Forest,90,47,7,40,0.2865808722433042,0.5392857142857143,0.166593270049599,0.6981192476990796,0.8392857142857143,0.09096761595141226,0.41153837545577543,0.30000000000000004,-0.07562565409818675,46,6,0.2891930930486622,0.6186071238702817,0.3294140308216195,0.5291666666666666,0.8125,0.28333333333333344,0.1597811337509096,0.08940071120783631,Primary (Completed N=234)
1,0,1,Random Forest,90,47,6,41,0.46410256410256406,0.894308943089431,0.11684077316311439,0.6211640211640211,0.9349593495934959,0.09244815914661351,0.15706145706145708,0.04065040650406493,-0.024392614016500877,44,3,0.3909090909090909,0.3873015873015873,-0.0036075036075035594,0.9024390243902439,0.926829268292683,0.024390243902439046,0.1049912083023833,0.08663876306829897,Primary (Completed N=234)
2,0,2,Random Forest,90,47,6,41,0.5558608058608059,0.7398373983739838,0.13818605704658643,0.7785575048732943,0.9268292682926829,0.08182121232565952,0.22269669901248845,0.1869918699186991,-0.05636484472092691,46,5,0.6384615384615384,0.7055555555555555,0.06709401709401708,0.8634146341463416,0.9121951219512194,0.04878048780487787,0.12616615801653328,0.08179367576852457,Primary (Completed N=234)
3,0,3,Random Forest,90,47,6,41,0.23170740290305508,0.5487804878048781,0.13479389061163943,0.5017515051997811,0.7520325203252032,0.09368975171187124,0.270044102296726,0.2032520325203251,-0.04110413889976819,46,5,0.21575091575091576,0.32380952380952377,0.10805860805860801,0.5073170731707317,0.702439024390244,0.19512195121951226,0.12651861540325546,0.09147339208525614,Primary (Completed N=234)
4,0,4,Random Forest,90,46,6,40,0.2930970837947582,0.6708333333333334,0.13321372683778024,0.4577380952380952,0.9,0.0956953911862675,0.16464101144333704,0.22916666666666663,-0.03751833565151273,45,5,0.32380952380952377,0.4157142857142857,0.09190476190476193,0.79,0.895,0.10499999999999998,0.12065735323719383,0.09268829604229403,Primary (Completed N=234)
5,1,0,Random Forest,90,47,7,40,0.322829131652661,0.6428571428571429,0.13299836418933306,0.6193285437966289,0.7321428571428571,0.09907055147519836,0.2964994121439679,0.08928571428571419,-0.0339278127141347,44,4,0.35457839262187085,0.23522727272727273,-0.11935111989459812,0.68125,0.5375,-0.14375000000000004,0.10308288435464537,0.0933494302458261,Primary (Completed N=234)
6,1,1,Random Forest,90,47,6,41,0.3278206778206778,0.6869918699186992,0.15078427551411355,0.7624167946748592,0.8821138211382114,0.08418045213070809,0.4345961168541814,0.19512195121951215,-0.06660382338340547,47,6,0.3278206778206778,0.7624167946748592,0.4345961168541814,0.6869918699186992,0.8821138211382114,0.19512195121951215,0.15078427551411355,0.08418045213070809,Primary (Completed N=234)
7,1,2,Random Forest,90,47,6,41,0.42063492063492064,0.8495934959349594,0.11677050590695745,0.44232804232804235,0.7967479674796748,0.11586950690141873,0.02169312169312171,-0.05284552845528456,-0.0009009990055387218,46,5,0.32490744549568085,0.25530798177857,-0.06959946371711084,0.824390243902439,0.7560975609756098,-0.06829268292682922,0.11268544393927318,0.11777146245916445,Primary (Completed N=234)
8,1,3,Random Forest,90,47,6,41,0.2789752362333008,0.7357723577235772,0.139082858063101,0.8374999999999999,0.967479674796748,0.07477976179543679,0.5585247637666991,0.23170731707317083,-0.06430309626766421,45,4,0.32007575757575757,0.6666666666666666,0.34659090909090906,0.8780487804878049,0.951219512195122,0.07317073170731714,0.12052209122103133,0.07210488704322086,Primary (Completed N=234)
9,1,4,Random Forest,90,46,6,40,0.24344930137613063,0.5958333333333333,0.15755116832773577,0.5977124183006536,0.8916666666666666,0.09327638997080331,0.35426311692452295,0.2958333333333333,-0.06427477835693246,45,5,0.22658914728682167,0.5352272727272727,0.308638125440451,0.565,0.875,0.31000000000000005,0.15328209928391792,0.09063538351075172,Primary (Completed N=234)
10,2,0,Random Forest,90,47,7,40,0.3875981161695447,0.8321428571428571,0.13563952913216873,0.8395485466914037,0.9714285714285714,0.07518096699655355,0.45195043052185896,0.13928571428571435,-0.06045856213561518,46,6,0.3753968253968254,0.775,0.3996031746031746,0.8375,0.9666666666666667,0.12916666666666665,0.13162484675992375,0.07436362623522907,Primary (Completed N=234)
11,2,1,Random Forest,90,47,6,41,0.20054914221580886,0.6219512195121951,0.14306531825184204,0.49259259259259264,0.9146341463414633,0.09933391803046271,0.2920434503767838,0.2926829268292682,-0.043731400221379335,45,4,0.22043650793650793,0.43214285714285716,0.21170634920634923,0.7987804878048781,0.9146341463414633,0.11585365853658525,0.11931797097552053,0.0908657014728028,Primary (Completed N=234)
12,2,2,Random Forest,90,47,6,41,0.17329782790309103,0.4105691056910569,0.14894492123497813,0.4614035087719298,0.6788617886178863,0.11736172629793043,0.2881056808688388,0.26829268292682934,-0.0315831949370477,47,6,0.17329782790309103,0.4614035087719298,0.2881056808688388,0.4105691056910569,0.6788617886178863,0.26829268292682934,0.14894492123497813,0.11736172629793043,Primary (Completed N=234)
13,2,3,Random Forest,90,47,6,41,0.22044807965860597,0.6626016260162602,0.14843347768322232,0.7184782608695651,0.9146341463414636,0.0862874253040726,0.49803018121095916,0.2520325203252034,-0.06214605237914972,45,4,0.22916666666666663,0.5267857142857143,0.29761904761904767,0.774390243902439,0.878048780487805,0.10365853658536595,0.13090470231439005,0.08328973962447352,Primary (Completed N=234)
14,2,4,Random Forest,90,46,6,40,0.6589209401709402,0.8666666666666666,0.10690060073734112,0.6465277777777777,0.8,0.09301397168716638,-0.01239316239316246,-0.06666666666666654,-0.013886629050174737,44,4,0.8166666666666667,0.4965538847117794,-0.32011278195488724,0.93125,0.7125,-0.21875,0.09084820666861655,0.09051031738866125,Primary (Completed N=234)
15,3,0,Random Forest,90,47,7,40,0.4671407024348201,0.7178571428571429,0.13624400442136037,0.8495238095238093,0.925,0.07066868527201513,0.38238310708898926,0.20714285714285718,-0.06557531914934524,46,6,0.5052725052725052,0.8125,0.3072274947274948,0.7625,0.9125000000000001,0.15000000000000013,0.12648684923459233,0.06983365490888147,Primary (Completed N=234)
16,3,1,Random Forest,90,47,6,41,0.44455211024978464,0.7154471544715447,0.13991909203469807,0.716089466089466,0.8902439024390244,0.09108015054803091,0.27153735583968136,0.17479674796747968,-0.04883894148666716,45,4,0.5136494252873564,0.4875,-0.026149425287356365,0.8292682926829268,0.8353658536585366,0.0060975609756097615,0.12387630810689224,0.09213858290391787,Primary (Completed N=234)
17,3,2,Random Forest,90,47,6,41,0.5387106357694592,0.6260162601626016,0.1371361886563415,0.6378306878306879,0.9390243902439024,0.08786865804800972,0.09912005206122865,0.3130081300813008,-0.04926753060833178,46,5,0.5913319238900634,0.6453968253968254,0.05406490150676202,0.6146341463414634,0.9463414634146342,0.3317073170731708,0.13129544827292808,0.08098525881125365,Primary (Completed N=234)
18,3,3,Random Forest,90,47,6,41,0.2456064208629188,0.6747967479674797,0.1492697904708055,0.4570501765623717,0.7032520325203252,0.12613279501077548,0.21144375569945287,0.028455284552845517,-0.023136995460030008,45,4,0.19269381533101043,0.20459647879002718,0.011902663459016749,0.6402439024390244,0.5731707317073171,-0.06707317073170727,0.1395343383193731,0.12561018567981558,Primary (Completed N=234)
19,3,4,Random Forest,90,46,6,40,0.26605801605801604,0.7,0.12361538021777102,0.45705307764131287,0.8833333333333333,0.09223907280390974,0.19099506158329682,0.18333333333333335,-0.031376307413861285,45,5,0.2748251748251748,0.3958333333333333,0.12100815850815849,0.745,0.87,0.125,0.11287152894069888,0.08894972232383384,Primary (Completed N=234)
20,4,0,Random Forest,90,47,7,40,0.34776686727906236,0.65,0.14700212383755829,0.6874458874458875,0.9071428571428573,0.09672543739243879,0.33967902016682516,0.25714285714285723,-0.0502766864451195,45,5,0.34669365721997303,0.5527777777777778,0.20608412055780478,0.62,0.8800000000000001,0.2600000000000001,0.13580791350060664,0.09087081482737884,Primary (Completed N=234)
21,4,1,Random Forest,90,47,6,41,0.5543650793650794,0.8008130081300814,0.12656382184231296,0.597979797979798,0.8577235772357724,0.093518496112804,0.04361471861471855,0.05691056910569103,-0.03304532572950897,46,5,0.5777235772357723,0.43448275862068964,-0.14324081861508264,0.7951219512195122,0.8292682926829269,0.034146341463414664,0.12215682375517259,0.09479850045111178,Primary (Completed N=234)
22,4,2,Random Forest,90,47,6,41,0.3526169163317501,0.8048780487804879,0.14079687567922253,0.8178571428571427,0.9796747967479674,0.06721574198733624,0.46524022652539265,0.17479674796747957,-0.07358113369188629,46,5,0.3216083916083916,0.71,0.38839160839160836,0.7902439024390244,0.975609756097561,0.18536585365853653,0.13805267692760176,0.06675344005959243,Primary (Completed N=234)
23,4,3,Random Forest,90,47,6,41,0.28133468834688347,0.6910569105691057,0.1569014424796327,0.40812472551602985,0.845528455284553,0.11636541039699295,0.12679003716914639,0.15447154471544733,-0.04053603208263974,46,5,0.2948717948717949,0.3087878787878788,0.013916083916083899,0.7317073170731707,0.8195121951219513,0.08780487804878057,0.1497752893103068,0.1174997914602618,Primary (Completed N=234)
24,4,4,Random Forest,90,46,6,40,0.20926489369694237,0.6625,0.12524434984600918,0.6075637325637325,0.6916666666666667,0.09085522907687699,0.3982988388667902,0.029166666666666674,-0.0343891207691322,44,4,0.2121732026143791,0.3526143790849673,0.14044117647058818,0.7625,0.5375000000000001,-0.22499999999999987,0.09928564259103517,0.08807748276580157,Primary (Completed N=234)
0,0,0,HistGradientBoosting,30,47,7,40,0.3214790739390282,0.6535714285714286,0.16538141741588283,0.36724778844344064,0.6357142857142858,0.14033601071253188,0.045768714504412444,-0.017857142857142794,-0.025045406703350953,47,7,0.3214790739390282,0.36724778844344064,0.045768714504412444,0.6535714285714286,0.6357142857142858,-0.017857142857142794,0.16538141741588283,0.14033601071253188,Primary (Completed N=234)
1,0,1,HistGradientBoosting,30,47,6,41,0.46119528619528616,0.8048780487804877,0.1464598465245828,0.7679093567251462,0.9268292682926829,0.0745643872145699,0.30671407052986,0.12195121951219512,-0.0718954593100129,46,5,0.49343434343434345,0.7698412698412698,0.2764069264069263,0.8341463414634146,0.921951219512195,0.08780487804878045,0.12868338065599152,0.07567988683003699,Primary (Completed N=234)
2,0,2,HistGradientBoosting,30,47,6,41,0.4246173216761452,0.7967479674796748,0.14166383683930475,0.9305555555555556,0.9878048780487805,0.037116232580188764,0.5059382338794104,0.19105691056910568,-0.104547604259116,47,6,0.4246173216761452,0.9305555555555556,0.5059382338794104,0.7967479674796748,0.9878048780487805,0.19105691056910568,0.14166383683930475,0.037116232580188764,Primary (Completed N=234)
3,0,3,HistGradientBoosting,30,47,6,41,0.3590258834939686,0.4674796747967479,0.1028542654649531,0.16606615803424313,0.47560975609756095,0.1698708572574946,-0.19295972545972545,0.008130081300813052,0.06701659179254149,47,6,0.3590258834939686,0.16606615803424313,-0.19295972545972545,0.4674796747967479,0.47560975609756095,0.008130081300813052,0.1028542654649531,0.1698708572574946,Primary (Completed N=234)
4,0,4,HistGradientBoosting,30,46,6,40,0.3274120515499826,0.7583333333333333,0.12382648396503854,0.7162698412698413,0.9500000000000001,0.07480577756373974,0.3888577897198587,0.19166666666666676,-0.0490207064012988,45,5,0.35151515151515156,0.5775757575757575,0.22606060606060596,0.825,0.94,0.11499999999999999,0.10454381319717565,0.07646712947668863,Primary (Completed N=234)
5,1,0,HistGradientBoosting,30,47,7,40,0.29249141662934763,0.6892857142857143,0.1489526938579792,0.4783304414883362,0.7178571428571427,0.1252299664907256,0.18583902485898857,0.02857142857142847,-0.023722727367253615,47,7,0.29249141662934763,0.4783304414883362,0.18583902485898857,0.6892857142857143,0.7178571428571427,0.02857142857142847,0.1489526938579792,0.1252299664907256,Primary (Completed N=234)
6,1,1,HistGradientBoosting,30,47,6,41,0.31524725274725274,0.7926829268292683,0.11711705542817656,0.7638888888888888,0.8861788617886179,0.06650725046944607,0.4486416361416361,0.0934959349593496,-0.05060980495873049,47,6,0.31524725274725274,0.7638888888888888,0.4486416361416361,0.7926829268292683,0.8861788617886179,0.0934959349593496,0.11711705542817656,0.06650725046944607,Primary (Completed N=234)
7,1,2,HistGradientBoosting,30,47,6,41,0.19463896669779024,0.6544715447154472,0.13118493223095998,0.6555984555984555,0.7804878048780488,0.06725700657938491,0.4609594889006653,0.1260162601626016,-0.06392792565157507,47,6,0.19463896669779024,0.6555984555984555,0.4609594889006653,0.6544715447154472,0.7804878048780488,0.1260162601626016,0.13118493223095998,0.06725700657938491,Primary (Completed N=234)
8,1,3,HistGradientBoosting,30,47,6,41,0.20011693287555357,0.5853658536585366,0.13542773062892127,0.8333333333333333,0.9552845528455285,0.049103373663387094,0.6332164004577797,0.36991869918699194,-0.08632435696553417,46,5,0.20680698611733095,0.7797979797979797,0.5729909936806488,0.6487804878048781,0.9463414634146341,0.29756097560975603,0.11665990428228504,0.05017061889396948,Primary (Completed N=234)
9,1,4,HistGradientBoosting,30,46,6,40,0.4509088581669227,0.7458333333333333,0.1314810228364893,0.5744047619047619,0.8875000000000001,0.11695610254701011,0.12349590373783914,0.14166666666666672,-0.014524920289479187,45,5,0.46296296296296297,0.5038095238095238,0.04084656084656085,0.735,0.87,0.135,0.11502175775704998,0.1193614035003699,Primary (Completed N=234)
10,2,0,HistGradientBoosting,30,47,7,40,0.4371177944862155,0.7642857142857143,0.12246284014782284,0.6315934065934066,0.8321428571428572,0.09096974879486318,0.19447561210719105,0.06785714285714284,-0.03149309135295966,47,7,0.4371177944862155,0.6315934065934066,0.19447561210719105,0.7642857142857143,0.8321428571428572,0.06785714285714284,0.12246284014782284,0.09096974879486318,Primary (Completed N=234)
11,2,1,HistGradientBoosting,30,47,6,41,0.3225274725274725,0.6544715447154472,0.1721898926870306,0.48273039919898997,0.7235772357723578,0.1391124781543188,0.16020292667151748,0.06910569105691056,-0.03307741453271182,46,5,0.3430541871921182,0.34311111111111114,5.6923918992923817e-05,0.6878048780487805,0.6682926829268292,-0.019512195121951348,0.15429992003740467,0.14213649732562947,Primary (Completed N=234)
12,2,2,HistGradientBoosting,30,47,6,41,0.16832084185025364,0.45934959349593496,0.14951184296686174,0.45787379907857284,0.6504065040650406,0.08613769755296621,0.2895529572283192,0.19105691056910568,-0.06337414541389552,47,6,0.16832084185025364,0.45787379907857284,0.2895529572283192,0.45934959349593496,0.6504065040650406,0.19105691056910568,0.14951184296686174,0.08613769755296621,Primary (Completed N=234)
13,2,3,HistGradientBoosting,30,47,6,41,0.15737321244287186,0.5528455284552846,0.1841438670870971,0.663034188034188,0.9186991869918699,0.07369660681894004,0.5056609755913162,0.36585365853658536,-0.11044726026815706,46,5,0.13880456488815623,0.7033333333333334,0.5645287684451772,0.5414634146341464,0.9365853658536585,0.3951219512195121,0.16679351547277846,0.05769067655946105,Primary (Completed N=234)
14,2,4,HistGradientBoosting,30,46,6,40,0.5844013247894017,0.6541666666666667,0.08534979129096935,0.6987179487179487,0.8083333333333333,0.06542275104391351,0.11431662392854702,0.15416666666666667,-0.01992704024705584,46,6,0.5844013247894017,0.6987179487179487,0.11431662392854702,0.6541666666666667,0.8083333333333333,0.15416666666666667,0.08534979129096935,0.06542275104391351,Primary (Completed N=234)
15,3,0,HistGradientBoosting,30,47,7,40,0.542983705109951,0.7035714285714287,0.09920396100450692,0.5626831501831502,0.8928571428571429,0.1254535184033035,0.019699445073199207,0.18928571428571417,0.026249557398796572,47,7,0.542983705109951,0.5626831501831502,0.019699445073199207,0.7035714285714287,0.8928571428571429,0.18928571428571417,0.09920396100450692,0.1254535184033035,Primary (Completed N=234)
16,3,1,HistGradientBoosting,30,47,6,41,0.4249144102085278,0.7317073170731707,0.13096403847830038,0.6852764094143404,0.8536585365853657,0.0705859621388934,0.2603619992058126,0.12195121951219501,-0.06037807633940698,47,6,0.4249144102085278,0.6852764094143404,0.2603619992058126,0.7317073170731707,0.8536585365853657,0.12195121951219501,0.13096403847830038,0.0705859621388934,Primary (Completed N=234)
17,3,2,HistGradientBoosting,30,47,6,41,0.3097100032583903,0.6747967479674797,0.13639569746162158,0.6594622697563873,0.8292682926829268,0.07010800977755313,0.349752266497997,0.1544715447154471,-0.06628768768406845,47,6,0.3097100032583903,0.6594622697563873,0.349752266497997,0.6747967479674797,0.8292682926829268,0.1544715447154471,0.13639569746162158,0.07010800977755313,Primary (Completed N=234)
18,3,3,HistGradientBoosting,30,47,6,41,0.30494881527490225,0.7154471544715446,0.13802843913815202,0.7326649958228905,0.8048780487804879,0.06657026289289884,0.4277161805479882,0.08943089430894324,-0.07145817624525318,46,5,0.2657538802660754,0.667027027027027,0.4012731467609516,0.6829268292682927,0.7658536585365854,0.08292682926829265,0.12987309618094614,0.06774779067881012,Primary (Completed N=234)
19,3,4,HistGradientBoosting,30,46,6,40,0.2824665831244779,0.6958333333333333,0.13872685336224816,0.6440070346320346,0.7166666666666667,0.10497786392892818,0.36154045150755665,0.02083333333333337,-0.033748989433319984,45,5,0.2775239214369649,0.5490622655663916,0.2715383441294267,0.6950000000000001,0.66,-0.03500000000000003,0.11983516635557812,0.10730940965356789,Primary (Completed N=234)
20,4,0,HistGradientBoosting,30,47,7,40,0.42069178768686155,0.7321428571428572,0.14260051212261898,0.5536848072562359,0.8749999999999999,0.13053063194178277,0.13299301956937437,0.14285714285714268,-0.012069880180836212,46,6,0.3937790604457271,0.5408327582240626,0.14705369777833555,0.7041666666666666,0.8708333333333332,0.16666666666666663,0.12700828596308195,0.11889141748050179,Primary (Completed N=234)
21,4,1,HistGradientBoosting,30,47,6,41,0.3803418803418803,0.8252032520325203,0.12443481790428164,0.6004428341384863,0.6788617886178862,0.07989371830851658,0.220100953796606,-0.14634146341463417,-0.04454109959576506,47,6,0.3803418803418803,0.6004428341384863,0.220100953796606,0.8252032520325203,0.6788617886178862,-0.14634146341463417,0.12443481790428164,0.07989371830851658,Primary (Completed N=234)
22,4,2,HistGradientBoosting,30,47,6,41,0.1949849170437406,0.6747967479674797,0.18510453311391242,0.5013368983957219,0.7804878048780488,0.09390317185900379,0.30635198135198133,0.10569105691056913,-0.09120136125490863,47,6,0.1949849170437406,0.5013368983957219,0.30635198135198133,0.6747967479674797,0.7804878048780488,0.10569105691056913,0.18510453311391242,0.09390317185900379,Primary (Completed N=234)
23,4,3,HistGradientBoosting,30,47,6,41,0.2567622502498241,0.565040650406504,0.18468580202159482,0.41439393939393937,0.7195121951219512,0.10446942328783582,0.1576316891441153,0.15447154471544722,-0.080216378733759,47,6,0.2567622502498241,0.41439393939393937,0.1576316891441153,0.565040650406504,0.7195121951219512,0.15447154471544722,0.18468580202159482,0.10446942328783582,Primary (Completed N=234)
24,4,4,HistGradientBoosting,30,46,6,40,0.1911815196297955,0.5916666666666667,0.1289227271976512,0.7893790849673202,0.9416666666666667,0.07550348286175332,0.5981975653375248,0.35,-0.05341924433589787,45,5,0.1930541871921182,0.7058333333333333,0.5127791461412151,0.645,0.9299999999999999,0.2849999999999999,0.10957678258461091,0.0771809377658675,Primary (Completed N=234)
0,0,0,HistGradientBoosting,60,47,7,40,0.3214790739390282,0.6535714285714286,0.16538141741588283,0.5771372207165938,0.675,0.09198167151991601,0.2556581467775656,0.021428571428571463,-0.07339974589596682,47,7,0.3214790739390282,0.5771372207165938,0.2556581467775656,0.6535714285714286,0.675,0.021428571428571463,0.16538141741588283,0.09198167151991601,Primary (Completed N=234)
1,0,1,HistGradientBoosting,60,47,6,41,0.46119528619528616,0.8048780487804877,0.1464598465245828,0.5152167277167277,0.9227642276422764,0.08612446915853514,0.054021441521441504,0.11788617886178865,-0.06033537736604766,45,4,0.4088235294117647,0.5011904761904762,0.09236694677871149,0.798780487804878,0.9451219512195123,0.14634146341463428,0.1307874990410774,0.06351022038379273,Primary (Completed N=234)
2,0,2,HistGradientBoosting,60,47,6,41,0.4246173216761452,0.7967479674796748,0.14166383683930475,0.831045751633987,0.9471544715447154,0.04933628928187068,0.4064284299578418,0.15040650406504064,-0.09232754755743408,46,5,0.4549953314659197,0.7725,0.31750466853408027,0.8341463414634146,0.9365853658536586,0.102439024390244,0.12320016940129058,0.050260629910933476,Primary (Completed N=234)
3,0,3,HistGradientBoosting,60,47,6,41,0.3590258834939686,0.4674796747967479,0.1028542654649531,0.47921986624107005,0.7520325203252034,0.11838482648284467,0.12019398274710147,0.2845528455284555,0.015530561017891562,47,6,0.3590258834939686,0.47921986624107005,0.12019398274710147,0.4674796747967479,0.7520325203252034,0.2845528455284555,0.1028542654649531,0.11838482648284467,Primary (Completed N=234)
4,0,4,HistGradientBoosting,60,46,6,40,0.3274120515499826,0.7583333333333333,0.12382648396503854,0.7727564102564102,0.95,0.06017317156726266,0.4453443587064276,0.19166666666666665,-0.06365331239777589,45,5,0.35151515151515156,0.680952380952381,0.3294372294372294,0.825,0.94,0.11499999999999999,0.10454381319717565,0.06143667724095677,Primary (Completed N=234)
5,1,0,HistGradientBoosting,60,47,7,40,0.29249141662934763,0.6892857142857143,0.1489526938579792,0.3735186382245206,0.675,0.14271829336541067,0.08102722159517295,-0.014285714285714235,-0.0062344004925685426,45,5,0.28319088319088315,0.2799549549549549,-0.0032359282359282204,0.715,0.61,-0.10499999999999998,0.11158744284506024,0.12686206338859168,Primary (Completed N=234)
6,1,1,HistGradientBoosting,60,47,6,41,0.31524725274725274,0.7926829268292683,0.11711705542817656,0.5168737703220462,0.7195121951219512,0.0959650554141904,0.20162651757479344,-0.07317073170731714,-0.021152000013986164,47,6,0.31524725274725274,0.5168737703220462,0.20162651757479344,0.7926829268292683,0.7195121951219512,-0.07317073170731714,0.11711705542817656,0.0959650554141904,Primary (Completed N=234)
7,1,2,HistGradientBoosting,60,47,6,41,0.19463896669779024,0.6544715447154472,0.13118493223095998,0.6863095238095237,0.853658536585366,0.06577909218954126,0.49167055711173346,0.19918699186991873,-0.06540584004141872,47,6,0.19463896669779024,0.6863095238095237,0.49167055711173346,0.6544715447154472,0.853658536585366,0.19918699186991873,0.13118493223095998,0.06577909218954126,Primary (Completed N=234)
8,1,3,HistGradientBoosting,60,47,6,41,0.20011693287555357,0.5853658536585366,0.13542773062892127,0.6453703703703705,0.951219512195122,0.06548772319617788,0.44525343749481694,0.36585365853658547,-0.0699400074327434,46,5,0.20680698611733095,0.5944444444444444,0.3876374583271135,0.6487804878048781,0.9463414634146342,0.29756097560975614,0.11665990428228504,0.06637294616442026,Primary (Completed N=234)
9,1,4,HistGradientBoosting,60,46,6,40,0.4509088581669227,0.7458333333333333,0.1314810228364893,0.6643790849673202,0.9125,0.07495185192067677,0.2134702268003975,0.16666666666666663,-0.05652917091581253,45,5,0.46296296296296297,0.6185606060606061,0.15559764309764318,0.735,0.9,0.16500000000000004,0.11502175775704998,0.07138414517487796,Primary (Completed N=234)
10,2,0,HistGradientBoosting,60,47,7,40,0.4371177944862155,0.7642857142857143,0.12246284014782284,0.6645233851116203,0.9071428571428571,0.10173420335902182,0.22740559062540483,0.1428571428571428,-0.02072863678880102,47,7,0.4371177944862155,0.6645233851116203,0.22740559062540483,0.7642857142857143,0.9071428571428571,0.1428571428571428,0.12246284014782284,0.10173420335902182,Primary (Completed N=234)
11,2,1,HistGradientBoosting,60,47,6,41,0.3225274725274725,0.6544715447154472,0.1721898926870306,0.5026709401709402,0.8495934959349594,0.11890188512021146,0.18014346764346767,0.19512195121951215,-0.053288007566819146,45,4,0.37142857142857144,0.45535714285714285,0.08392857142857141,0.7073170731707317,0.8536585365853658,0.14634146341463417,0.13569647288594133,0.10069328904804371,Primary (Completed N=234)
12,2,2,HistGradientBoosting,60,47,6,41,0.16832084185025364,0.45934959349593496,0.14951184296686174,0.4397593445980542,0.5975609756097561,0.10857122252147282,0.27143850274780057,0.1382113821138211,-0.04094062044538892,47,6,0.16832084185025364,0.4397593445980542,0.27143850274780057,0.45934959349593496,0.5975609756097561,0.1382113821138211,0.14951184296686174,0.10857122252147282,Primary (Completed N=234)
13,2,3,HistGradientBoosting,60,47,6,41,0.15737321244287186,0.5528455284552846,0.1841438670870971,0.6037393162393162,0.8821138211382114,0.0898610509812026,0.44636610379644437,0.3292682926829268,-0.09428281610589449,45,4,0.13674100022784233,0.5666666666666667,0.42992566643882435,0.6036585365853658,0.853658536585366,0.2500000000000001,0.14829666604154637,0.08049911455142364,Primary (Completed N=234)
14,2,4,HistGradientBoosting,60,46,6,40,0.5844013247894017,0.6541666666666667,0.08534979129096935,0.8611111111111112,0.875,0.046853212523787,0.2767097863217095,0.22083333333333333,-0.038496578767182356,46,6,0.5844013247894017,0.8611111111111112,0.2767097863217095,0.6541666666666667,0.875,0.22083333333333333,0.08534979129096935,0.046853212523787,Primary (Completed N=234)
15,3,0,HistGradientBoosting,60,47,7,40,0.542983705109951,0.7035714285714287,0.09920396100450692,0.6215589793229546,0.7892857142857143,0.11298602052825366,0.07857527421300359,0.08571428571428552,0.01378205952374674,47,7,0.542983705109951,0.6215589793229546,0.07857527421300359,0.7035714285714287,0.7892857142857143,0.08571428571428552,0.09920396100450692,0.11298602052825366,Primary (Completed N=234)
16,3,1,HistGradientBoosting,60,47,6,41,0.4249144102085278,0.7317073170731707,0.13096403847830038,0.8144230769230769,0.9552845528455285,0.05706070081836279,0.3895086667145491,0.22357723577235777,-0.07390333765993759,46,5,0.4746031746031746,0.7976190476190477,0.3230158730158731,0.8146341463414635,0.9512195121951219,0.13658536585365844,0.1121510420505864,0.05069860029744746,Primary (Completed N=234)
17,3,2,HistGradientBoosting,60,47,6,41,0.3097100032583903,0.6747967479674797,0.13639569746162158,0.6457431457431457,0.8414634146341463,0.07367985975752774,0.3360331424847554,0.16666666666666663,-0.06271583770409385,46,5,0.28648809523809526,0.7203463203463203,0.433858225108225,0.6390243902439025,0.8878048780487805,0.24878048780487805,0.12036168271416252,0.05382964527563861,Primary (Completed N=234)
18,3,3,HistGradientBoosting,60,47,6,41,0.30494881527490225,0.7154471544715446,0.13802843913815202,0.5913655525444143,0.7560975609756098,0.09517672548396597,0.286416737269512,0.04065040650406515,-0.04285171365418605,46,5,0.2657538802660754,0.5391025641025642,0.2733486838364888,0.6829268292682927,0.7121951219512195,0.029268292682926744,0.12987309618094614,0.09722831078634651,Primary (Completed N=234)
19,3,4,HistGradientBoosting,60,46,6,40,0.2824665831244779,0.6958333333333333,0.13872685336224816,0.7631381381381381,0.8416666666666668,0.07652094145839115,0.4806715550136602,0.14583333333333348,-0.062205911903857006,45,5,0.2775239214369649,0.7005050505050505,0.4229811290680856,0.6950000000000001,0.81,0.11499999999999999,0.11983516635557812,0.07822053968133337,Primary (Completed N=234)
20,4,0,HistGradientBoosting,60,47,7,40,0.42069178768686155,0.7321428571428572,0.14260051212261898,0.6147435897435898,0.9249999999999999,0.0861040615249639,0.19405180205672823,0.19285714285714273,-0.05649645059765508,45,5,0.3978062678062678,0.5809523809523809,0.18314611314611307,0.685,0.9349999999999999,0.2499999999999999,0.10958359699824399,0.06773074859266814,Primary (Completed N=234)
21,4,1,HistGradientBoosting,60,47,6,41,0.3803418803418803,0.8252032520325203,0.12443481790428164,0.6937229437229436,0.8089430894308944,0.08355543439160029,0.3133810633810633,-0.016260162601625883,-0.04087938351268135,47,6,0.3803418803418803,0.6937229437229436,0.3133810633810633,0.8252032520325203,0.8089430894308944,-0.016260162601625883,0.12443481790428164,0.08355543439160029,Primary (Completed N=234)
22,4,2,HistGradientBoosting,60,47,6,41,0.1949849170437406,0.6747967479674797,0.18510453311391242,0.9242424242424242,0.9796747967479675,0.05411241009818205,0.7292575071986835,0.30487804878048785,-0.13099212301573038,47,6,0.1949849170437406,0.9242424242424242,0.7292575071986835,0.6747967479674797,0.9796747967479675,0.30487804878048785,0.18510453311391242,0.05411241009818205,Primary (Completed N=234)
23,4,3,HistGradientBoosting,60,47,6,41,0.2567622502498241,0.565040650406504,0.18468580202159482,0.4389645584767536,0.7764227642276423,0.13714693216737878,0.1822023082269295,0.21138211382113836,-0.04753886985421604,47,6,0.2567622502498241,0.4389645584767536,0.1822023082269295,0.565040650406504,0.7764227642276423,0.21138211382113836,0.18468580202159482,0.13714693216737878,Primary (Completed N=234)
24,4,4,HistGradientBoosting,60,46,6,40,0.1911815196297955,0.5916666666666667,0.1289227271976512,0.5423589173589173,0.6791666666666667,0.10589169164160116,0.3511773977291218,0.08750000000000002,-0.02303103555605003,44,4,0.19821428571428573,0.3290807664322095,0.13086648071792378,0.70625,0.5249999999999999,-0.18125000000000013,0.0893565568809125,0.0828119824479713,Primary (Completed N=234)
0,0,0,HistGradientBoosting,90,47,7,40,0.3214790739390282,0.6535714285714286,0.16538141741588283,0.5734741449027163,0.7964285714285714,0.11149156332601037,0.2519950709636881,0.1428571428571428,-0.05388985408987246,46,6,0.3301731893837157,0.555324074074074,0.22515088469035832,0.6708333333333334,0.775,0.10416666666666663,0.1474648642059601,0.098686552688113,Primary (Completed N=234)
1,0,1,HistGradientBoosting,90,47,6,41,0.46119528619528616,0.8048780487804877,0.1464598465245828,0.6627344877344877,0.9552845528455285,0.07325253661452959,0.20153920153920157,0.15040650406504075,-0.07320730991005321,44,3,0.46249999999999997,0.6388888888888888,0.17638888888888887,0.8292682926829268,0.975609756097561,0.14634146341463417,0.11206508674632976,0.05585927381418876,Primary (Completed N=234)
2,0,2,HistGradientBoosting,90,47,6,41,0.4246173216761452,0.7967479674796748,0.14166383683930475,0.6552226153619342,0.8821138211382114,0.07735229354232633,0.23060529368578897,0.08536585365853655,-0.06431154329697843,46,5,0.4549953314659197,0.538888888888889,0.08389355742296928,0.8341463414634146,0.8585365853658535,0.024390243902438935,0.12320016940129058,0.07900650000090689,Primary (Completed N=234)
3,0,3,HistGradientBoosting,90,47,6,41,0.3590258834939686,0.4674796747967479,0.1028542654649531,0.5844322344322344,0.8008130081300813,0.09751660543792036,0.22540635093826578,0.33333333333333337,-0.005337660027032745,46,5,0.4052991452991453,0.45475132275132274,0.04945217745217745,0.5609756097560976,0.7609756097560976,0.19999999999999996,0.08335137156807113,0.09143054492665445,Primary (Completed N=234)
4,0,4,HistGradientBoosting,90,46,6,40,0.3274120515499826,0.7583333333333333,0.12382648396503854,1.0,1.0,0.027160664695112403,0.6725879484500175,0.2416666666666667,-0.09666581926992614,45,5,0.35151515151515156,1.0,0.6484848484848484,0.825,1.0,0.17500000000000004,0.10454381319717565,0.02546586980956214,Primary (Completed N=234)
5,1,0,HistGradientBoosting,90,47,7,40,0.29249141662934763,0.6892857142857143,0.1489526938579792,0.5861203122738736,0.7285714285714285,0.0897478810948647,0.293628895644526,0.03928571428571426,-0.05920481276311451,44,4,0.2794035674470457,0.3388157894736842,0.059412222026638484,0.70625,0.5562499999999999,-0.15000000000000013,0.09156425863275813,0.07581291973709378,Primary (Completed N=234)
6,1,1,HistGradientBoosting,90,47,6,41,0.31524725274725274,0.7926829268292683,0.11711705542817656,0.6752645502645502,0.8699186991869919,0.07100452846777498,0.3600172975172975,0.07723577235772361,-0.04611252696040158,47,6,0.31524725274725274,0.6752645502645502,0.3600172975172975,0.7926829268292683,0.8699186991869919,0.07723577235772361,0.11711705542817656,0.07100452846777498,Primary (Completed N=234)
7,1,2,HistGradientBoosting,90,47,6,41,0.19463896669779024,0.6544715447154472,0.13118493223095998,0.6548141186299081,0.9146341463414633,0.08258958530157885,0.4601751519321179,0.2601626016260161,-0.048595346929381125,46,5,0.15981067865742787,0.5031746031746032,0.3433639245171753,0.624390243902439,0.897560975609756,0.273170731707317,0.11319383204061248,0.08438337474748371,Primary (Completed N=234)
8,1,3,HistGradientBoosting,90,47,6,41,0.20011693287555357,0.5853658536585366,0.13542773062892127,0.7668350168350169,0.9471544715447154,0.06294338721752184,0.5667180839594633,0.3617886178861789,-0.07248434341139944,45,4,0.216842065979997,0.5515873015873016,0.3347452356073046,0.7134146341463414,0.9207317073170732,0.20731707317073178,0.09714548419165286,0.05953931032408136,Primary (Completed N=234)
9,1,4,HistGradientBoosting,90,46,6,40,0.4509088581669227,0.7458333333333333,0.1314810228364893,0.6326391000304044,0.8208333333333333,0.07206072712524923,0.18173024186348163,0.07499999999999996,-0.059420295711240065,45,5,0.46296296296296297,0.5335497835497836,0.07058682058682059,0.735,0.7849999999999999,0.04999999999999993,0.11502175775704998,0.06833146497501932,Primary (Completed N=234)
10,2,0,HistGradientBoosting,90,47,7,40,0.4371177944862155,0.7642857142857143,0.12246284014782284,0.8559523809523808,0.9678571428571429,0.05851775751455621,0.4188345864661653,0.20357142857142851,-0.06394508263326663,46,6,0.45567632850241546,0.810515873015873,0.35483954451345756,0.7833333333333334,0.9625,0.17916666666666659,0.10507971670059416,0.05918806754791165,Primary (Completed N=234)
11,2,1,HistGradientBoosting,90,47,6,41,0.3225274725274725,0.6544715447154472,0.1721898926870306,0.5749389499389499,0.9268292682926829,0.09579852455009585,0.2524114774114774,0.27235772357723564,-0.07639136813693476,45,4,0.37142857142857144,0.5075757575757576,0.13614718614718613,0.7073170731707317,0.9268292682926829,0.2195121951219512,0.13569647288594133,0.08135244168953877,Primary (Completed N=234)
12,2,2,HistGradientBoosting,90,47,6,41,0.16832084185025364,0.45934959349593496,0.14951184296686174,0.4333435332517339,0.6991869918699187,0.10079407993675106,0.26502269140148027,0.23983739837398377,-0.048717763030110675,47,6,0.16832084185025364,0.4333435332517339,0.26502269140148027,0.45934959349593496,0.6991869918699187,0.23983739837398377,0.14951184296686174,0.10079407993675106,Primary (Completed N=234)
13,2,3,HistGradientBoosting,90,47,6,41,0.15737321244287186,0.5528455284552846,0.1841438670870971,0.6556547619047618,0.8821138211382114,0.09113299197619111,0.49828154946188996,0.3292682926829268,-0.09301087511090599,45,4,0.13674100022784233,0.5972222222222222,0.4604812219943799,0.6036585365853658,0.8902439024390243,0.28658536585365846,0.14829666604154637,0.07347345680385517,Primary (Completed N=234)
14,2,4,HistGradientBoosting,90,46,6,40,0.5844013247894017,0.6541666666666667,0.08534979129096935,0.5384920634920635,0.7916666666666667,0.09778578425279712,-0.04590926129733819,0.13750000000000007,0.012435992961827763,44,4,0.774390243902439,0.475,-0.29939024390243907,0.76875,0.71875,-0.050000000000000044,0.04394637463435252,0.08546817490799606,Primary (Completed N=234)
15,3,0,HistGradientBoosting,90,47,7,40,0.542983705109951,0.7035714285714287,0.09920396100450692,0.8555555555555554,0.9464285714285714,0.09793174125999023,0.3125718504456044,0.24285714285714266,-0.0012722197445166894,46,6,0.6063492063492063,0.8180827886710239,0.2117335823218176,0.8041666666666668,0.9375,0.1333333333333332,0.07962658922284303,0.10003268642483452,Primary (Completed N=234)
16,3,1,HistGradientBoosting,90,47,6,41,0.4249144102085278,0.7317073170731707,0.13096403847830038,0.6990740740740741,0.9308943089430894,0.07523515195852348,0.27415966386554624,0.19918699186991873,-0.05572888651977689,45,4,0.47495894909688013,0.5151785714285715,0.04021962233169135,0.7987804878048781,0.9024390243902439,0.10365853658536583,0.1070805033989452,0.07723351186734945,Primary (Completed N=234)
17,3,2,HistGradientBoosting,90,47,6,41,0.3097100032583903,0.6747967479674797,0.13639569746162158,0.675595238095238,0.9065040650406504,0.07307329449396627,0.3658852348368477,0.23170731707317072,-0.06332240296765532,46,5,0.28648809523809526,0.7357142857142858,0.4492261904761905,0.6390243902439025,0.9365853658536586,0.29756097560975614,0.12036168271416252,0.05359010242857331,Primary (Completed N=234)
18,3,3,HistGradientBoosting,90,47,6,41,0.30494881527490225,0.7154471544715446,0.13802843913815202,0.6834586466165413,0.7439024390243902,0.09410438280740574,0.37850983134163907,0.028455284552845628,-0.04392405633074628,45,4,0.22321428571428573,0.4671717171717171,0.2439574314574314,0.6341463414634146,0.6158536585365854,-0.018292682926829285,0.11595669619757978,0.09828350128450371,Primary (Completed N=234)
19,3,4,HistGradientBoosting,90,46,6,40,0.2824665831244779,0.6958333333333333,0.13872685336224816,0.8277777777777778,0.8333333333333334,0.060768888786305354,0.5453111946532999,0.13750000000000007,-0.07795796457594281,45,5,0.2775239214369649,0.8227272727272728,0.5452033512903078,0.6950000000000001,0.805,0.10999999999999999,0.11983516635557812,0.061557521369347216,Primary (Completed N=234)
20,4,0,HistGradientBoosting,90,47,7,40,0.42069178768686155,0.7321428571428572,0.14260051212261898,0.7053502053502052,0.9178571428571428,0.10715645111940528,0.28465841766334365,0.1857142857142856,-0.035444061003213706,45,5,0.3978062678062678,0.645909090909091,0.24810282310282317,0.685,0.915,0.22999999999999998,0.10958359699824399,0.09071083983573311,Primary (Completed N=234)
21,4,1,HistGradientBoosting,90,47,6,41,0.3803418803418803,0.8252032520325203,0.12443481790428164,0.715,0.8943089430894309,0.06491026499377286,0.33465811965811965,0.06910569105691056,-0.059524552910508774,46,5,0.3733333333333333,0.6138888888888889,0.24055555555555563,0.8292682926829269,0.8731707317073172,0.04390243902439028,0.10625314989066216,0.06632107803144925,Primary (Completed N=234)
22,4,2,HistGradientBoosting,90,47,6,41,0.1949849170437406,0.6747967479674797,0.18510453311391242,0.9333333333333333,0.983739837398374,0.03727860752660422,0.7383484162895928,0.3089430894308943,-0.1478259255873082,46,5,0.1728744939271255,0.911111111111111,0.7382366171839855,0.6731707317073171,0.9804878048780488,0.30731707317073165,0.16999793361207793,0.03807990888374815,Primary (Completed N=234)
23,4,3,HistGradientBoosting,90,47,6,41,0.2567622502498241,0.565040650406504,0.18468580202159482,0.7287037037037036,0.8373983739837398,0.09345361006937317,0.47194145345387956,0.27235772357723587,-0.09123219195222165,46,5,0.28202774377804973,0.7256410256410255,0.4436132818629758,0.6731707317073171,0.8146341463414634,0.14146341463414625,0.16696592172590657,0.09541897124887078,Primary (Completed N=234)
24,4,4,HistGradientBoosting,90,46,6,40,0.1911815196297955,0.5916666666666667,0.1289227271976512,0.6351294903926482,0.8166666666666667,0.0753225472781355,0.44394797076285275,0.22499999999999998,-0.053600179919515684,44,4,0.19821428571428573,0.38257918552036196,0.18436489980607623,0.70625,0.725,0.018749999999999933,0.0893565568809125,0.07818008852678285,Primary (Completed N=234)
0,0,0,Logistic Regression,90,132,15,117,0.6419152031791551,0.8239316239316239,0.1586625314622342,0.8233459548581499,0.9589743589743589,0.10003947749515017,0.1814307516789948,0.135042735042735,-0.05862305396708402,129,12,0.6672905424921555,0.7445076284988565,0.07721708600670107,0.8368945868945868,0.9487179487179487,0.11182336182336183,0.1571824393967953,0.1023419569460342,Secondary (Expanded N=656)
1,0,1,Logistic Regression,90,131,15,116,0.4267680307142774,0.7442528735632183,0.15593716362649765,0.9262278262278262,0.9816091954022987,0.08998837274678897,0.4994597955135488,0.2373563218390804,-0.06594879087970867,122,6,0.28074400322830206,0.6914835164835165,0.4107395132552144,0.6494252873563218,0.9540229885057471,0.3045977011494253,0.1499054816741207,0.09576642356199248,Secondary (Expanded N=656)
2,0,2,Logistic Regression,90,131,15,116,0.5575236369527738,0.7517241379310344,0.1737860715284197,0.6418989807810642,0.7701149425287357,0.09963309806433529,0.08437534382829037,0.01839080459770126,-0.07415297346408442,128,12,0.46535776679967156,0.6053681029823279,0.14001033618265635,0.6997126436781609,0.7959770114942529,0.09626436781609204,0.17574650430417615,0.09413066938056694,Secondary (Expanded N=656)
3,0,3,Logistic Regression,90,131,15,116,0.5788613177288086,0.8310344827586207,0.13268442269746816,0.6912666706502373,0.8712643678160921,0.08663867305853351,0.11240535292142873,0.04022988505747138,-0.04604574963893465,126,10,0.42675078217201623,0.4290653197960257,0.0023145376240094606,0.7793103448275862,0.806896551724138,0.02758620689655178,0.1334056928055985,0.09007671278811458,Secondary (Expanded N=656)
4,0,4,Logistic Regression,90,131,15,116,0.7266657310499675,0.8758620689655173,0.15897868758817504,0.8338156132018023,0.9494252873563219,0.0947563856250569,0.10714988215183485,0.0735632183908046,-0.06422230196311815,127,11,0.6801745952213242,0.7275010074712791,0.04732641224995493,0.8605015673981191,0.9310344827586208,0.07053291536050166,0.1601478821839957,0.09767882158227754,Secondary (Expanded N=656)
5,1,0,Logistic Regression,90,132,15,117,0.701314676083013,0.89002849002849,0.14510640406841074,0.8507525807525808,0.9561253561253561,0.058392028690076425,0.14943790466956774,0.06609686609686605,-0.08671437537833432,128,11,0.6319720403296156,0.7571553001365836,0.12518325980696798,0.8671328671328671,0.9401709401709402,0.07303807303807308,0.14545082009019072,0.06021596309135672,Secondary (Expanded N=656)
6,1,1,Logistic Regression,90,131,15,116,0.4489013241365295,0.7620689655172415,0.16530952711457159,0.6861697785433483,0.8793103448275863,0.08621505124873585,0.23726845440681876,0.11724137931034484,-0.07909447586583573,126,10,0.24318729259246502,0.3874972670427216,0.14430997445025656,0.6974137931034483,0.8189655172413794,0.12155172413793114,0.1670329138191608,0.08963611525765977,Secondary (Expanded N=656)
7,1,2,Logistic Regression,90,131,15,116,0.42115171502420634,0.7137931034482758,0.16023905520374737,0.795889925617256,0.8908045977011495,0.07506390251143878,0.3747382105930497,0.17701149425287366,-0.08517515269230859,126,10,0.49500700881940696,0.6287630438097728,0.1337560349903658,0.7103448275862069,0.8362068965517242,0.12586206896551733,0.15372320921202423,0.078042622497556,Secondary (Expanded N=656)
8,1,3,Logistic Regression,90,131,15,116,0.6668559391309815,0.8528735632183908,0.16535134225619863,0.8061657212519281,0.9344827586206896,0.07367956531681265,0.13930978212094658,0.08160919540229883,-0.09167177693938598,127,11,0.6559891953353423,0.6876030986557302,0.03161390332038794,0.865203761755486,0.9106583072100314,0.045454545454545414,0.16544363378108234,0.07599900178692909,Secondary (Expanded N=656)
9,1,4,Logistic Regression,90,131,15,116,0.699836803606496,0.8281609195402299,0.17474199983187988,0.9241009303040786,0.9844827586206897,0.0884219262989792,0.22426412669758256,0.15632183908045982,-0.08632007353290068,125,9,0.7170157884443598,0.8402102870133563,0.12319449856899656,0.8496168582375478,0.975095785440613,0.1254789272030652,0.175412055447691,0.09259270721847973,Secondary (Expanded N=656)
10,2,0,Logistic Regression,90,132,15,117,0.4496012959310879,0.7304843304843305,0.16668145540515686,0.6856132238809584,0.868945868945869,0.10075813571711124,0.23601192794987047,0.13846153846153852,-0.06592331968804561,128,11,0.33042219909478027,0.5073299862773547,0.17690778718257444,0.6822066822066821,0.8212898212898213,0.13908313908313918,0.1673096333879731,0.10363593486363348,Secondary (Expanded N=656)
11,2,1,Logistic Regression,90,131,15,116,0.5960355940698276,0.8689655172413794,0.1568847884018898,0.8772727272727272,0.9672413793103448,0.053847181857600554,0.28123713320289956,0.09827586206896544,-0.10303760654428924,124,8,0.5484312577490013,0.6542937098810901,0.10586245213208889,0.8642241379310344,0.9385775862068966,0.07435344827586221,0.1555148155335155,0.05688694108709824,Secondary (Expanded N=656)
12,2,2,Logistic Regression,90,131,15,116,0.5618676037297858,0.8586206896551724,0.1612436979766608,0.6349294561690844,0.7557471264367817,0.10876997993225308,0.07306185243929852,-0.1028735632183907,-0.052473718044407716,125,9,0.4728188008907742,0.49786401974805183,0.025045218857277618,0.8879310344827586,0.8065134099616857,-0.08141762452107282,0.15908368478681337,0.09806202120753446,Secondary (Expanded N=656)
13,2,3,Logistic Regression,90,131,15,116,0.7028230339975673,0.8471264367816091,0.14661942585648088,0.7550606563978657,0.8540229885057472,0.07436277893647229,0.05223762240029839,0.006896551724138056,-0.07225664692000859,130,14,0.741718893765932,0.7385241998846321,-0.0031946938812998926,0.8848522167487685,0.8442118226600985,-0.04064039408866993,0.14405058857292596,0.07492423612383031,Secondary (Expanded N=656)
14,2,4,Logistic Regression,90,131,15,116,0.5929562139248785,0.6890804597701149,0.17255658588929612,0.7664960373504198,0.8706896551724137,0.08460470948086436,0.1735398234255413,0.1816091954022988,-0.08795187640843176,125,9,0.4615024190676616,0.54961564685242,0.08811322778475844,0.560344827586207,0.7844827586206896,0.22413793103448265,0.17538392058040608,0.08866573551030578,Secondary (Expanded N=656)
15,3,0,Logistic Regression,90,132,15,117,0.6389952212996278,0.8296296296296296,0.1588607360033912,0.7942504461828532,0.9122507122507122,0.07428941813017625,0.1552552248832254,0.08262108262108259,-0.08457131787321495,126,9,0.5821167677892825,0.6296789254106328,0.0475621576213503,0.8072174738841406,0.855650522317189,0.04843304843304841,0.15916791728650465,0.07727442488422491,Secondary (Expanded N=656)
16,3,1,Logistic Regression,90,131,15,116,0.5460590446517052,0.7844827586206897,0.1729372085174059,0.6111813376777256,0.9160919540229885,0.09141629945480201,0.06512229302602046,0.13160919540229876,-0.0815209090626039,129,13,0.5174065325552424,0.5015290976431495,-0.015877434912092925,0.7785145888594165,0.903183023872679,0.12466843501326252,0.17301289631063355,0.09283294262541632,Secondary (Expanded N=656)
17,3,2,Logistic Regression,90,131,15,116,0.4978040756340324,0.7879310344827586,0.14656038516655417,0.7774978079642848,0.8551724137931035,0.07406662959621943,0.2796937323302524,0.0672413793103449,-0.07249375557033474,126,10,0.3743901485902449,0.6224912776688116,0.24810112907856674,0.7508620689655172,0.7827586206896551,0.031896551724137856,0.1460519803366645,0.0770057815607801,Secondary (Expanded N=656)
18,3,3,Logistic Regression,90,131,15,116,0.485692663107557,0.6988505747126437,0.1636433737666149,0.8243393884698231,0.9511494252873565,0.07362400055518449,0.33864672536226614,0.2522988505747128,-0.0900193732114304,127,11,0.507558334406831,0.7103865831138558,0.20282824870702487,0.7210031347962382,0.9341692789968653,0.21316614420062707,0.15986583164562293,0.07594249787331726,Secondary (Expanded N=656)
19,3,4,Logistic Regression,90,131,15,116,0.5873269758954934,0.8120689655172414,0.16073039213137758,0.9024603174603174,0.9545977011494252,0.10549705292640792,0.315133341564824,0.14252873563218382,-0.05523333920496966,124,8,0.45301477072310403,0.7787774725274725,0.3257627018043685,0.71875,0.9148706896551724,0.19612068965517238,0.16251517483931097,0.11130039362091936,Secondary (Expanded N=656)
20,4,0,Logistic Regression,90,132,15,117,0.4980862319545928,0.7874643874643875,0.15670973687431422,0.7752502440413361,0.8980056980056981,0.06463362392261256,0.27716401208674335,0.11054131054131056,-0.09207611295170166,129,12,0.4797424795434121,0.6836417772072458,0.20389929766383375,0.7991452991452992,0.8725071225071224,0.07336182336182318,0.15453193525834114,0.06613672851470524,Secondary (Expanded N=656)
21,4,1,Logistic Regression,90,131,15,116,0.6159272452461306,0.8626436781609196,0.15409165158631616,0.812989838016349,0.9120689655172414,0.09653274651921566,0.19706259277021843,0.04942528735632179,-0.0575589050671005,125,9,0.4452662146696037,0.6123399897593447,0.16707377508974097,0.8103448275862069,0.853448275862069,0.0431034482758621,0.15559427821692576,0.10106260720308873,Secondary (Expanded N=656)
22,4,2,Logistic Regression,90,131,15,116,0.6572944240306006,0.8235632183908047,0.15800280027296662,0.9233927500374868,0.9839080459770114,0.06527262846237739,0.2660983260068862,0.16034482758620672,-0.09273017181058923,125,9,0.746982646982647,0.8383190883190885,0.09133644133644148,0.8726053639846744,0.9741379310344828,0.1015325670498084,0.15445826317890418,0.06833551295658395,Secondary (Expanded N=656)
23,4,3,Logistic Regression,90,131,15,116,0.5919754110678768,0.8281609195402299,0.16140832533974797,0.8216829836829836,0.9459770114942528,0.10124822385233641,0.22970757261510688,0.11781609195402298,-0.06016010148741156,126,10,0.5071827956989247,0.6633572567783094,0.1561744610793847,0.810344827586207,0.9189655172413793,0.10862068965517235,0.161050497024546,0.10521840722048033,Secondary (Expanded N=656)
24,4,4,Logistic Regression,90,131,15,116,0.5445317221246014,0.7172413793103448,0.17233534319015018,0.6900075509268622,0.8833333333333333,0.09047607718255388,0.14547582880226073,0.16609195402298849,-0.0818592660075963,127,11,0.5054550293875547,0.5038024622071814,-0.001652567180373321,0.6982758620689655,0.8416927899686519,0.1434169278996864,0.17167435519366253,0.09331949096466635,Secondary (Expanded N=656)
0,0,0,Random Forest,90,132,15,117,0.5511099491196721,0.8592592592592593,0.1284416749367805,0.7799445326848877,0.9344729344729344,0.06957284070233333,0.22883458356521558,0.07521367521367517,-0.058868834234447165,129,12,0.49282734093105607,0.6696560882058399,0.17682874727478382,0.8603988603988604,0.9180911680911681,0.05769230769230771,0.12545798318158918,0.07078888749047042,Secondary (Expanded N=656)
1,0,1,Random Forest,90,131,15,116,0.4317897282726475,0.7551724137931034,0.12558100116786336,0.8823265623265624,0.9781609195402299,0.0778697961232137,0.45053683405391487,0.22298850574712648,-0.047711205044649665,122,6,0.2744432921383919,0.6006105006105006,0.32616720847210867,0.7112068965517241,0.9525862068965517,0.24137931034482762,0.11004718035727856,0.07997396230820249,Secondary (Expanded N=656)
2,0,2,Random Forest,90,131,15,116,0.5152875415055881,0.7563218390804598,0.13065984021842525,0.7455590830634997,0.9235632183908046,0.06892772535065705,0.23027154155791163,0.16724137931034477,-0.061732114867768195,128,12,0.4367196544203934,0.6246808338720103,0.18796117945161694,0.7162356321839081,0.9044540229885057,0.18821839080459768,0.1290040454120837,0.0700411664686276,Secondary (Expanded N=656)
3,0,3,Random Forest,90,131,15,116,0.5774396338482902,0.7712643678160919,0.1299780290774321,0.7006216298914066,0.8925287356321839,0.07133774287267883,0.12318199604311642,0.12126436781609207,-0.058640286204753284,126,10,0.4498524444532287,0.45418520718232813,0.0043327627290994375,0.7086206896551723,0.8387931034482758,0.13017241379310351,0.12770389302216106,0.07371564039431702,Secondary (Expanded N=656)
4,0,4,Random Forest,90,131,15,116,0.7629134571740205,0.906896551724138,0.1268840922774689,0.7962880755082038,0.9419540229885058,0.07010842851431619,0.033374618334183315,0.03505747126436787,-0.056775663763152726,127,11,0.6819386972059639,0.6627159877159877,-0.019222709489976175,0.877742946708464,0.920846394984326,0.04310344827586199,0.12539021227797395,0.07181905416643382,Secondary (Expanded N=656)
5,1,0,Random Forest,90,132,15,117,0.43222197768815196,0.7373219373219373,0.13376614719741164,0.6524211695109527,0.9014245014245014,0.07384740617314862,0.2201991918228008,0.16410256410256407,-0.05991874102426302,128,11,0.3353625432904841,0.38567796812751376,0.050315424837029665,0.7474747474747475,0.8655788655788654,0.11810411810411792,0.12800629986559917,0.07504143554059015,Secondary (Expanded N=656)
6,1,1,Random Forest,90,131,15,116,0.3607686825595696,0.7798850574712644,0.14037876453143075,0.7333432753108209,0.9074712643678161,0.07986439500216505,0.37257459275125127,0.12758620689655176,-0.0605143695292657,126,10,0.15998192215121565,0.4879894974907225,0.32800757533950686,0.7370689655172413,0.8612068965517241,0.12413793103448278,0.13632755641425368,0.08273286261983942,Secondary (Expanded N=656)
7,1,2,Random Forest,90,131,15,116,0.4020555924888196,0.7758620689655172,0.1314945619438225,0.8248167556939486,0.964367816091954,0.06613772314035488,0.422761163205129,0.18850574712643675,-0.06535683880346763,126,10,0.38635309135309137,0.6388265002970884,0.25247340894399706,0.75,0.9465517241379311,0.1965517241379311,0.12326973860991747,0.06764387734442923,Secondary (Expanded N=656)
8,1,3,Random Forest,90,131,15,116,0.5998261173365392,0.8724137931034482,0.13327180697830282,0.6215915443653101,0.896551724137931,0.08485029460410815,0.021765427028770823,0.024137931034482807,-0.048421512374194675,127,11,0.5326723906282559,0.33602401818000677,-0.19664837244824912,0.872257053291536,0.8589341692789969,-0.013322884012539116,0.13015882828620826,0.08699701253455897,Secondary (Expanded N=656)
9,1,4,Random Forest,90,131,15,116,0.6153920770587437,0.8057471264367816,0.13682374350704868,0.8978080373732547,0.9701149425287356,0.0729074133571787,0.282415960314511,0.16436781609195406,-0.06391633014986998,125,9,0.5992321992321992,0.767589322363406,0.16835712313120688,0.8438697318007662,0.9501915708812261,0.10632183908045989,0.13008266707617275,0.07493226079053854,Secondary (Expanded N=656)
10,2,0,Random Forest,90,132,15,117,0.4034912272492824,0.7635327635327634,0.13127900617311924,0.6762418001689844,0.8746438746438746,0.07489265066965356,0.272750572919702,0.11111111111111116,-0.056386355503465685,128,11,0.31305282407040635,0.47726628961101014,0.1642134655406038,0.7311577311577312,0.8290598290598291,0.09790209790209792,0.12738508533944576,0.07658466204734007,Secondary (Expanded N=656)
11,2,1,Random Forest,90,131,15,116,0.6553540467216138,0.8660919540229884,0.12206522767453498,0.8269098792425363,0.9517241379310345,0.06505421507296086,0.17155583252092255,0.08563218390804606,-0.057011012601574124,124,8,0.5961349924585219,0.5091244961934617,-0.08701049626506019,0.84375,0.9105603448275862,0.06681034482758619,0.11527478769366689,0.06721382975250452,Secondary (Expanded N=656)
12,2,2,Random Forest,90,131,15,116,0.4806638838643204,0.8465517241379309,0.12627128817925695,0.8199677938808373,0.9293103448275861,0.06852498922983685,0.3393039100165169,0.08275862068965523,-0.0577462989494201,125,9,0.30641813165202636,0.6384514732774302,0.3320333416254039,0.8113026819923371,0.882183908045977,0.07088122605363989,0.1209745290672689,0.07070289548679146,Secondary (Expanded N=656)
13,2,3,Random Forest,90,131,15,116,0.6303585685090827,0.8396551724137931,0.12264458656514964,0.6766284387588735,0.9224137931034484,0.07789264771459216,0.04626987024979079,0.08275862068965534,-0.04475193885055748,130,14,0.6656650282570662,0.6475999844551177,-0.01806504380194851,0.8866995073891626,0.9174876847290641,0.030788177339901468,0.11852372002106047,0.07791757867952298,Secondary (Expanded N=656)
14,2,4,Random Forest,90,131,15,116,0.5114629347068499,0.7356321839080461,0.1336716302730552,0.8102745406102938,0.960344827586207,0.06894792302640303,0.2988116059034439,0.2247126436781609,-0.06472370724665218,125,9,0.3005294720271433,0.4853167229978824,0.18478725097073911,0.6436781609195402,0.9339080459770115,0.29022988505747127,0.1292780424475834,0.07151053518668528,Secondary (Expanded N=656)
15,3,0,Random Forest,90,132,15,117,0.6003524717053256,0.8034188034188035,0.12124317967262521,0.8229080179080178,0.9071225071225071,0.0645985144782295,0.22255554620269224,0.10370370370370363,-0.05664466519439572,126,9,0.5434651391968465,0.6195715660001375,0.07610642680329105,0.8072174738841406,0.845204178537512,0.037986704653371395,0.114133457829719,0.06616100337335885,Secondary (Expanded N=656)
16,3,1,Random Forest,90,131,15,116,0.421649374869724,0.756896551724138,0.14417737726233162,0.5189806965135151,0.8913793103448276,0.09137854737447085,0.0973313216437911,0.1344827586206897,-0.052798829887860776,129,13,0.3667747933857144,0.3615190361937124,-0.005255757192001997,0.7287798408488064,0.8746684350132626,0.1458885941644562,0.14351418800155508,0.0925388204617372,Secondary (Expanded N=656)
17,3,2,Random Forest,90,131,15,116,0.7351293679865107,0.9327586206896551,0.1219426058046297,0.7346653953774697,0.9419540229885058,0.06990593497334961,-0.0004639726090410745,0.009195402298850741,-0.052036670831280094,126,10,0.6699294438424873,0.4709513067577583,-0.198978137084729,0.9258620689655173,0.9137931034482759,-0.012068965517241348,0.1190796852910718,0.07176229135101479,Secondary (Expanded N=656)
18,3,3,Random Forest,90,131,15,116,0.4417000438141087,0.6965517241379311,0.12615228137924153,0.773879613498516,0.9316091954022989,0.07643882145587506,0.33217956968440726,0.23505747126436782,-0.04971345992336647,127,11,0.44914533270636303,0.623309194361826,0.17416386165546294,0.7523510971786834,0.9075235109717869,0.15517241379310343,0.11622132758530912,0.07743087628444394,Secondary (Expanded N=656)
19,3,4,Random Forest,90,131,15,116,0.5837254969589989,0.8373563218390805,0.13115240487867305,0.7801815025040238,0.9109195402298851,0.08014202120195961,0.19645600554502496,0.0735632183908046,-0.05101038367671344,124,8,0.4074606441003033,0.4212315989214723,0.013770954821169024,0.7489224137931034,0.834051724137931,0.08512931034482762,0.12772949167354372,0.08384108358061947,Secondary (Expanded N=656)
20,4,0,Random Forest,90,132,15,117,0.6000154752870244,0.8307692307692308,0.12146677415439028,0.7661154246549784,0.9424501424501424,0.06442864650379647,0.16609994936795403,0.11168091168091154,-0.05703812765059381,129,12,0.5785931522394656,0.6443857068857068,0.06579255464624123,0.8233618233618234,0.9280626780626781,0.10470085470085466,0.11839094911716627,0.06555110626821582,Secondary (Expanded N=656)
21,4,1,Random Forest,90,131,15,116,0.6043193113022335,0.8517241379310345,0.12565520977144334,0.7841179276079665,0.9241379310344828,0.06693062653819802,0.17979861630573302,0.07241379310344831,-0.05872458323324532,125,9,0.4119399793309779,0.5186651175621764,0.10672513823119845,0.7787356321839081,0.8735632183908046,0.09482758620689657,0.12289152784068282,0.06918880625629194,Secondary (Expanded N=656)
22,4,2,Random Forest,90,131,15,116,0.5419869645040715,0.7982758620689655,0.1305120373289288,0.755515873015873,0.9270114942528735,0.07747276492423735,0.2135289085118015,0.12873563218390804,-0.053039272404691445,125,9,0.5022229463089678,0.4871516754850088,-0.015071270823958982,0.8409961685823755,0.8802681992337165,0.039272030651340994,0.12124888148244413,0.07974822984165134,Secondary (Expanded N=656)
23,4,3,Random Forest,90,131,15,116,0.4921350187052792,0.8390804597701149,0.13551019009004864,0.822237467554805,0.960344827586207,0.07182208190127816,0.3301024488495258,0.12126436781609207,-0.06368810818877048,126,10,0.4034296043067094,0.6470588235294117,0.2436292192227023,0.8491379310344829,0.9405172413793104,0.09137931034482749,0.12990985200939026,0.07378635582711207,Secondary (Expanded N=656)
24,4,4,Random Forest,90,131,15,116,0.4897790748428248,0.710919540229885,0.14057586984363757,0.6970980925392689,0.9224137931034484,0.07723829656071228,0.20731901769644412,0.21149425287356338,-0.06333757328292529,127,11,0.39540418317901704,0.4603117123849716,0.06490752920595455,0.6622257053291536,0.8949843260188088,0.23275862068965525,0.13689567789710433,0.07882379328441325,Secondary (Expanded N=656)
0,0,0,HistGradientBoosting,90,132,15,117,0.7254425204425203,0.9207977207977207,0.060298764451707,0.85239811414842,0.9612535612535612,0.04055934459599428,0.1269555937058997,0.0404558404558405,-0.019739419855712724,129,12,0.7379388321437593,0.7905031676413256,0.05256433549756623,0.9309116809116809,0.9515669515669516,0.02065527065527073,0.04877432595117167,0.041502585032963335,Secondary (Expanded N=656)
1,0,1,HistGradientBoosting,90,131,15,116,0.5198901033013957,0.7586206896551724,0.08432991094694282,0.9815204678362572,0.9971264367816093,0.012205226904293869,0.4616303645348615,0.2385057471264369,-0.07212468404264896,122,6,0.49035683173245537,0.9055555555555554,0.4151987238231001,0.75,0.992816091954023,0.24281609195402298,0.04767039769786579,0.011236680621560101,Secondary (Expanded N=656)
2,0,2,HistGradientBoosting,90,131,15,116,0.6772630019293305,0.8545977011494253,0.0697442365082927,0.7875696457326892,0.9045977011494253,0.04713661539482325,0.11030664380335864,0.04999999999999993,-0.02260762111346945,128,12,0.6165396333881874,0.7037285962726167,0.08718896288442934,0.8290229885057472,0.8807471264367815,0.051724137931034364,0.06492456224646306,0.04824137164502629,Secondary (Expanded N=656)
3,0,3,HistGradientBoosting,90,131,15,116,0.5035549205196038,0.7074712643678162,0.08863885361716083,0.7639408793820558,0.9155172413793103,0.061497511093186616,0.26038595886245197,0.2080459770114942,-0.02714134252397421,126,10,0.3368953942030067,0.546315741460932,0.2094203472579253,0.6060344827586207,0.8732758620689656,0.26724137931034486,0.07733379793441832,0.06393788756502952,Secondary (Expanded N=656)
4,0,4,HistGradientBoosting,90,131,15,116,0.5707277084069229,0.7994252873563219,0.07867300361184712,0.8858062330623306,0.9402298850574713,0.028000261696344605,0.31507852465540775,0.1408045977011494,-0.050672741915502514,127,11,0.48307804952249556,0.8289362152998518,0.3458581657773563,0.7468652037617556,0.9184952978056427,0.17163009404388707,0.0680570464828091,0.028882157134454044,Secondary (Expanded N=656)
5,1,0,HistGradientBoosting,90,132,15,117,0.4483891851360979,0.7213675213675214,0.09404906619713957,0.7317925086444265,0.8917378917378918,0.057869216696306305,0.2834033235083286,0.1703703703703704,-0.036179849500833264,128,11,0.3451969152966889,0.5677110867186128,0.22251417142192392,0.6954156954156955,0.8523698523698524,0.15695415695415693,0.08157026893748001,0.05967757099081956,Secondary (Expanded N=656)
6,1,1,HistGradientBoosting,90,131,15,116,0.4604128242955044,0.774712643678161,0.11793746542202826,0.7078212145032508,0.8977011494252873,0.07129352745320093,0.24740839020774635,0.12298850574712639,-0.046643937968827334,126,10,0.2568566683254909,0.4262268679829655,0.16937019965747457,0.7327586206896552,0.846551724137931,0.11379310344827576,0.10743966403553029,0.07412259386012215,Secondary (Expanded N=656)
7,1,2,HistGradientBoosting,90,131,15,116,0.4632440331542256,0.7304597701149426,0.08866584316982602,0.8512278419255163,0.9551724137931035,0.03708689785942265,0.3879838087712907,0.2247126436781609,-0.05157894531040337,126,10,0.42923622800219474,0.7307084556310561,0.3014722276288614,0.7362068965517241,0.9327586206896551,0.19655172413793098,0.06890875757868613,0.03855852446175776,Secondary (Expanded N=656)
8,1,3,HistGradientBoosting,90,131,15,116,0.6685725469627268,0.8649425287356323,0.07192846635586164,0.921990231990232,0.939080459770115,0.023810353349359405,0.25341768502750517,0.07413793103448274,-0.04811811300650223,127,11,0.6342995309869458,0.8791204482475601,0.24482091726061428,0.8510971786833856,0.9169278996865203,0.0658307210031347,0.06042141296067741,0.02456028547469905,Secondary (Expanded N=656)
9,1,4,HistGradientBoosting,90,131,15,116,0.7821561808776433,0.8632183908045977,0.05935967408303423,0.9833333333333333,0.9971264367816092,0.009306594172401463,0.20117715245569,0.13390804597701145,-0.05005307991063277,125,9,0.8904761904761906,0.9603174603174605,0.06984126984126982,0.9664750957854407,0.9952107279693486,0.028735632183907955,0.038592105143669814,0.009753191684930386,Secondary (Expanded N=656)
10,2,0,HistGradientBoosting,90,132,15,117,0.5675689021428526,0.8427350427350427,0.09393973537809548,0.8400478941046892,0.9264957264957265,0.03720568995391513,0.27247899196183656,0.0837606837606838,-0.056734045424180354,128,11,0.4813777936168828,0.7517458538271935,0.2703680602103107,0.818958818958819,0.8997668997668998,0.08080808080808088,0.08245397702600252,0.038366978600573524,Secondary (Expanded N=656)
11,2,1,HistGradientBoosting,90,131,15,116,0.5971564092635809,0.8068965517241379,0.07863557568952972,0.8961342384612824,0.9678160919540231,0.03567993955407101,0.29897782919770144,0.1609195402298852,-0.04295563613545871,124,8,0.5669386534518113,0.7235248447204969,0.15658619126868567,0.8221982758620688,0.9396551724137931,0.11745689655172431,0.05665351909937074,0.037693134207864784,Secondary (Expanded N=656)
12,2,2,HistGradientBoosting,90,131,15,116,0.5323493499487981,0.8178160919540229,0.0833444624169791,0.8642305037957212,0.9379310344827586,0.03646524794431433,0.33188115384692307,0.12011494252873567,-0.04687921447266477,125,9,0.36631124650926633,0.7027406943865016,0.3364294478772352,0.764367816091954,0.8965517241379309,0.1321839080459769,0.0656698861203804,0.038215578439456444,Secondary (Expanded N=656)
13,2,3,HistGradientBoosting,90,131,15,116,0.6473736622408436,0.8057471264367818,0.07457429450960384,0.8027511206657184,0.9149425287356322,0.038539515408589776,0.15537745842487483,0.10919540229885039,-0.03603477910101407,130,14,0.6849740851197978,0.8141640019589202,0.1291899168391224,0.8589901477832512,0.9137931034482758,0.05480295566502458,0.06745868247399185,0.031630506800421856,Secondary (Expanded N=656)
14,2,4,HistGradientBoosting,90,131,15,116,0.6829732754345756,0.8,0.06697169059169852,0.8801646458623202,0.964367816091954,0.030983761482863754,0.1971913704277446,0.16436781609195394,-0.03598792910883477,125,9,0.5955442631340717,0.7506601839935174,0.1551159208594457,0.7097701149425287,0.9406130268199233,0.23084291187739459,0.05481659925292887,0.032470976798247626,Secondary (Expanded N=656)
15,3,0,HistGradientBoosting,90,132,15,117,0.5863670180312279,0.7299145299145299,0.08578345925751119,0.8243253968253968,0.8769230769230769,0.037904015841922066,0.23795837879416892,0.14700854700854704,-0.04787944341558912,126,9,0.5532407068701934,0.6617283950617285,0.10848768819153509,0.7578347578347578,0.7948717948717949,0.03703703703703709,0.06620149523064596,0.03970614719298015,Secondary (Expanded N=656)
16,3,1,HistGradientBoosting,90,131,15,116,0.6297522575582244,0.8201149425287356,0.07673818374016224,0.7636612661208295,0.9367816091954023,0.061471854980010905,0.13390900856260513,0.1166666666666667,-0.015266328760151333,129,13,0.5664229745849328,0.705032240149297,0.13860926556436415,0.7937665782493369,0.927055702917772,0.133289124668435,0.07708026450593951,0.06242490627394334,Secondary (Expanded N=656)
17,3,2,HistGradientBoosting,90,131,15,116,0.5995292740892659,0.8683908045977011,0.07143194828157584,0.7673997589708925,0.9304597701149426,0.047195123070462384,0.1678704848816266,0.0620689655172415,-0.024236825211113457,126,10,0.4793847586881642,0.5802554717676669,0.10087071307950268,0.8318965517241379,0.8956896551724138,0.06379310344827593,0.055597903334447425,0.049067940430331476,Secondary (Expanded N=656)
18,3,3,HistGradientBoosting,90,131,15,116,0.5137954892419583,0.7770114942528735,0.09462943253930485,0.8244762647903564,0.9413793103448276,0.04554694251781917,0.3106807755483981,0.16436781609195406,-0.04908249002148568,127,11,0.5273543100065567,0.6948447704831769,0.1674904604766202,0.7978056426332287,0.920846394984326,0.12304075235109724,0.07433689824222132,0.046981188540655,Secondary (Expanded N=656)
19,3,4,HistGradientBoosting,90,131,15,116,0.6162199237812721,0.8011494252873563,0.07448205260656308,0.8914442867074446,0.946551724137931,0.029118418982185063,0.27522436292617247,0.14540229885057465,-0.04536363362437802,124,8,0.5525245995834231,0.7247564935064935,0.17223189392307037,0.7866379310344828,0.9008620689655172,0.11422413793103448,0.0540527143771243,0.030760876064616652,Secondary (Expanded N=656)
20,4,0,HistGradientBoosting,90,132,15,117,0.5764523725704096,0.8632478632478633,0.08288061396234281,0.79838979799554,0.9213675213675214,0.04052312954500191,0.2219374254251304,0.058119658119658135,-0.0423574844173409,129,12,0.508137973137973,0.724265999594947,0.21612802645697393,0.8511396011396012,0.9017094017094017,0.05056980056980054,0.07675049460918873,0.04146552738938249,Secondary (Expanded N=656)
21,4,1,HistGradientBoosting,90,131,15,116,0.6216556776556775,0.8724137931034484,0.07373800325259128,0.8413775766716943,0.9339080459770115,0.03997759135585802,0.2197218990160168,0.06149425287356314,-0.033760411896733254,125,9,0.4746017479068326,0.6710183268154282,0.19641657890859554,0.8352490421455938,0.8898467432950191,0.054597701149425304,0.057704368531594954,0.041896482717171876,Secondary (Expanded N=656)
22,4,2,HistGradientBoosting,90,131,15,116,0.648382261068666,0.7971264367816091,0.06525544863506381,0.8894841269841269,0.9511494252873565,0.03525926670213939,0.2411018659154609,0.15402298850574736,-0.029996181932924422,125,9,0.7059333517063984,0.7831523252575885,0.07721897355119012,0.8266283524904214,0.9185823754789273,0.09195402298850586,0.03891401114503861,0.036943460186484395,Secondary (Expanded N=656)
23,4,3,HistGradientBoosting,90,131,15,116,0.5131740046811164,0.771264367816092,0.09488598182961457,0.866113932400321,0.9660919540229885,0.03534512022597656,0.35293992771920457,0.19482758620689655,-0.05954086160363801,126,10,0.47487738645260646,0.7490124254830137,0.27413503903040726,0.8198275862068966,0.9491379310344827,0.1293103448275862,0.07526572956591379,0.03674764090423789,Secondary (Expanded N=656)
24,4,4,HistGradientBoosting,90,131,15,116,0.6147136167636951,0.7632183908045976,0.06407871804748622,0.813321969493707,0.9201149425287356,0.05093436656014504,0.19860835273001198,0.15689655172413797,-0.013144351487341173,127,11,0.5458977254550954,0.6855671502410633,0.1396694247859679,0.6959247648902821,0.8910658307210031,0.195141065830721,0.0542039317403955,0.052538503948490294,Secondary (Expanded N=656)
